id,timestamp,ticker,reason,prev_qty,new_qty,class,evidence,cancel_order_uuid_if_found,buy_order_uuid,buy_order_is_bot,match_type,reset_logged,next_sell_id,harm_judgement
18,2026-05-26T16:17:56.587123+09:00,KRW-KAITO,HTS_BUY,0.0,125.25019762,GENUINE,bid/limit/done created 2026-05-26T16:17:36+09:00 vol=125.25019762 exec=125.25019762 EXT 3ee60a8e,,3ee60a8e-609d-4cad-a60a-f3b132c93b0d,False,exact,n/a(HTS_BUY는 trailing 리셋 분기 없음),,
29,2026-05-28T09:05:32.512099+09:00,KRW-CPOOL,HTS_BUY,0.0,215.98272138,GENUINE,bid/limit/done created 2026-05-28T09:03:51+09:00 vol=215.98272138 exec=215.98272138 EXT 522ba5a2,,522ba5a2-eeaa-4280-bba6-3361ba1f4e85,False,exact,n/a(HTS_BUY는 trailing 리셋 분기 없음),,
32,2026-05-28T15:13:21.601947+09:00,KRW-SEI,HTS_BUY,0.0,100.60362173,GENUINE,bid/limit/done created 2026-05-28T15:13:18+09:00 vol=100.60362173 exec=100.60362173 EXT 7416d8fb,,7416d8fb-193a-4f5b-83fb-117f5d16c6a4,False,exact,n/a(HTS_BUY는 trailing 리셋 분기 없음),66,
38,2026-05-29T07:47:05.787251+09:00,KRW-CPOOL,HTS_BUY,0.0,216.91973969,GENUINE,bid/limit/done created 2026-05-29T07:46:46+09:00 vol=216.91973969 exec=216.91973969 EXT 94f63bda,,94f63bda-87e3-4053-8943-3390247de2ed,False,exact,n/a(HTS_BUY는 trailing 리셋 분기 없음),,
39,2026-05-29T08:23:34.336642+09:00,KRW-CPOOL,HTS_BUY_ADD,216.91973969,434.31104403,GENUINE,bid/limit/done created 2026-05-29T07:46:42+09:00 vol=217.39130434 exec=217.39130434 EXT 6030411a,,6030411a-acf0-42bc-9173-d27b351151bf,False,exact,journal 보존기간 밖(확인 불가),,
41,2026-05-29T08:38:45.683897+09:00,KRW-CPOOL,HTS_BUY_ADD,434.31104403,1089.33495986,GENUINE,bid/limit/done created 2026-05-29T07:46:50+09:00 vol=218.81838074 exec=218.81838074 EXT 7a8e626e; bid/limit/done created 2026-05-29T07:46:36+09:00 vol=218.34061135 exec=218.34061135 EXT ff933295; bid/limit/done created 2026-05-29T07:46:28+09:00 vol=217.86492374 exec=217.86492374 EXT 090bfc17,,7a8e626e-78c6-4897-ae5e-abb969d4c437;ff933295-5203-4921-b04e-7e831da79fe8;090bfc17-0c56-492f-b4e5-9e920af70aa1,False,exact,journal 보존기간 밖(확인 불가),,
42,2026-05-29T09:06:03.688615+09:00,KRW-CPOOL,HTS_BUY_ADD,1089.33495986,1308.63320547,GENUINE,bid/limit/done created 2026-05-29T07:46:53+09:00 vol=219.29824561 exec=219.29824561 EXT 478bc482,,478bc482-9177-463f-86b5-bdf0b1b77861,False,exact,journal 보존기간 밖(확인 불가),,
43,2026-05-29T09:08:04.975567+09:00,KRW-CPOOL,HTS_BUY_ADD,1308.63320547,1748.67774243,GENUINE,bid/limit/done created 2026-05-29T07:47:01+09:00 vol=220.26431718 exec=220.26431718 EXT a47a19bd; bid/limit/done created 2026-05-29T07:46:57+09:00 vol=219.78021978 exec=219.78021978 EXT 16fddadc,,a47a19bd-9a0e-47c2-882e-d32c1b39a7c4;16fddadc-7fb3-421a-b643-f65b3f7aadee,False,exact,journal 보존기간 밖(확인 불가),,
44,2026-05-29T09:09:05.628047+09:00,KRW-CPOOL,HTS_BUY_ADD,1748.67774243,1969.4282943,GENUINE,bid/limit/done created 2026-05-29T07:47:07+09:00 vol=220.75055187 exec=220.75055187 EXT 6418fab6,,6418fab6-06b4-4253-9e9e-ab3302778952,False,exact,journal 보존기간 밖(확인 불가),,
47,2026-05-29T17:31:20.434416+09:00,KRW-MINA,HTS_BUY,0.0,12150.66828675,GENUINE,bid/limit/done created 2026-05-29T17:19:32+09:00 vol=12150.66828675 exec=12150.66828675 EXT bc27249d,,bc27249d-6d71-4af1-b3f3-61bbff0b0266,False,exact,n/a(HTS_BUY는 trailing 리셋 분기 없음),,
59,2026-05-30T22:36:30.436377+09:00,KRW-SEI,HTS_BUY,0.0,3993.95598771,GENUINE,bid/limit/done created 2026-05-30T21:58:26+09:00 vol=3993.95598771 exec=3993.95598771 EXT b4131a10,,b4131a10-8875-42b3-9f8a-eb4a1b505218,False,exact,n/a(HTS_BUY는 trailing 리셋 분기 없음),66,
60,2026-05-30T22:38:30.464692+09:00,KRW-SEI,HTS_BUY_ADD,3993.95598771,7592.00004508,GENUINE,bid/limit/done created 2026-05-30T21:58:29+09:00 vol=3598.04405737 exec=3598.04405737 EXT a8707219,,a8707219-3e11-4f76-91f8-5131bdce770c,False,exact,journal 보존기간 밖(확인 불가),66,
73,2026-06-01T10:18:10.100745+09:00,KRW-ONT,HTS_BUY,0.0,7884.41281678,GENUINE,partial fill of limit bid(s): bid/limit created 2026-06-01T10:16:47+09:00 exec_total=14089.32203389 EXT a94d3904,,a94d3904-19f2-4a9e-afea-02c6f36a61d2,False,partial_fill,n/a(HTS_BUY는 trailing 리셋 분기 없음),,
74,2026-06-01T10:19:10.197894+09:00,KRW-ONT,HTS_BUY_ADD,7884.41281678,11735.50395927,GENUINE,partial fill of limit bid(s): bid/limit created 2026-06-01T10:16:47+09:00 exec_total=14089.32203389 EXT a94d3904,,a94d3904-19f2-4a9e-afea-02c6f36a61d2,False,partial_fill,journal 보존기간 밖(확인 불가),,
75,2026-06-01T10:23:10.352662+09:00,KRW-ONT,HTS_BUY_ADD,11735.50395927,11833.54317496,GENUINE,partial fill of limit bid(s): bid/limit created 2026-06-01T10:16:47+09:00 exec_total=14089.32203389 EXT a94d3904,,a94d3904-19f2-4a9e-afea-02c6f36a61d2,False,partial_fill,journal 보존기간 밖(확인 불가),,
76,2026-06-01T10:23:10.827151+09:00,KRW-SYRUP,HTS_BUY,0.0,9280.61587982,GENUINE,bid/limit/done created 2026-06-01T10:16:02+09:00 vol=9280.61587982 exec=9280.61587982 EXT 09ea3263,,09ea3263-36de-415f-bd65-f89d6d8b420a,False,exact,n/a(HTS_BUY는 trailing 리셋 분기 없음),,
77,2026-06-01T10:26:11.484108+09:00,KRW-ONT,HTS_BUY_ADD,11833.54317496,14089.32203389,GENUINE,bid/limit/done created 2026-06-01T10:16:47+09:00 vol=14089.32203389 exec=14089.32203389 EXT a94d3904,,a94d3904-19f2-4a9e-afea-02c6f36a61d2,False,exact,journal 보존기간 밖(확인 불가),,
78,2026-06-01T12:48:07.223072+09:00,KRW-SYRUP,HTS_BUY,0.0,9280.61587982,LOCK_RELEASE,ask/limit/cancel created 2026-06-01T12:10:56+09:00 vol=9280.61587982 exec=0.0 EXT d39376f4,d39376f4-c37b-4f94-a0b1-5acb412a3859,,False,exact,n/a(HTS_BUY는 trailing 리셋 분기 없음),,trailing 리셋 대상 아님(HTS_BUY)
79,2026-06-01T14:12:34.917006+09:00,KRW-ONT,HTS_BUY,0.0,14089.32203389,LOCK_RELEASE,ask/limit/cancel created 2026-06-01T13:47:45+09:00 vol=14089.32203389 exec=0.0 EXT b0e90d90,b0e90d90-cad3-41be-987e-0bd47314112f,,False,exact,n/a(HTS_BUY는 trailing 리셋 분기 없음),,trailing 리셋 대상 아님(HTS_BUY)
84,2026-06-02T12:48:32.082272+09:00,KRW-BTC,HTS_BUY,0.0,0.02816895,GENUINE,partial fill of limit bid(s): bid/limit created 2026-06-02T12:48:18+09:00 exec_total=0.0043447 EXT 6e8e379e; bid/limit created 2026-06-02T12:48:10+09:00 exec_total=0.00579367 EXT 49b52e4c; bid/limit created 2026-06-02T12:48:07+09:00 exec_total=0.00772678 EXT c4aa659d; bid/limit created 2026-06-02T12:48:01+09:00 exec_total=0.0103038 EXT 79135621,,6e8e379e-0cea-4488-a0d1-4530608f7b03;49b52e4c-bb2a-4d64-a12c-bb732704a18d;c4aa659d-f978-4f43-918e-a7204a321bf5;79135621-1e18-4fc5-86e2-4e10b0eb096e,False,partial_fill,n/a(HTS_BUY는 trailing 리셋 분기 없음),,
85,2026-06-02T13:08:39.869152+09:00,KRW-BTC,HTS_BUY_ADD,0.02816895,0.03305785,GENUINE,bid/limit/done created 2026-06-02T12:49:18+09:00 vol=0.0048889 exec=0.0048889 EXT 9a178a8d,,9a178a8d-6aae-41f8-8674-6403f74da60d,False,exact,journal 보존기간 밖(확인 불가),,
86,2026-06-02T13:10:40.593288+09:00,KRW-BTC,HTS_BUY_ADD,0.03305785,0.04120578,GENUINE,bid/limit/done created 2026-06-02T12:49:23+09:00 vol=0.00488667 exec=0.00488667 EXT 15afdd36; bid/limit/done created 2026-06-02T12:49:03+09:00 vol=0.00326126 exec=0.00326126 EXT 8567f2fb,,15afdd36-3e56-418b-9365-9d27709147f3;8567f2fb-5a34-445c-b156-9f25dddec9ff,False,exact,journal 보존기간 밖(확인 불가),,
87,2026-06-02T22:08:45.174420+09:00,KRW-BTC,HTS_BUY,0.0,0.04120213,GENUINE,bid/limit/done created 2026-06-02T22:08:04+09:00 vol=0.04120213 exec=0.04120213 EXT 22b137fe,,22b137fe-c9b7-4e7c-b0d7-bba4c4d31cc0,False,exact,n/a(HTS_BUY는 trailing 리셋 분기 없음),,
88,2026-06-03T04:56:21.492941+09:00,KRW-BTC,HTS_BUY,0.0,0.04120213,LOCK_RELEASE,ask/limit/cancel created 2026-06-03T04:54:53+09:00 vol=0.04120213 exec=0.0 EXT 8f708580,8f708580-bf81-4154-8d1c-7a7ae0327be3,,False,exact,n/a(HTS_BUY는 trailing 리셋 분기 없음),,trailing 리셋 대상 아님(HTS_BUY)
97,2026-06-04T14:52:50.100965+09:00,KRW-PENDLE,HTS_BUY,0.0,1006.58883883,GENUINE,bid/limit/done created 2026-06-04T14:52:03+09:00 vol=1006.58883883 exec=1006.58883883 EXT d14a580d,,d14a580d-61af-4f9f-b96e-4c04502b0789,False,exact,n/a(HTS_BUY는 trailing 리셋 분기 없음),99,
132,2026-06-11T08:40:06.053703+09:00,KRW-CHIP,HTS_BUY,0.0,811.90515021,GENUINE,bid/limit/done created 2026-06-11T08:27:20+09:00 vol=811.90515021 exec=811.90515021 EXT 11638e77,,11638e77-b325-4eae-9ae4-f4bdbb326739,False,exact,n/a(HTS_BUY는 trailing 리셋 분기 없음),,
133,2026-06-11T08:57:17.151102+09:00,KRW-CHIP,HTS_BUY_ADD,811.90515021,1617.41568784,GENUINE,bid/limit/done created 2026-06-11T08:27:23+09:00 vol=805.51053763 exec=805.51053763 EXT f51edd12,,f51edd12-8711-4a03-9981-f16e406883ed,False,exact,journal 보존기간 밖(확인 불가),,
134,2026-06-11T08:58:17.808371+09:00,KRW-CHIP,HTS_BUY_ADD,1617.41568784,2418.31180015,GENUINE,bid/limit/done created 2026-06-11T08:27:32+09:00 vol=800.89611231 exec=800.89611231 EXT 2162cdf3,,2162cdf3-3c7d-41bc-8b9a-511bdaadef90,False,exact,journal 보존기간 밖(확인 불가),,
135,2026-06-11T08:59:18.427290+09:00,KRW-CHIP,HTS_BUY_ADD,2418.31180015,3214.63479364,GENUINE,bid/limit/done created 2026-06-11T08:27:35+09:00 vol=796.32299349 exec=796.32299349 EXT f77260a1,,f77260a1-eaaf-408c-a996-c8757cc9f2ee,False,exact,journal 보존기간 밖(확인 불가),,
136,2026-06-11T09:00:19.173144+09:00,KRW-CHIP,HTS_BUY_ADD,3214.63479364,4006.42564331,GENUINE,bid/limit/done created 2026-06-11T08:27:40+09:00 vol=791.79084967 exec=791.79084967 EXT ca758788,,ca758788-2f65-48fa-a0d1-b6b63863fdfb,False,exact,journal 보존기간 밖(확인 불가),,
141,2026-06-11T10:27:13.799162+09:00,KRW-CHIP,HTS_BUY_ADD,4006.42564331,4720.73956736,GENUINE,bid/limit/done created 2026-06-11T10:24:11+09:00 vol=714.31392405 exec=714.31392405 EXT 20c9a95c,,20c9a95c-44e8-4a3a-a247-763ce62916c6,False,exact,journal 보존기간 밖(확인 불가),,
142,2026-06-11T10:50:29.081207+09:00,KRW-CHIP,HTS_BUY_ADD,4720.73956736,5429.40193522,GENUINE,bid/limit/done created 2026-06-11T10:24:13+09:00 vol=708.66236786 exec=708.66236786 EXT c51be814,,c51be814-9ef5-4d36-89e3-04885322abf0,False,exact,journal 보존기간 밖(확인 불가),,
143,2026-06-11T11:04:38.811743+09:00,KRW-CHIP,HTS_BUY_ADD,5429.40193522,6132.46040979,GENUINE,bid/limit/done created 2026-06-11T10:24:18+09:00 vol=703.05847457 exec=703.05847457 EXT f1169ef5,,f1169ef5-76cb-403b-980c-3e494354e9d1,False,exact,journal 보존기간 밖(확인 불가),,
144,2026-06-11T11:09:42.392605+09:00,KRW-CHIP,HTS_BUY_ADD,6132.46040979,6829.96253293,GENUINE,bid/limit/done created 2026-06-11T10:24:22+09:00 vol=697.50212314 exec=697.50212314 EXT 7379cce8,,7379cce8-5c35-4c9b-bd1a-8eb0c4140be2,False,exact,journal 보존기간 밖(확인 불가),,
147,2026-06-11T15:09:27.089244+09:00,KRW-CHIP,HTS_BUY,0.0,8003.69067796,GENUINE,bid/limit/done created 2026-06-11T15:00:47+09:00 vol=8003.69067796 exec=8003.69067796 EXT b7a080ac,,b7a080ac-2737-49a2-8f6b-23bbd1c26465,False,exact,n/a(HTS_BUY는 trailing 리셋 분기 없음),,
148,2026-06-11T19:51:58.204000+09:00,KRW-CHIP,HTS_BUY,0.0,1516.47679324,GENUINE,partial fill of limit bid(s): bid/limit created 2026-06-11T19:44:10+09:00 exec_total=7902.63883089 EXT d6b54973,,d6b54973-a530-4c24-b475-69eb112f7c21,False,partial_fill,n/a(HTS_BUY는 trailing 리셋 분기 없음),,
149,2026-06-11T20:32:28.789244+09:00,KRW-CHIP,HTS_BUY_ADD,1516.47679324,7902.63883089,GENUINE,bid/limit/done created 2026-06-11T19:44:10+09:00 vol=7902.63883089 exec=7902.63883089 EXT d6b54973,,d6b54973-a530-4c24-b475-69eb112f7c21,False,exact,journal 보존기간 밖(확인 불가),,
152,2026-06-11T21:20:43.072309+09:00,KRW-CHIP,HTS_BUY,0.0,6728.05203291,GENUINE,partial fill of limit bid(s): bid/limit created 2026-06-11T20:32:53+09:00 exec_total=7141.79874213 EXT 868d6412,,868d6412-dd7c-4a05-8843-9d60e4daa508,False,partial_fill,n/a(HTS_BUY는 trailing 리셋 분기 없음),,
153,2026-06-11T21:22:44.730386+09:00,KRW-CHIP,HTS_BUY_ADD,6728.05203291,7141.79874213,GENUINE,bid/limit/done created 2026-06-11T20:32:53+09:00 vol=7141.79874213 exec=7141.79874213 EXT 868d6412,,868d6412-dd7c-4a05-8843-9d60e4daa508,False,exact,journal 보존기간 밖(확인 불가),,
164,2026-06-14T05:27:59.181422+09:00,KRW-ORCA,HTS_BUY,0.0,218.09425287,GENUINE,bid/limit/done created 2026-06-14T05:27:46+09:00 vol=218.09425287 exec=218.09425287 EXT 5e5dfd7d,,5e5dfd7d-619c-4154-b1fb-013f83b35af6,False,exact,n/a(HTS_BUY는 trailing 리셋 분기 없음),,
165,2026-06-14T12:37:31.768329+09:00,KRW-ORCA,HTS_BUY,0.0,220.58128994,GENUINE,bid/limit/done created 2026-06-14T12:20:44+09:00 vol=220.58128994 exec=220.58128994 EXT b386d92a,,b386d92a-ccc4-4cc3-82bb-45c8d3204b69,False,exact,n/a(HTS_BUY는 trailing 리셋 분기 없음),,
168,2026-06-14T22:05:01.637199+09:00,KRW-ORCA,HTS_BUY,0.0,19.04669461,GENUINE,bid/limit/done created 2026-06-14T22:01:34+09:00 vol=19.04669461 exec=19.04669461 EXT 837e389d,,837e389d-47a0-4ba8-8195-ed44e3163856,False,exact,n/a(HTS_BUY는 trailing 리셋 분기 없음),,
169,2026-06-14T22:31:13.470819+09:00,KRW-ORCA,HTS_BUY_ADD,19.04669461,37.95945136,GENUINE,bid/limit/done created 2026-06-14T22:01:37+09:00 vol=18.91275675 exec=18.91275675 EXT 580e7350,,580e7350-9d2d-4dd7-9d9c-c0e927063a5c,False,exact,journal 보존기간 밖(확인 불가),,
170,2026-06-14T22:33:14.329062+09:00,KRW-ORCA,HTS_BUY_ADD,37.95945136,56.70550668,GENUINE,bid/limit/done created 2026-06-14T22:01:42+09:00 vol=18.74605532 exec=18.74605532 EXT 5d16fb96,,5d16fb96-56f1-40df-9624-15cbc1d4a9ce,False,exact,journal 보존기간 밖(확인 불가),,
171,2026-06-14T23:02:25.688144+09:00,KRW-ORCA,HTS_BUY_ADD,56.70550668,75.28634954,GENUINE,bid/limit/done created 2026-06-14T22:01:45+09:00 vol=18.58084286 exec=18.58084286 EXT 41e70ae8,,41e70ae8-b6e8-4d03-870c-8abe4cf7cde0,False,exact,journal 보존기간 밖(확인 불가),,
172,2026-06-14T23:03:26.082824+09:00,KRW-ORCA,HTS_BUY_ADD,75.28634954,94.65309456,GENUINE,bid/limit/done created 2026-06-14T22:01:27+09:00 vol=19.36674502 exec=19.36674502 EXT 2f8d2d66,,2f8d2d66-b15f-4881-b3f2-10fd8c1c03f4,False,exact,journal 보존기간 밖(확인 불가),,
173,2026-06-14T23:25:35.308853+09:00,KRW-ORCA,HTS_BUY_ADD,94.65309456,114.26284682,GENUINE,bid/limit/done created 2026-06-14T22:01:14+09:00 vol=19.60975226 exec=19.60975226 EXT dc30bd15,,dc30bd15-862e-4f29-828b-9b389b5780ab,False,exact,journal 보존기간 밖(확인 불가),,
174,2026-06-14T23:35:39.418896+09:00,KRW-ORCA,HTS_BUY_ADD,114.26284682,154.2118591,GENUINE,bid/limit/done created 2026-06-14T22:00:42+09:00 vol=19.85591762 exec=19.85591762 EXT b62bd133; bid/limit/done created 2026-06-14T22:00:34+09:00 vol=20.09309466 exec=20.09309466 EXT 76d1fb06,,b62bd133-7ded-4e20-9d7b-066a64b6f921;76d1fb06-63a1-4127-a7d7-f724f1199d5e,False,exact,journal 보존기간 밖(확인 불가),,
175,2026-06-15T01:56:35.916701+09:00,KRW-WLD,HTS_BUY,0.0,417.56772486,GENUINE,bid/limit/done created 2026-06-15T01:55:55+09:00 vol=417.56772486 exec=417.56772486 EXT 96e9d7dc,,96e9d7dc-a6de-40dd-a46e-6c8638655868,False,exact,n/a(HTS_BUY는 trailing 리셋 분기 없음),,
176,2026-06-15T02:11:39.777805+09:00,KRW-TAO,HTS_BUY,0.0,0.71077633,GENUINE,bid/limit/done created 2026-06-15T02:11:10+09:00 vol=0.71077633 exec=0.71077633 EXT 14c279a8,,14c279a8-564e-499d-94d1-fdd6f3d479ce,False,exact,n/a(HTS_BUY는 trailing 리셋 분기 없음),,
179,2026-06-15T17:47:29.018319+09:00,KRW-WLD,HTS_BUY,0.0,429.44061085,GENUINE,bid/limit/done created 2026-06-15T17:46:50+09:00 vol=429.44061085 exec=429.44061085 EXT 16b7a738,,16b7a738-a14e-41a1-b457-525c5331a374,False,exact,n/a(HTS_BUY는 trailing 리셋 분기 없음),,
180,2026-06-15T18:38:58.845225+09:00,KRW-WLD,HTS_BUY,0.0,42.82841037,GENUINE,bid/limit/done created 2026-06-15T18:38:34+09:00 vol=42.82841037 exec=42.82841037 EXT aa173c9f,,aa173c9f-7fd9-472e-9988-87171bc2f4fc,False,exact,n/a(HTS_BUY는 trailing 리셋 분기 없음),,
181,2026-06-15T18:39:59.483934+09:00,KRW-WLD,HTS_BUY_ADD,42.82841037,85.22833145,GENUINE,bid/limit/done created 2026-06-15T18:39:37+09:00 vol=42.39992108 exec=42.39992108 EXT 78bd766a,,78bd766a-adc0-4c75-8dfb-38bbc797d62e,False,exact,journal 보존기간 밖(확인 불가),,
182,2026-06-15T18:58:10.106212+09:00,KRW-WLD,HTS_BUY,0.0,42.07056497,GENUINE,bid/limit/done created 2026-06-15T18:42:23+09:00 vol=42.07056497 exec=42.07056497 EXT d0dcb785,,d0dcb785-e6a2-4368-a4b3-602431aa81c3,False,exact,n/a(HTS_BUY는 trailing 리셋 분기 없음),,
183,2026-06-15T19:00:11.457196+09:00,KRW-WLD,HTS_BUY_ADD,42.07056497,83.76732967,GENUINE,bid/limit/done created 2026-06-15T18:59:35+09:00 vol=41.6967647 exec=41.6967647 EXT 4c5bfa82,,4c5bfa82-1c6d-47db-9dec-f4ed12950225,False,exact,journal 보존기간 밖(확인 불가),,
184,2026-06-15T19:08:15.801629+09:00,KRW-WLD,HTS_BUY_ADD,83.76732967,125.14052694,GENUINE,bid/limit/done created 2026-06-15T19:00:48+09:00 vol=41.37319727 exec=41.37319727 EXT 7950a313,,7950a313-3059-43f6-a2d2-4e4bd8d2b0fc,False,exact,journal 보존기간 밖(확인 불가),,
185,2026-06-15T19:12:17.518968+09:00,KRW-WLD,HTS_BUY_ADD,125.14052694,166.28638115,GENUINE,bid/limit/done created 2026-06-15T19:10:07+09:00 vol=41.14585421 exec=41.14585421 EXT e067dc45,,e067dc45-10c2-4811-8cd5-e618f095acd1,False,exact,journal 보존기간 밖(확인 불가),,
186,2026-06-15T19:45:37.100159+09:00,KRW-WLD,HTS_BUY,0.0,40.5954824,GENUINE,bid/limit/done created 2026-06-15T19:44:28+09:00 vol=40.5954824 exec=40.5954824 EXT 6d282d24,,6d282d24-0e54-44da-9c09-5c9c4a021444,False,exact,n/a(HTS_BUY는 trailing 리셋 분기 없음),,
187,2026-06-16T13:18:58.796941+09:00,KRW-VIRTUAL,HTS_BUY,0.0,325.79100529,GENUINE,bid/limit/done created 2026-06-16T11:20:46+09:00 vol=325.79100529 exec=325.79100529 EXT 370f404f,,370f404f-a3f4-45dc-a4d0-995279a60440,False,exact,n/a(HTS_BUY는 trailing 리셋 분기 없음),,
188,2026-06-16T16:42:31.353408+09:00,KRW-ICP,HTS_BUY,0.0,104.0169677,GENUINE,bid/limit/done created 2026-06-16T16:39:02+09:00 vol=104.0169677 exec=104.0169677 EXT 34a13b3e,,34a13b3e-e55b-4ef1-8da8-de24e49669b4,False,exact,n/a(HTS_BUY는 trailing 리셋 분기 없음),,
189,2026-06-16T17:36:01.999067+09:00,KRW-ICP,HTS_BUY_ADD,104.0169677,197.26972124,GENUINE,bid/limit/done created 2026-06-16T17:21:52+09:00 vol=93.25275354 exec=93.25275354 EXT ac0e3b36,,ac0e3b36-f9eb-4d7c-b590-c7aa8e0df85d,False,exact,journal 보존기간 밖(확인 불가),,
192,2026-06-17T08:06:06.093738+09:00,KRW-PYTH,HTS_BUY,0.0,6427.18781725,GENUINE,bid/limit/done created 2026-06-17T08:03:20+09:00 vol=6427.18781725 exec=6427.18781725 EXT 848030f9,,848030f9-a8a3-432f-a813-d1989cd84abc,False,exact,n/a(HTS_BUY는 trailing 리셋 분기 없음),,
193,2026-06-17T08:23:18.204651+09:00,KRW-PYTH,HTS_BUY_ADD,6427.18781725,7008.55363357,GENUINE,bid/limit/done created 2026-06-17T08:23:01+09:00 vol=581.36581632 exec=581.36581632 EXT cbcf6368,,cbcf6368-0152-4699-826e-17dab83ac704,False,exact,journal 보존기간 밖(확인 불가),,
194,2026-06-17T08:24:18.992893+09:00,KRW-PYTH,HTS_BUY_ADD,7008.55363357,7110.76828434,GENUINE,partial fill of limit bid(s): bid/limit created 2026-06-17T08:23:07+09:00 exec_total=571.73566552 EXT 34c014c6,,34c014c6-e209-4f85-9cd5-36ce7ececd65,False,partial_fill,journal 보존기간 밖(확인 불가),,
195,2026-06-17T08:49:39.488867+09:00,KRW-PYTH,HTS_BUY_ADD,7110.76828434,7585.08344617,GENUINE,partial fill of limit bid(s): bid/limit created 2026-06-17T08:23:07+09:00 exec_total=571.73566552 EXT 34c014c6; bid/limit created 2026-06-17T08:23:04+09:00 exec_total=576.5298126 EXT c0c83589,,34c014c6-e209-4f85-9cd5-36ce7ececd65;c0c83589-a937-4699-bb3d-a224e9be1b2b,False,partial_fill,journal 보존기간 밖(확인 불가),,
196,2026-06-17T08:58:47.447582+09:00,KRW-PYTH,HTS_BUY_ADD,7585.08344617,8156.81911169,GENUINE,bid/limit/done created 2026-06-17T08:23:04+09:00 vol=576.5298126 exec=576.5298126 EXT c0c83589,,c0c83589-a937-4699-bb3d-a224e9be1b2b,False,exact,journal 보존기간 밖(확인 불가),,
199,2026-06-17T13:02:20.294128+09:00,KRW-LPT,HTS_BUY,0.0,138.63060109,GENUINE,bid/limit/done created 2026-06-17T12:52:46+09:00 vol=138.63060109 exec=138.63060109 EXT 9fde7b97,,9fde7b97-721a-4b1e-9541-711bfcc60ec7,False,exact,n/a(HTS_BUY는 trailing 리셋 분기 없음),,
200,2026-06-17T13:13:28.485992+09:00,KRW-BTC,HTS_BUY,0.0,0.00033911,GENUINE,bid/limit/done created 2026-06-17T13:06:35+09:00 vol=0.00033911 exec=0.00033911 EXT ec0e4abe,,ec0e4abe-219c-4719-aff6-ca6de401b3d6,False,exact,n/a(HTS_BUY는 trailing 리셋 분기 없음),,
201,2026-06-17T14:00:04.562467+09:00,KRW-POL,HTS_BUY,0.0,130.05187916,GENUINE,partial fill of limit bid(s): bid/limit created 2026-06-17T13:05:10+09:00 exec_total=295.23094827 EXT 19e64a76,,19e64a76-fbfa-419f-87a9-72c2c73cf293,False,partial_fill,n/a(HTS_BUY는 trailing 리셋 분기 없음),,
202,2026-06-17T14:01:05.169001+09:00,KRW-POL,HTS_BUY_ADD,130.05187916,295.23094827,GENUINE,bid/limit/done created 2026-06-17T13:05:10+09:00 vol=295.23094827 exec=295.23094827 EXT 19e64a76,,19e64a76-fbfa-419f-87a9-72c2c73cf293,False,exact,journal 보존기간 밖(확인 불가),,
203,2026-06-17T14:20:17.702567+09:00,KRW-IMX,HTS_BUY,0.0,152.72139639,GENUINE,bid/limit/done created 2026-06-17T13:05:55+09:00 vol=152.72139639 exec=152.72139639 EXT ca95ba21,,ca95ba21-1cac-4d19-94e4-779db30933cb,False,exact,n/a(HTS_BUY는 trailing 리셋 분기 없음),,
210,2026-06-18T02:24:49.696247+09:00,KRW-IMX,HTS_BUY,0.0,0.00039639,LOCK_RELEASE,ask/limit/cancel created 2026-06-18T02:15:32+09:00 vol=152.72139639 exec=152.721 EXT 3b5a139b,3b5a139b-5a0d-4498-9485-cbe1b13f1b9f,,False,exact,n/a(HTS_BUY는 trailing 리셋 분기 없음),,trailing 리셋 대상 아님(HTS_BUY)
211,2026-06-18T04:03:13.034171+09:00,KRW-IMX,HTS_BUY_ADD,0.00039639,45.24926516,GENUINE,bid/limit/done created 2026-06-18T04:00:51+09:00 vol=45.24886877 exec=45.24886877 EXT 52dcd365,,52dcd365-fc87-404c-98e3-ae5b741bf033,False,exact,journal 보존기간 밖(확인 불가),,
212,2026-06-18T09:21:09.981621+09:00,KRW-JTO,HTS_BUY,0.0,357.27582218,GENUINE,bid/limit/done created 2026-06-18T09:21:06+09:00 vol=357.27582218 exec=357.27582218 BOT 755afa12,,755afa12-ab97-40fb-adc1-ef27de9cb14e,True,exact,n/a(HTS_BUY는 trailing 리셋 분기 없음),214,
215,2026-06-18T11:16:33.668185+09:00,KRW-VET,HTS_BUY,0.0,49943.03149606,GENUINE,bid/limit/done created 2026-06-18T10:42:22+09:00 vol=49943.03149606 exec=49943.03149606 EXT e8432d6d,,e8432d6d-16d5-4177-acab-2ec86b271140,False,exact,n/a(HTS_BUY는 trailing 리셋 분기 없음),,
218,2026-06-18T17:29:54.520560+09:00,KRW-TRAC,HTS_BUY,0.0,61.40560377,GENUINE,bid/limit/done created 2026-06-18T17:29:49+09:00 vol=61.40560377 exec=61.40560377 EXT dd1ba6dd,,dd1ba6dd-fa36-4880-94d1-3cf6a4271dc8,False,exact,n/a(HTS_BUY는 trailing 리셋 분기 없음),,
221,2026-06-18T19:12:14.061984+09:00,KRW-TRAC,HTS_BUY_ADD,61.40560377,126.099479,GENUINE,bid/limit/done created 2026-06-18T17:28:37+09:00 vol=64.69387523 exec=64.69387523 EXT 27b916eb,,27b916eb-95a4-4857-a5db-58b02f1fff3d,False,exact,journal 보존기간 밖(확인 불가),,
222,2026-06-18T19:22:16.503589+09:00,KRW-TRAC,HTS_BUY_ADD,126.099479,190.26739566,GENUINE,bid/limit/done created 2026-06-18T17:28:41+09:00 vol=64.16791666 exec=64.16791666 EXT c35db92a,,c35db92a-ac06-41ef-bef6-e5fe36c5a1a5,False,exact,journal 보존기간 밖(확인 불가),,
223,2026-06-18T19:23:16.918083+09:00,KRW-TRAC,HTS_BUY_ADD,190.26739566,253.91386624,GENUINE,bid/limit/done created 2026-06-18T17:28:44+09:00 vol=63.64647058 exec=63.64647058 EXT 67e034f9,,67e034f9-4f97-4285-a279-c15654f6e7f3,False,exact,journal 보존기간 밖(확인 불가),,
224,2026-06-18T19:25:17.311338+09:00,KRW-TRAC,HTS_BUY_ADD,253.91386624,317.04333392,GENUINE,bid/limit/done created 2026-06-18T17:28:47+09:00 vol=63.12946768 exec=63.12946768 EXT 355c573d,,355c573d-ee90-4fbc-b31d-5a36d9d6c5a8,False,exact,journal 보존기간 밖(확인 불가),,
225,2026-06-18T19:37:22.299359+09:00,KRW-JTO,HTS_BUY,0.0,300.31576182,GENUINE,bid/limit/done created 2026-06-18T19:37:17+09:00 vol=300.31576182 exec=300.31576182 BOT a8b202e0,,a8b202e0-a7f5-44de-b9c3-99f6e8f5c5db,True,exact,n/a(HTS_BUY는 trailing 리셋 분기 없음),227,
228,2026-06-18T20:20:29.689637+09:00,KRW-ARKM,HTS_BUY,0.0,1616.8241206,GENUINE,bid/limit/done created 2026-06-18T20:20:08+09:00 vol=1616.8241206 exec=1616.8241206 EXT 81f9556f,,81f9556f-584d-4d18-bb7f-d783d8cf5942,False,exact,n/a(HTS_BUY는 trailing 리셋 분기 없음),,
231,2026-06-18T22:55:49.552236+09:00,KRW-TRAC,HTS_BUY_ADD,317.04333392,866.16659846,GENUINE,bid/limit/done created 2026-06-18T22:55:27+09:00 vol=549.12326454 exec=549.12326454 EXT d12fb5e4,,d12fb5e4-a5d1-4582-b9f0-5452b4c68741,False,exact,journal 보존기간 밖(확인 불가),,
236,2026-06-19T09:25:04.550194+09:00,KRW-IO,HTS_BUY,0.0,144.04144486,GENUINE,bid/limit/done created 2026-06-19T09:15:07+09:00 vol=144.04144486 exec=144.04144486 EXT cbfaffcc,,cbfaffcc-82f2-469a-9b23-b0aa7245a5d6,False,exact,n/a(HTS_BUY는 trailing 리셋 분기 없음),,
239,2026-06-19T16:38:31.818182+09:00,KRW-IO,HTS_BUY_ADD,144.04144486,280.25007448,GENUINE,bid/limit/done created 2026-06-19T16:37:36+09:00 vol=136.20862962 exec=136.20862962 EXT cb09b806,,cb09b806-140f-4c44-a667-55ef7fb9c4e2,False,exact,journal 보존기간 밖(확인 불가),,
240,2026-06-19T16:46:35.998652+09:00,KRW-IO,HTS_BUY_ADD,280.25007448,420.26283567,GENUINE,bid/limit/done created 2026-06-19T16:37:31+09:00 vol=140.01276119 exec=140.01276119 EXT cefcd1f1,,cefcd1f1-74ff-458d-9be4-592cb6982530,False,exact,journal 보존기간 밖(확인 불가),,
241,2026-06-19T16:47:36.485403+09:00,KRW-IO,HTS_BUY_ADD,420.26283567,559.39392181,GENUINE,bid/limit/done created 2026-06-19T16:37:33+09:00 vol=139.13108614 exec=139.13108614 EXT 7fdada43,,7fdada43-a623-491e-a6fe-5a994094ab18,False,exact,journal 보존기간 밖(확인 불가),,
242,2026-06-19T16:48:37.038475+09:00,KRW-IO,HTS_BUY_ADD,559.39392181,696.26753083,GENUINE,bid/limit/done created 2026-06-19T16:37:39+09:00 vol=136.87360902 exec=136.87360902 EXT 78a0ea79,,78a0ea79-5aa3-4f40-8a6a-a0832093fa35,False,exact,journal 보존기간 밖(확인 불가),,
245,2026-06-19T18:41:36.256968+09:00,KRW-AVAX,HTS_BUY,0.0,12.32547078,GENUINE,bid/limit/done created 2026-06-19T18:39:23+09:00 vol=4.06947712 exec=4.06947712 EXT 6520beae; bid/limit/done created 2026-06-19T18:39:20+09:00 vol=4.10836581 exec=4.10836581 EXT 1fbceb80; bid/limit/done created 2026-06-19T18:39:18+09:00 vol=4.14762785 exec=4.14762785 EXT 3750a955,,6520beae-fcd2-4545-b298-2d37f55b77e5;1fbceb80-6862-43aa-88cf-3b4a2ef6d909;3750a955-f774-4ca3-ac34-95e6a2cc75e3,False,exact,n/a(HTS_BUY는 trailing 리셋 분기 없음),,
246,2026-06-19T18:50:41.244482+09:00,KRW-AVAX,HTS_BUY_ADD,12.32547078,16.35642881,GENUINE,bid/limit/done created 2026-06-19T18:39:38+09:00 vol=4.03095803 exec=4.03095803 EXT 83c3d872,,83c3d872-433d-4368-b8ef-38629e4f58cc,False,exact,journal 보존기간 밖(확인 불가),,
247,2026-06-19T19:32:04.831304+09:00,KRW-AVAX,HTS_BUY_ADD,16.35642881,20.36892305,GENUINE,bid/limit/done created 2026-06-19T19:27:15+09:00 vol=4.01249424 exec=4.01249424 EXT b2c4c02a,,b2c4c02a-2484-4a6e-a581-ebb9600021f8,False,exact,journal 보존기간 밖(확인 불가),,
248,2026-06-19T19:38:08.095434+09:00,KRW-AVAX,HTS_BUY_ADD,20.36892305,24.3428124,GENUINE,partial fill of limit bid(s): bid/limit created 2026-06-19T19:27:18+09:00 exec_total=3.97670762 EXT 438b5455,,438b5455-2b23-44ce-a0ed-037103680033,False,partial_fill,journal 보존기간 밖(확인 불가),,
249,2026-06-19T19:39:08.562661+09:00,KRW-AVAX,HTS_BUY_ADD,24.3428124,24.34563067,GENUINE,bid/limit/done created 2026-06-19T19:27:18+09:00 vol=3.97670762 exec=3.97670762 EXT 438b5455,,438b5455-2b23-44ce-a0ed-037103680033,False,exact,journal 보존기간 밖(확인 불가),,
250,2026-06-19T20:08:22.316617+09:00,KRW-BCH,HTS_BUY,0.0,0.11958707,GENUINE,bid/limit/done created 2026-06-19T20:01:13+09:00 vol=0.11958707 exec=0.11958707 EXT 41010087,,41010087-d2a3-4a8a-81d5-860fc1351b7e,False,exact,n/a(HTS_BUY는 trailing 리셋 분기 없음),,
251,2026-06-19T20:09:23.048314+09:00,KRW-BCH,HTS_BUY_ADD,0.11958707,0.23801795,GENUINE,bid/limit/done created 2026-06-19T20:01:16+09:00 vol=0.11843088 exec=0.11843088 EXT 857f300c,,857f300c-cb69-4a39-b94c-ba9cc3513180,False,exact,journal 보존기간 밖(확인 불가),,
252,2026-06-19T20:10:23.795360+09:00,KRW-BCH,HTS_BUY_ADD,0.23801795,0.35530382,GENUINE,bid/limit/done created 2026-06-19T20:01:19+09:00 vol=0.11728587 exec=0.11728587 EXT 4ba4b9fa,,4ba4b9fa-3b99-475c-aba8-00ff1368daa7,False,exact,journal 보존기간 밖(확인 불가),,
253,2026-06-20T03:28:43.140623+09:00,KRW-AVAX,HTS_BUY,0.0,3.93204205,GENUINE,bid/limit/done created 2026-06-19T19:42:56+09:00 vol=3.93204205 exec=3.93204205 EXT 27aed2c5,,27aed2c5-f475-4fa7-8d7a-e2193a53befb,False,exact,n/a(HTS_BUY는 trailing 리셋 분기 없음),,
254,2026-06-20T03:30:44.491115+09:00,KRW-AVAX,HTS_BUY_ADD,3.93204205,7.91484227,GENUINE,bid/limit/done created 2026-06-19T19:41:58+09:00 vol=3.98280022 exec=3.98280022 EXT d8190dcc,,d8190dcc-5221-4a6b-a7e2-de537d562fe7,False,exact,journal 보존기간 밖(확인 불가),,
255,2026-06-20T05:10:47.090525+09:00,KRW-ETH,HTS_BUY,0.0,0.11788484,GENUINE,bid/limit/done created 2026-06-20T05:08:53+09:00 vol=0.11788484 exec=0.11788484 EXT 8a3ccba9,,8a3ccba9-6b21-4e25-8879-1e40fd581fe8,False,exact,n/a(HTS_BUY는 trailing 리셋 분기 없음),,
256,2026-06-20T05:14:49.816482+09:00,KRW-ETH,HTS_BUY_ADD,0.11788484,0.2489262,GENUINE,bid/limit/done created 2026-06-20T05:08:51+09:00 vol=0.13104136 exec=0.13104136 EXT 926af5ce,,926af5ce-6ec4-4176-9d78-bd01e7c64f23,False,exact,journal 보존기간 밖(확인 불가),,
257,2026-06-20T05:17:51.736156+09:00,KRW-ETH,HTS_BUY_ADD,0.2489262,0.39459243,GENUINE,bid/limit/done created 2026-06-20T05:08:48+09:00 vol=0.14566623 exec=0.14566623 EXT 7092e52e,,7092e52e-0969-423a-9e7d-667de72769ee,False,exact,journal 보존기간 밖(확인 불가),,
258,2026-06-20T13:13:17.380758+09:00,KRW-RAY,HTS_BUY,0.0,40.46183606,GENUINE,bid/limit/done created 2026-06-20T12:28:11+09:00 vol=40.46183606 exec=40.46183606 EXT bbe3838c,,bbe3838c-85ac-46f0-b662-fd65e52ec46d,False,exact,n/a(HTS_BUY는 trailing 리셋 분기 없음),,
259,2026-06-20T13:28:29.969873+09:00,KRW-JTO,HTS_BUY,0.0,323.36463347,GENUINE,bid/limit/done created 2026-06-20T13:28:17+09:00 vol=323.36463347 exec=323.36463347 BOT db71f343,,db71f343-d1d6-45df-88da-7db69c64970d,True,exact,n/a(HTS_BUY는 trailing 리셋 분기 없음),263,
261,2026-06-20T19:16:35.827075+09:00,KRW-B3,HTS_BUY,0.0,356035.96792668,GENUINE,bid/limit/done created 2026-06-20T19:15:39+09:00 vol=356035.96792668 exec=356035.96792668 EXT a2468081,,a2468081-2ede-4e42-a599-9252551c91e6,False,exact,n/a(HTS_BUY는 trailing 리셋 분기 없음),,
262,2026-06-20T19:21:39.478829+09:00,KRW-WLD,HTS_BUY,0.0,374.9990228,GENUINE,bid/limit/done created 2026-06-20T19:12:12+09:00 vol=374.9990228 exec=374.9990228 EXT 1e5c4f9c,,1e5c4f9c-9e94-4fc3-aed3-e9a419be73a5,False,exact,n/a(HTS_BUY는 trailing 리셋 분기 없음),,
264,2026-06-20T22:10:18.343230+09:00,KRW-B3,HTS_BUY,0.0,356035.96792668,LOCK_RELEASE,ask/limit/cancel created 2026-06-20T21:48:53+09:00 vol=356035.96792668 exec=0.0 EXT 0e8179ec,0e8179ec-2441-4baa-b4b4-b94e0938adae,,False,exact,n/a(HTS_BUY는 trailing 리셋 분기 없음),,trailing 리셋 대상 아님(HTS_BUY)
265,2026-06-21T05:56:29.876598+09:00,KRW-HUNT,HTS_BUY,0.0,2419.1627624,GENUINE,partial fill of limit bid(s): bid/limit created 2026-06-21T05:56:12+09:00 exec_total=2519.1627624 EXT 59f6446e,,59f6446e-6fab-4a70-a7fc-4cedfcbd472f,False,partial_fill,n/a(HTS_BUY는 trailing 리셋 분기 없음),,
266,2026-06-21T05:59:31.920842+09:00,KRW-HUNT,HTS_BUY_ADD,2419.1627624,2519.1627624,GENUINE,bid/limit/cancel created 2026-06-21T05:56:12+09:00 vol=2832.40661157 exec=2519.1627624 EXT 59f6446e,,59f6446e-6fab-4a70-a7fc-4cedfcbd472f,False,exact,journal 보존기간 밖(확인 불가),,
269,2026-06-21T13:20:32.554892+09:00,KRW-CKB,HTS_BUY,0.0,188171.31321054,GENUINE,partial fill of limit bid(s): bid/limit created 2026-06-21T08:46:53+09:00 exec_total=199471.75 EXT 9716bf07,,9716bf07-4d41-4686-bc40-e7cd3967171e,False,partial_fill,n/a(HTS_BUY는 trailing 리셋 분기 없음),,
270,2026-06-21T13:47:36.881151+09:00,KRW-CKB,HTS_BUY_ADD,188171.31321054,199471.75,GENUINE,bid/limit/done created 2026-06-21T08:46:53+09:00 vol=199471.75 exec=199471.75 EXT 9716bf07,,9716bf07-4d41-4686-bc40-e7cd3967171e,False,exact,journal 보존기간 밖(확인 불가),,
273,2026-06-22T04:16:38.081017+09:00,KRW-ANIME,HTS_BUY,0.0,8176.8938053,GENUINE,bid/limit/done created 2026-06-22T04:15:27+09:00 vol=8176.8938053 exec=8176.8938053 EXT 84a6331d,,84a6331d-54b9-4124-8f83-929c2b1f09b8,False,exact,n/a(HTS_BUY는 trailing 리셋 분기 없음),,
274,2026-06-22T04:46:46.126396+09:00,KRW-ANIME,HTS_BUY_ADD,8176.8938053,16622.89823988,GENUINE,bid/limit/done created 2026-06-22T04:13:29+09:00 vol=8446.00443458 exec=8446.00443458 EXT c0cd3f5e,,c0cd3f5e-d886-4ee9-ab5d-aab550ad9a08,False,exact,journal 보존기간 밖(확인 불가),,
275,2026-06-22T05:09:52.195255+09:00,KRW-ANIME,HTS_BUY_ADD,16622.89823988,23820.62723988,GENUINE,partial fill of limit bid(s): bid/limit created 2026-06-22T04:13:37+09:00 exec_total=8314.71714922 EXT 1d74d68f,,1d74d68f-81a9-4fcf-aefa-b1f0a397b763,False,partial_fill,journal 보존기간 밖(확인 불가),,
276,2026-06-22T05:18:54.441420+09:00,KRW-ANIME,HTS_BUY_ADD,23820.62723988,25002.9804621,GENUINE,partial fill of limit bid(s): bid/limit created 2026-06-22T04:13:37+09:00 exec_total=8314.71714922 EXT 1d74d68f; bid/limit created 2026-06-22T04:13:33+09:00 exec_total=8380.08222222 EXT b1fb9dd4,,1d74d68f-81a9-4fcf-aefa-b1f0a397b763;b1fb9dd4-06c2-42da-a977-ec3696e49f2a,False,partial_fill,journal 보존기간 밖(확인 불가),,
277,2026-06-22T05:31:58.253513+09:00,KRW-ANIME,HTS_BUY_ADD,25002.9804621,33317.69761132,GENUINE,bid/limit/done created 2026-06-22T04:13:33+09:00 vol=8380.08222222 exec=8380.08222222 EXT b1fb9dd4,,b1fb9dd4-06c2-42da-a977-ec3696e49f2a,False,exact,journal 보존기간 밖(확인 불가),,
278,2026-06-22T06:27:14.864077+09:00,KRW-ANIME,HTS_BUY_ADD,33317.69761132,49717.13004375,GENUINE,bid/limit/done created 2026-06-22T06:24:46+09:00 vol=8158.49099099 exec=8158.49099099 EXT dba91d58; bid/limit/done created 2026-06-22T06:24:34+09:00 vol=8240.94144144 exec=8240.94144144 EXT 08314061,,dba91d58-d261-44aa-9122-0e602e99dfbe;08314061-bf3c-4706-8ccb-ac5615cb4152,False,exact,journal 보존기간 밖(확인 불가),,
279,2026-06-22T06:29:16.435962+09:00,KRW-RE,HTS_BUY,0.0,25.85528478,GENUINE,bid/limit/done created 2026-06-22T06:27:44+09:00 vol=25.85528478 exec=25.85528478 EXT dced2388,,dced2388-e47d-4702-a313-e8cdf7e6b7ff,False,exact,n/a(HTS_BUY는 trailing 리셋 분기 없음),708,
280,2026-06-22T07:15:36.546079+09:00,KRW-RE,HTS_BUY_ADD,25.85528478,77.53785803,GENUINE,bid/limit/done created 2026-06-22T07:14:53+09:00 vol=25.69246345 exec=25.69246345 EXT 843f8d85; bid/limit/done created 2026-06-22T07:14:49+09:00 vol=25.9901098 exec=25.9901098 EXT a746c6a4,,843f8d85-7d0c-4cb0-a254-17727734453c;a746c6a4-aff4-4e2d-8e2a-f5c3d961744b,False,exact,journal 보존기간 밖(확인 불가),708,
281,2026-06-22T07:26:40.051823+09:00,KRW-ANIME,HTS_BUY_ADD,49717.13004375,54314.31752469,GENUINE,partial fill of limit bid(s): bid/limit created 2026-06-22T07:15:37+09:00 exec_total=7811.22675736 EXT e9166816,,e9166816-eb35-4f9c-b7db-f554a77b7693,False,partial_fill,journal 보존기간 밖(확인 불가),,
282,2026-06-22T07:28:40.785203+09:00,KRW-ANIME,HTS_BUY_ADD,54314.31752469,57553.9858996,GENUINE,partial fill of limit bid(s): bid/limit created 2026-06-22T07:15:37+09:00 exec_total=7811.22675736 EXT e9166816; bid/limit created 2026-06-22T07:15:31+09:00 exec_total=7836.85585585 EXT 79cf9754,,e9166816-eb35-4f9c-b7db-f554a77b7693;79cf9754-bc74-4041-ab10-1990378dc3ba,False,partial_fill,journal 보존기간 밖(확인 불가),,
283,2026-06-22T08:36:08.588215+09:00,KRW-ANIME,HTS_BUY_ADD,57553.9858996,65365.21265696,GENUINE,bid/limit/done created 2026-06-22T07:15:31+09:00 vol=7836.85585585 exec=7836.85585585 EXT 79cf9754,,79cf9754-bc74-4041-ab10-1990378dc3ba,False,exact,journal 보존기간 밖(확인 불가),,
284,2026-06-22T13:42:27.959183+09:00,KRW-RE,HTS_BUY,0.0,77.53785803,LOCK_RELEASE,ask/limit/cancel created 2026-06-22T11:51:52+09:00 vol=77.53785803 exec=0.0 EXT 93e31088,93e31088-2cf9-421c-89ee-9ea781495356,,False,exact,n/a(HTS_BUY는 trailing 리셋 분기 없음),708,trailing 리셋 대상 아님(HTS_BUY)
285,2026-06-22T14:01:35.340965+09:00,KRW-ANIME,HTS_BUY,0.0,7411.40497737,GENUINE,bid/limit/done created 2026-06-22T13:43:22+09:00 vol=7411.40497737 exec=7411.40497737 EXT 6d9b0bb9,,6d9b0bb9-1492-4887-b911-7bf688d26e7a,False,exact,n/a(HTS_BUY는 trailing 리셋 분기 없음),,
286,2026-06-22T15:05:08.580730+09:00,KRW-RE,HTS_BUY,0.0,77.53785803,LOCK_RELEASE,ask/limit/cancel created 2026-06-22T13:42:48+09:00 vol=77.53785803 exec=0.0 EXT ecc7f95a,ecc7f95a-db37-48f4-a30f-44bb0318ad2e,,False,exact,n/a(HTS_BUY는 trailing 리셋 분기 없음),708,trailing 리셋 대상 아님(HTS_BUY)
287,2026-06-22T15:21:14.905890+09:00,KRW-AXS,HTS_BUY,0.0,41.21107334,GENUINE,bid/limit/done created 2026-06-22T15:20:45+09:00 vol=20.52825447 exec=20.52825447 EXT 61ce6a0c; bid/limit/done created 2026-06-22T15:20:19+09:00 vol=20.68281887 exec=20.68281887 EXT 620c9076,,61ce6a0c-ec2a-4c2c-b230-835fcead61f6;620c9076-936e-4d0a-8ba7-aacc7b25a78f,False,exact,n/a(HTS_BUY는 trailing 리셋 분기 없음),,
288,2026-06-22T15:24:18.706872+09:00,KRW-ORCA,HTS_BUY,0.0,17.42597039,GENUINE,bid/limit/done created 2026-06-22T15:23:28+09:00 vol=17.42597039 exec=17.42597039 EXT dc826437,,dc826437-b208-4909-9a4e-249475d678af,False,exact,n/a(HTS_BUY는 trailing 리셋 분기 없음),,
289,2026-06-22T16:02:44.112314+09:00,KRW-KITE,HTS_BUY,0.0,136.41144,GENUINE,bid/limit/done created 2026-06-22T13:28:12+09:00 vol=136.41144 exec=136.41144 EXT a71971a6,,a71971a6-75e1-4aef-b723-85214f86e03a,False,exact,n/a(HTS_BUY는 trailing 리셋 분기 없음),,
291,2026-06-22T16:47:12.451913+09:00,KRW-KITE,HTS_BUY_ADD,136.41144,272.00043598,GENUINE,bid/limit/done created 2026-06-22T13:28:14+09:00 vol=135.58899598 exec=135.58899598 EXT dc73580e,,dc73580e-076a-45b6-924c-52cfcb05aec4,False,exact,journal 보존기간 밖(확인 불가),,
292,2026-06-22T17:31:23.903529+09:00,KRW-ORCA,HTS_BUY_ADD,17.42597039,32.87705604,GENUINE,bid/limit/done created 2026-06-22T17:27:15+09:00 vol=15.45108565 exec=15.45108565 EXT 301c163a,,301c163a-0237-41ab-b4c0-91a6923ec5c7,False,exact,journal 보존기간 밖(확인 불가),,
293,2026-06-22T17:37:26.021646+09:00,KRW-ORCA,HTS_BUY_ADD,32.87705604,48.1819032,GENUINE,bid/limit/done created 2026-06-22T17:27:18+09:00 vol=15.30484716 exec=15.30484716 EXT b36b086b,,b36b086b-bc1b-495e-9107-fcbba228de2d,False,exact,journal 보존기간 밖(확인 불가),,
306,2026-06-24T15:55:04.692839+09:00,KRW-WLD,HTS_BUY,0.0,42.38088972,GENUINE,bid/limit/done created 2026-06-24T15:54:30+09:00 vol=42.38088972 exec=42.38088972 EXT dcfe3a1f,,dcfe3a1f-cada-4090-b016-b2497fb85b5f,False,exact,n/a(HTS_BUY는 trailing 리셋 분기 없음),,
307,2026-06-24T16:01:06.566348+09:00,KRW-SAND,HTS_BUY,0.0,423.28166877,GENUINE,bid/limit/done created 2026-06-24T15:58:30+09:00 vol=423.28166877 exec=423.28166877 EXT 27f27a51,,27f27a51-e3fc-4d4c-88fb-448093e24716,False,exact,n/a(HTS_BUY는 trailing 리셋 분기 없음),,
309,2026-06-24T17:29:05.075985+09:00,KRW-SAND,HTS_BUY_ADD,423.28166877,887.55784711,GENUINE,bid/limit/done created 2026-06-24T17:23:16+09:00 vol=464.27617834 exec=464.27617834 EXT 02f2d153,,02f2d153-ed70-49ac-aa72-29fbb42cba41,False,exact,journal 보존기간 밖(확인 불가),,
310,2026-06-24T17:31:09.174887+09:00,KRW-WLD,HTS_BUY_ADD,42.38088972,88.74612901,GENUINE,bid/limit/done created 2026-06-24T17:22:37+09:00 vol=46.36523929 exec=46.36523929 EXT 20a9a8c6,,20a9a8c6-1643-4673-88a3-6ff13bbd9aca,False,exact,journal 보존기간 밖(확인 불가),,
313,2026-06-24T22:05:21.577272+09:00,KRW-WLD,HTS_BUY,0.0,46.08667896,GENUINE,bid/limit/done created 2026-06-24T22:04:36+09:00 vol=46.08667896 exec=46.08667896 EXT 065c3d7d,,065c3d7d-30bc-4092-89b8-6412e1df9b11,False,exact,n/a(HTS_BUY는 trailing 리셋 분기 없음),,
314,2026-06-24T22:07:22.820557+09:00,KRW-WLD,HTS_BUY_ADD,46.08667896,137.04892092,GENUINE,bid/limit/done created 2026-06-24T22:04:41+09:00 vol=45.28048088 exec=45.28048088 EXT 77b9aa1d; bid/limit/done created 2026-06-24T22:04:38+09:00 vol=45.68176108 exec=45.68176108 EXT 887542bb,,77b9aa1d-d017-4184-bb65-c106ce6f2129;887542bb-0eb9-45b6-a569-b9edf1a6e4fb,False,exact,journal 보존기간 밖(확인 불가),,
315,2026-06-24T22:09:24.408265+09:00,KRW-WLD,HTS_BUY_ADD,137.04892092,181.76609189,GENUINE,bid/limit/done created 2026-06-24T22:07:25+09:00 vol=44.71717097 exec=44.71717097 EXT 1356ed01,,1356ed01-f72a-4e5a-aa48-13a0447d31c6,False,exact,journal 보존기간 밖(확인 불가),,
316,2026-06-24T22:11:26.085457+09:00,KRW-WLD,HTS_BUY_ADD,181.76609189,226.1450438,GENUINE,bid/limit/done created 2026-06-24T22:07:28+09:00 vol=44.37895191 exec=44.37895191 EXT 8d0488fe,,8d0488fe-2c8f-4c68-8ec3-075def5f8557,False,exact,journal 보존기간 밖(확인 불가),,
317,2026-06-24T22:13:27.461443+09:00,KRW-WLD,HTS_BUY_ADD,226.1450438,270.18860375,GENUINE,bid/limit/done created 2026-06-24T22:07:32+09:00 vol=44.04355995 exec=44.04355995 EXT 2359c63d,,2359c63d-febd-4036-b640-27ae237eb2fe,False,exact,journal 보존기간 밖(확인 불가),,
318,2026-06-24T22:23:34.887848+09:00,KRW-WLD,HTS_BUY_ADD,270.18860375,357.28071314,GENUINE,bid/limit/done created 2026-06-24T22:07:46+09:00 vol=43.38114285 exec=43.38114285 EXT b6a4c08e; bid/limit/done created 2026-06-24T22:07:42+09:00 vol=43.71096654 exec=43.71096654 EXT b19671f6,,b6a4c08e-2bfc-4e93-9c63-ed8dc6bd6055;b19671f6-2df1-47fd-877b-0ad9b31c65f8,False,exact,journal 보존기간 밖(확인 불가),,
319,2026-06-24T23:03:01.321622+09:00,KRW-WLD,HTS_BUY,0.0,85.99829389,GENUINE,bid/limit/done created 2026-06-24T22:31:52+09:00 vol=42.83670838 exec=42.83670838 EXT 2d029a42; bid/limit/done created 2026-06-24T22:31:49+09:00 vol=43.16158551 exec=43.16158551 EXT 8ba6a98b,,2d029a42-2217-45c7-a426-e2cb6a5ff957;8ba6a98b-21e0-4f3d-b14c-63dcba09fab9,False,exact,n/a(HTS_BUY는 trailing 리셋 분기 없음),,
320,2026-06-25T00:34:02.299528+09:00,KRW-WLD,HTS_BUY_ADD,85.99829389,129.05305882,GENUINE,bid/limit/done created 2026-06-24T23:20:57+09:00 vol=43.05476493 exec=43.05476493 EXT 4264da93,,4264da93-3fd8-4fcd-b5cf-36d944cfb1ab,False,exact,journal 보존기간 밖(확인 불가),,
322,2026-06-25T10:30:14.192487+09:00,KRW-HOLO,HTS_BUY,0.0,52.09397344,GENUINE,partial fill of limit bid(s): bid/limit created 2026-06-25T09:58:30+09:00 exec_total=337.33683673 EXT 2131aa2d,,2131aa2d-9def-4c0f-a43b-ce4fb8589d35,False,partial_fill,n/a(HTS_BUY는 trailing 리셋 분기 없음),,
323,2026-06-25T10:34:17.684871+09:00,KRW-HOLO,HTS_BUY_ADD,52.09397344,346.60701932,GENUINE,partial fill of limit bid(s): bid/limit created 2026-06-25T09:58:30+09:00 exec_total=337.33683673 EXT 2131aa2d; bid/limit created 2026-06-25T09:58:28+09:00 exec_total=340.39867482 EXT ca95679e,,2131aa2d-9def-4c0f-a43b-ce4fb8589d35;ca95679e-e20c-42a3-9cb6-bd9d8795e44a,False,partial_fill,journal 보존기간 밖(확인 불가),,
324,2026-06-25T11:24:39.928153+09:00,KRW-HOLO,HTS_BUY_ADD,346.60701932,1030.49428884,GENUINE,partial fill of limit bid(s): bid/limit created 2026-06-25T09:58:28+09:00 exec_total=340.39867482 EXT ca95679e; bid/limit created 2026-06-25T09:58:25+09:00 exec_total=343.4885947 EXT 9b2bfd09; bid/limit created 2026-06-25T09:58:23+09:00 exec_total=346.60701932 EXT 84ad3950,,ca95679e-e20c-42a3-9cb6-bd9d8795e44a;9b2bfd09-5096-4c2f-b8cd-c92c92587af0;84ad3950-1d41-4e81-a099-d7eca52937b0,False,partial_fill,journal 보존기간 밖(확인 불가),,
325,2026-06-25T11:28:42.281842+09:00,KRW-HOLO,HTS_BUY_ADD,1030.49428884,1367.83112557,GENUINE,bid/limit/done created 2026-06-25T09:58:23+09:00 vol=346.60701932 exec=346.60701932 EXT 84ad3950,,84ad3950-1d41-4e81-a099-d7eca52937b0,False,exact,journal 보존기간 밖(확인 불가),,
326,2026-06-25T13:29:39.227103+09:00,KRW-WLD,HTS_BUY_ADD,129.05305882,169.61822011,GENUINE,bid/limit/done created 2026-06-25T13:28:01+09:00 vol=40.56516129 exec=40.56516129 EXT fd0ca131,,fd0ca131-2b05-433d-9ff3-a3f53c3ce8fd,False,exact,journal 보존기간 밖(확인 불가),,
327,2026-06-25T13:31:40.332358+09:00,KRW-WLD,HTS_BUY_ADD,169.61822011,209.82940874,GENUINE,bid/limit/done created 2026-06-25T13:28:04+09:00 vol=40.21118863 exec=40.21118863 EXT 17b867bf,,17b867bf-45c0-4d60-bccf-65a4e1b332e7,False,exact,journal 보존기간 밖(확인 불가),,
328,2026-06-25T13:32:40.337513+09:00,KRW-WLD,HTS_BUY_ADD,209.82940874,249.6897839,GENUINE,bid/limit/done created 2026-06-25T13:28:07+09:00 vol=39.86037516 exec=39.86037516 EXT a33a2622,,a33a2622-6e78-4416-8faf-bbc873effb1f,False,exact,journal 보존기간 밖(확인 불가),,
329,2026-06-25T13:42:45.421307+09:00,KRW-WLD,HTS_BUY_ADD,249.6897839,289.2024782,GENUINE,bid/limit/done created 2026-06-25T13:28:10+09:00 vol=39.5126943 exec=39.5126943 EXT 77895d65,,77895d65-334c-4cb0-a5bf-88ebe14c25eb,False,exact,journal 보존기간 밖(확인 불가),,
330,2026-06-25T18:02:39.250301+09:00,KRW-KAITO,HTS_BUY,0.0,46.82449127,GENUINE,bid/limit/done created 2026-06-25T17:52:30+09:00 vol=46.82449127 exec=46.82449127 EXT 8d5ae124,,8d5ae124-1625-4191-9f84-5487f648d98f,False,exact,n/a(HTS_BUY는 trailing 리셋 분기 없음),,
331,2026-06-25T19:25:19.024647+09:00,KRW-ZORA,HTS_BUY,0.0,2766.19026548,GENUINE,bid/limit/done created 2026-06-25T18:50:56+09:00 vol=2766.19026548 exec=2766.19026548 EXT 04dfc444,,04dfc444-2fdf-457c-b537-3be42974a61e,False,exact,n/a(HTS_BUY는 trailing 리셋 분기 없음),,
332,2026-06-25T19:38:23.508576+09:00,KRW-ZORA,HTS_BUY_ADD,2766.19026548,5529.1563369,GENUINE,bid/limit/done created 2026-06-25T18:50:59+09:00 vol=2762.96607142 exec=2762.96607142 EXT e63c9845,,e63c9845-f8a5-419e-b284-5565d0dbbda9,False,exact,journal 보존기간 밖(확인 불가),,
333,2026-06-25T19:42:24.466893+09:00,KRW-ZORA,HTS_BUY_ADD,5529.1563369,8289.12120176,GENUINE,bid/limit/done created 2026-06-25T18:51:02+09:00 vol=2759.96486486 exec=2759.96486486 EXT 2d0b103a,,2d0b103a-e9e2-4dca-9c07-93dc521c8d1d,False,exact,journal 보존기간 밖(확인 불가),,
334,2026-06-25T20:08:31.540401+09:00,KRW-KAITO,HTS_BUY_ADD,46.82449127,93.11322857,GENUINE,bid/limit/done created 2026-06-25T18:27:47+09:00 vol=46.2887373 exec=46.2887373 EXT e4266f05,,e4266f05-5669-4145-b889-12848c4b4683,False,exact,journal 보존기간 밖(확인 불가),,
337,2026-06-25T22:47:23.829673+09:00,KRW-KAITO,HTS_BUY_ADD,93.11322857,139.0054524,GENUINE,bid/limit/done created 2026-06-25T18:27:51+09:00 vol=45.89222383 exec=45.89222383 EXT 02f5496a,,02f5496a-5bfb-42ca-ac6e-1c086e22668b,False,exact,journal 보존기간 밖(확인 불가),,
338,2026-06-25T22:49:24.167637+09:00,KRW-KAITO,HTS_BUY_ADD,139.0054524,186.85069257,GENUINE,bid/limit/done created 2026-06-25T17:52:18+09:00 vol=47.84524017 exec=47.84524017 EXT c7154c64,,c7154c64-3e50-4488-85f3-384aece9ae4d,False,exact,journal 보존기간 밖(확인 불가),,
339,2026-06-25T22:52:24.871244+09:00,KRW-KAITO,HTS_BUY_ADD,186.85069257,234.28629023,GENUINE,bid/limit/done created 2026-06-25T17:52:24+09:00 vol=47.43559766 exec=47.43559766 EXT 80f8999d,,80f8999d-0ad1-495e-8d94-68dd7b054a24,False,exact,journal 보존기간 밖(확인 불가),,
340,2026-06-26T11:53:15.378691+09:00,KRW-ARX,HTS_BUY,0.0,89.77049222,GENUINE,bid/limit/done created 2026-06-26T11:50:01+09:00 vol=89.77049222 exec=89.77049222 EXT 6a06b5ff,,6a06b5ff-9a5f-4599-8dc3-4ed439255979,False,exact,n/a(HTS_BUY는 trailing 리셋 분기 없음),,
341,2026-06-26T11:54:16.488059+09:00,KRW-ARX,HTS_BUY_ADD,89.77049222,267.3150673,GENUINE,bid/limit/done created 2026-06-26T11:50:06+09:00 vol=88.44140625 exec=88.44140625 EXT 90535494; bid/limit/done created 2026-06-26T11:50:04+09:00 vol=89.10316883 exec=89.10316883 EXT 83e0ed11,,90535494-83b6-4dc5-a0a7-f4fd03cb7674;83e0ed11-18c4-49f7-a084-ba2a2b5fe027,False,exact,journal 보존기간 밖(확인 불가),,
342,2026-06-26T17:29:26.186570+09:00,KRW-AGLD,HTS_BUY,0.0,194.46078125,GENUINE,bid/limit/done created 2026-06-26T16:09:09+09:00 vol=194.46078125 exec=194.46078125 EXT 67fb1526,,67fb1526-7673-4382-af08-66a8763bebc2,False,exact,n/a(HTS_BUY는 trailing 리셋 분기 없음),,
343,2026-06-26T17:29:27.406599+09:00,KRW-BLUR,HTS_BUY,0.0,1670.37037038,GENUINE,partial fill of limit bid(s): bid/limit created 2026-06-26T17:28:40+09:00 exec_total=1659.1453271 EXT 79a146a0; bid/limit created 2026-06-26T17:28:37+09:00 exec_total=1668.11813953 EXT 7b213169,,79a146a0-ce60-418f-9c2d-b9d4f93c3ac1;7b213169-4dd9-4320-91c5-50502a31b494,False,partial_fill,n/a(HTS_BUY는 trailing 리셋 분기 없음),,
344,2026-06-26T17:30:27.728209+09:00,KRW-BLUR,HTS_BUY_ADD,1670.37037038,1677.17546296,GENUINE,partial fill of limit bid(s): bid/limit created 2026-06-26T17:28:37+09:00 exec_total=1668.11813953 EXT 7b213169,,7b213169-4dd9-4320-91c5-50502a31b494,False,partial_fill,journal 보존기간 밖(확인 불가),,
345,2026-06-26T17:32:25.050860+09:00,KRW-SNT,HTS_BUY,0.0,3254.67407407,GENUINE,bid/limit/done created 2026-06-26T17:31:42+09:00 vol=3254.67407407 exec=3254.67407407 EXT 3698e4c5,,3698e4c5-1301-4a7a-a6ed-d980da3cfcf5,False,exact,n/a(HTS_BUY는 trailing 리셋 분기 없음),,
346,2026-06-26T17:35:26.842955+09:00,KRW-SNT,HTS_BUY_ADD,3254.67407407,6506.89837313,GENUINE,bid/limit/done created 2026-06-26T17:31:46+09:00 vol=3252.22429906 exec=3252.22429906 EXT 4652cd18,,4652cd18-31ea-41b2-9179-fde81116b3a4,False,exact,journal 보존기간 밖(확인 불가),,
347,2026-06-26T18:08:41.026789+09:00,KRW-SNT,HTS_BUY_ADD,6506.89837313,9756.95780709,GENUINE,bid/limit/done created 2026-06-26T17:31:50+09:00 vol=3250.05943396 exec=3250.05943396 EXT 0bddec0a,,0bddec0a-781d-4dfe-806b-b97d8b4b09d0,False,exact,journal 보존기간 밖(확인 불가),,
348,2026-06-26T18:38:58.330706+09:00,KRW-SOL,HTS_BUY,0.0,0.29411502,GENUINE,bid/limit/done created 2026-06-26T18:38:16+09:00 vol=0.29411502 exec=0.29411502 EXT b17d18c0,,b17d18c0-e9f8-4377-9fc0-bd358ed2c06d,False,exact,n/a(HTS_BUY는 trailing 리셋 분기 없음),,
349,2026-06-26T18:52:05.935689+09:00,KRW-SOL,HTS_BUY_ADD,0.29411502,3.55784324,GENUINE,bid/limit/done created 2026-06-26T18:21:36+09:00 vol=3.26372822 exec=3.26372822 EXT a0db18ab,,a0db18ab-2329-4dea-b4c5-98e1115d0c9a,False,exact,journal 보존기간 밖(확인 불가),,
350,2026-06-26T18:58:10.052506+09:00,KRW-BLUR,HTS_BUY_ADD,1677.17546296,3345.29360249,GENUINE,partial fill of limit bid(s): bid/limit created 2026-06-26T17:28:37+09:00 exec_total=1668.11813953 EXT 7b213169; bid/limit created 2026-06-26T17:28:34+09:00 exec_total=1677.17546296 EXT a8ed29d5,,7b213169-4dd9-4320-91c5-50502a31b494;a8ed29d5-eea6-4508-80e7-f8f87c4dc054,False,partial_fill,journal 보존기간 밖(확인 불가),,
351,2026-06-26T20:49:51.923848+09:00,KRW-BLUR,HTS_BUY_ADD,3345.29360249,5004.43892959,GENUINE,bid/limit/done created 2026-06-26T17:28:34+09:00 vol=1677.17546296 exec=1677.17546296 EXT a8ed29d5,,a8ed29d5-eea6-4508-80e7-f8f87c4dc054,False,exact,journal 보존기간 밖(확인 불가),,
358,2026-06-28T06:00:04.619046+09:00,KRW-RE,HTS_BUY,0.0,10.39501039,GENUINE,bid/limit/done created 2026-06-28T05:58:58+09:00 vol=10.39501039 exec=10.39501039 EXT 6dd77130,,6dd77130-439c-4abc-936f-c87d6f7c502d,False,exact,n/a(HTS_BUY는 trailing 리셋 분기 없음),708,
359,2026-06-28T06:03:04.798374+09:00,KRW-RE,HTS_BUY_ADD,10.39501039,20.80083765,GENUINE,bid/limit/done created 2026-06-28T05:59:01+09:00 vol=10.40582726 exec=10.40582726 EXT d9fa4cc9,,d9fa4cc9-2b88-43f2-bc5e-d5a4a4179330,False,exact,journal 보존기간 밖(확인 불가),708,
360,2026-06-28T06:05:05.074084+09:00,KRW-RE,HTS_BUY_ADD,20.80083765,41.64503298,GENUINE,bid/limit/done created 2026-06-28T05:59:07+09:00 vol=10.42752867 exec=10.42752867 EXT 006388ad; bid/limit/done created 2026-06-28T05:59:04+09:00 vol=10.41666666 exec=10.41666666 EXT 9c9e268b,,006388ad-555e-4d8d-a099-40e913f77fdd;9c9e268b-17d1-44f8-94f0-fa1d93ba82ba,False,exact,journal 보존기간 밖(확인 불가),708,
361,2026-06-28T06:25:10.174536+09:00,KRW-RE,HTS_BUY_ADD,41.64503298,83.46422235,GENUINE,partial fill of limit bid(s): bid/limit created 2026-06-28T05:59:21+09:00 exec_total=10.47120418 EXT 1601b01d; bid/limit created 2026-06-28T05:59:19+09:00 exec_total=10.46025104 EXT b190c6ea; bid/limit created 2026-06-28T05:59:15+09:00 exec_total=10.44932079 EXT a7eee08a; bid/limit created 2026-06-28T05:59:12+09:00 exec_total=10.43841336 EXT e6f5a4c6,,1601b01d-1ae8-4a4d-a1b9-94a80a3670f1;b190c6ea-ae69-4c58-a08e-203fd314874a;a7eee08a-57a1-4a38-bb0f-853a7e28bacf;e6f5a4c6-d6c7-4e88-a604-c0b8f6bc687b,False,partial_fill,journal 보존기간 밖(확인 불가),708,
364,2026-06-28T12:24:52.513792+09:00,KRW-RE,HTS_BUY,0.0,10.54199504,GENUINE,bid/limit/done created 2026-06-28T12:23:10+09:00 vol=5.24723958 exec=5.24723958 EXT 2f590b37; bid/limit/done created 2026-06-28T12:23:05+09:00 vol=5.29475546 exec=5.29475546 EXT 15c4f647,,2f590b37-eb50-4dea-8892-28578c265564;15c4f647-be05-4b62-b02b-f4983592d32f,False,exact,n/a(HTS_BUY는 trailing 리셋 분기 없음),708,
369,2026-06-29T04:37:20.846199+09:00,KRW-RE,HTS_BUY_ADD,10.54199504,16.03351607,GENUINE,bid/limit/done created 2026-06-29T04:28:22+09:00 vol=5.49152103 exec=5.49152103 EXT 5b294501,,5b294501-1567-405f-bfa6-a17ae5ba8213,False,exact,journal 보존기간 밖(확인 불가),708,
370,2026-06-29T04:47:22.667376+09:00,KRW-RE,HTS_BUY_ADD,16.03351607,21.49957897,GENUINE,bid/limit/done created 2026-06-29T04:46:30+09:00 vol=5.4660629 exec=5.4660629 EXT c3f689fb,,c3f689fb-cef1-4445-ab58-b7ef3a0c5a93,False,exact,journal 보존기간 밖(확인 불가),708,
371,2026-06-29T09:00:19.780302+09:00,KRW-RE,HTS_BUY_ADD,21.49957897,406.16199655,GENUINE,bid/limit/done created 2026-06-29T07:50:17+09:00 vol=384.66241758 exec=384.66241758 EXT 71dfbe78,,71dfbe78-63f9-4e59-bd3d-4be3183d9422,False,exact,journal 보존기간 밖(확인 불가),708,
372,2026-06-29T10:34:40.460894+09:00,KRW-OPEN,HTS_BUY,0.0,129.10700819,GENUINE,bid/limit/done created 2026-06-29T10:33:08+09:00 vol=129.10700819 exec=129.10700819 EXT 602bd045,,602bd045-dafb-4f02-addb-676925a50c2b,False,exact,n/a(HTS_BUY는 trailing 리셋 분기 없음),,
373,2026-06-30T09:01:19.474262+09:00,KRW-IRYS,HTS_BUY,0.0,1585.11422222,GENUINE,bid/limit/done created 2026-06-30T09:00:49+09:00 vol=1585.11422222 exec=1585.11422222 EXT d8d9c960,,d8d9c960-160a-4c76-92b3-7f8bff9389ae,False,exact,n/a(HTS_BUY는 trailing 리셋 분기 없음),,
374,2026-06-30T09:15:24.082554+09:00,KRW-IRYS,HTS_BUY_ADD,1585.11422222,3193.39547222,GENUINE,bid/limit/done created 2026-06-30T09:00:44+09:00 vol=1608.28125 exec=1608.28125 EXT ea097f87,,ea097f87-b543-4d2c-a300-ceb55f95b5e1,False,exact,journal 보존기간 밖(확인 불가),,
375,2026-06-30T09:32:29.763638+09:00,KRW-IRYS,HTS_BUY_ADD,3193.39547222,4783.85673348,GENUINE,bid/limit/done created 2026-06-30T09:00:56+09:00 vol=1590.46126126 exec=1590.46126126 EXT 4c38c522,,4c38c522-d839-46d2-817d-d7f7d2a0a89e,False,exact,journal 보존기간 밖(확인 불가),,
376,2026-06-30T14:20:54.979894+09:00,KRW-IRYS,HTS_BUY,0.0,1588.86272727,GENUINE,bid/limit/done created 2026-06-30T09:01:00+09:00 vol=1588.86272727 exec=1588.86272727 EXT 8fa7e6df,,8fa7e6df-bc76-41e2-bc34-3b609ea3f4b3,False,exact,n/a(HTS_BUY는 trailing 리셋 분기 없음),,
377,2026-06-30T15:15:07.799413+09:00,KRW-NEAR,HTS_BUY,0.0,24.03924541,GENUINE,bid/limit/done created 2026-06-30T15:14:48+09:00 vol=11.95919252 exec=11.95919252 EXT fe436546; bid/limit/done created 2026-06-30T15:14:38+09:00 vol=12.08005289 exec=12.08005289 EXT f915d60f,,fe436546-63f8-4694-a71e-47884942de48;f915d60f-07a4-4fce-9edc-8a414e15fa1f,False,exact,n/a(HTS_BUY는 trailing 리셋 분기 없음),,
378,2026-06-30T15:17:08.389813+09:00,KRW-NEAR,HTS_BUY_ADD,24.03924541,46.05120223,GENUINE,bid/limit/done created 2026-06-30T15:16:23+09:00 vol=10.6110307 exec=10.6110307 EXT 76d727c7; bid/limit/done created 2026-06-30T15:15:26+09:00 vol=11.40092612 exec=11.40092612 EXT 9fa27da0,,76d727c7-b2cf-485c-81c0-2cf2228d8a08;9fa27da0-94e7-42fb-ac14-7f1017ae9d81,False,exact,journal 보존기간 밖(확인 불가),,
379,2026-06-30T15:18:08.695000+09:00,KRW-NEAR,HTS_BUY_ADD,46.05120223,57.80544551,GENUINE,bid/limit/done created 2026-06-30T15:15:06+09:00 vol=11.75424328 exec=11.75424328 EXT 55212fc1,,55212fc1-8fc4-463a-be1b-72928edaf9e2,False,exact,journal 보존기간 밖(확인 불가),,
380,2026-06-30T15:20:09.314603+09:00,KRW-NEAR,HTS_BUY_ADD,57.80544551,92.29799604,GENUINE,bid/limit/done created 2026-06-30T15:15:30+09:00 vol=11.29884288 exec=11.29884288 EXT b5bfdbac; bid/limit/done created 2026-06-30T15:15:15+09:00 vol=11.54470942 exec=11.54470942 EXT d13526f9; bid/limit/done created 2026-06-30T15:15:12+09:00 vol=11.64899823 exec=11.64899823 EXT 46b1fd04,,b5bfdbac-8b82-4c06-b0e1-620c87733638;d13526f9-261a-49d0-bbdb-5fe105017c8d;46b1fd04-2168-4753-b33c-74255b1ab2c8,False,exact,journal 보존기간 밖(확인 불가),,
381,2026-06-30T15:37:17.222624+09:00,KRW-IRYS,HTS_BUY_ADD,1588.86272727,6372.71946075,LOCK_RELEASE,ask/limit/cancel created 2026-06-30T12:53:12+09:00 vol=4783.85673348 exec=0.0 EXT bb986e08,bb986e08-67ad-4a88-b6c9-d0fa90c99e5a,,False,exact,journal 보존기간 밖(확인 불가),,"실피해 없음: 리셋 코드(e182230, 2026-07-27 21:16 커밋) 이전 시점이고 해당 종목은 봇 감시 종목 아님(audit_sell_eval 없음, 당시 settings ticker=JTO)"
382,2026-06-30T16:01:21.450596+09:00,KRW-NEAR,HTS_BUY_ADD,92.29799604,103.51952958,GENUINE,bid/limit/done created 2026-06-30T15:15:34+09:00 vol=11.22153354 exec=11.22153354 EXT 1ff572d1,,1ff572d1-db28-454e-af45-df2c0a8c0f92,False,exact,journal 보존기간 밖(확인 불가),,
383,2026-06-30T16:09:23.737043+09:00,KRW-NEAR,HTS_BUY_ADD,103.51952958,125.43894557,GENUINE,bid/limit/done created 2026-06-30T15:15:51+09:00 vol=10.79831081 exec=10.79831081 EXT 5282a50e; bid/limit/done created 2026-06-30T15:15:37+09:00 vol=11.12110518 exec=11.12110518 EXT fc678c3d,,5282a50e-a7a2-4448-a62b-ac636f0a367c;fc678c3d-fe24-4550-b407-7dd4f8c6c694,False,exact,journal 보존기간 밖(확인 불가),,
384,2026-06-30T16:13:24.845469+09:00,KRW-NEAR,HTS_BUY_ADD,125.43894557,136.47624161,GENUINE,bid/limit/done created 2026-06-30T15:15:40+09:00 vol=11.03729604 exec=11.03729604 EXT 7ba9e2b6,,7ba9e2b6-5f99-4059-810f-f8162ed585f1,False,exact,journal 보존기간 밖(확인 불가),,
385,2026-06-30T17:16:41.257337+09:00,KRW-NEAR,HTS_BUY_ADD,136.47624161,159.40972136,GENUINE,bid/limit/done created 2026-06-30T15:15:44+09:00 vol=10.9502749 exec=10.9502749 EXT 0d633990; bid/limit/done created 2026-06-30T15:14:57+09:00 vol=11.98320485 exec=11.98320485 EXT ecfe2277,,0d633990-d529-4e98-b03e-c7fcfbbc8507;ecfe2277-239b-4e4b-8dd1-98493e1747a2,False,exact,journal 보존기간 밖(확인 불가),,
386,2026-06-30T20:16:41.831122+09:00,KRW-JTO,HTS_BUY,0.0,2756.32524944,GENUINE,bid/limit/done created 2026-06-30T20:11:25+09:00 vol=2756.32524944 exec=2756.32524944 EXT c0f54e90,,c0f54e90-9962-438c-9999-75a8a778288e,False,exact,n/a(HTS_BUY는 trailing 리셋 분기 없음),387,
396,2026-07-03T10:25:26.099754+09:00,KRW-JTO,HTS_BUY,0.0,1909.31015809,GENUINE,partial fill of limit bid(s): bid/limit created 2026-07-03T10:24:22+09:00 exec_total=3060.72426342 BOT e6351e16,,e6351e16-a75a-4907-a1ab-78923cdd3821,True,partial_fill,n/a(HTS_BUY는 trailing 리셋 분기 없음),399,
403,2026-07-04T12:51:02.747650+09:00,KRW-JTO,HTS_BUY,0.0,756.6213784,GENUINE,bid/limit/done created 2026-07-04T12:49:56+09:00 vol=756.6213784 exec=756.6213784 EXT d4420060,,d4420060-07b9-4f28-bb11-5e1c0398439a,False,exact,n/a(HTS_BUY는 trailing 리셋 분기 없음),404,
405,2026-07-04T18:17:03.250307+09:00,KRW-RE,HTS_BUY,0.0,910.64799154,GENUINE,bid/limit/done created 2026-07-04T18:16:09+09:00 vol=910.64799154 exec=910.64799154 EXT f903d4f7,,f903d4f7-d340-4534-a71b-f3c23e8adf54,False,exact,n/a(HTS_BUY는 trailing 리셋 분기 없음),708,
406,2026-07-04T18:53:20.871284+09:00,KRW-XRP,HTS_BUY,0.0,502.24112339,GENUINE,bid/limit/done created 2026-07-04T18:52:16+09:00 vol=502.24112339 exec=502.24112339 EXT 307c224b,,307c224b-c929-4882-9e12-142c501c2c7f,False,exact,n/a(HTS_BUY는 trailing 리셋 분기 없음),,
407,2026-07-04T22:15:16.741183+09:00,KRW-RE,HTS_BUY,0.0,368.6568796,GENUINE,partial fill of limit bid(s): bid/limit created 2026-07-04T22:14:27+09:00 exec_total=299.23828877 EXT d55297e2; bid/limit created 2026-07-04T22:14:24+09:00 exec_total=332.15021367 EXT 37df128a | note: 1 unused cancelled ask(s) with rem<delta exist,,d55297e2-0358-4ef0-8fc2-413266158f3a;37df128a-d507-4c11-9e42-bebb458c4e1b,False,partial_fill,n/a(HTS_BUY는 trailing 리셋 분기 없음),708,
408,2026-07-04T22:16:17.470232+09:00,KRW-RE,HTS_BUY_ADD,368.6568796,700.83260427,GENUINE,partial fill of limit bid(s): bid/limit created 2026-07-04T22:14:24+09:00 exec_total=332.15021367 EXT 37df128a; bid/limit created 2026-07-04T22:14:22+09:00 exec_total=368.6823906 EXT a1320e92 | note: 1 unused cancelled ask(s) with rem<delta exist,,37df128a-d507-4c11-9e42-bebb458c4e1b;a1320e92-0cce-4146-ace4-acfb5928e83d,False,partial_fill,journal 보존기간 밖(확인 불가),708,
409,2026-07-04T22:53:40.479110+09:00,KRW-RE,HTS_BUY_ADD,700.83260427,1000.07089304,GENUINE,bid/limit/done created 2026-07-04T22:14:22+09:00 vol=368.6823906 exec=368.6823906 EXT a1320e92,,a1320e92-0cce-4146-ace4-acfb5928e83d,False,exact,journal 보존기간 밖(확인 불가),708,
410,2026-07-05T08:15:47.598492+09:00,KRW-OPEN,HTS_BUY,0.0,1373.83188976,GENUINE,bid/limit/done created 2026-07-05T08:13:04+09:00 vol=1373.83188976 exec=1373.83188976 EXT 15579679,,15579679-71b2-435e-97f1-26a5110fb587,False,exact,n/a(HTS_BUY는 trailing 리셋 분기 없음),,
411,2026-07-05T08:16:48.328036+09:00,KRW-OPEN,HTS_BUY_ADD,1373.83188976,2615.09908343,GENUINE,bid/limit/done created 2026-07-05T08:13:06+09:00 vol=1241.26719367 exec=1241.26719367 EXT 9f37b747,,9f37b747-3af6-48b4-a140-e20c1f163958,False,exact,journal 보존기간 밖(확인 불가),,
412,2026-07-05T08:59:19.886446+09:00,KRW-RE,HTS_BUY,0.0,504.67764324,GENUINE,bid/limit/done created 2026-07-05T08:26:13+09:00 vol=239.18223615 exec=239.18223615 EXT ed36794d; bid/limit/done created 2026-07-05T08:26:10+09:00 vol=265.49540709 exec=265.49540709 EXT 3ad6880a,,ed36794d-c75c-4a3c-b1c8-79526bf2dd89;3ad6880a-c9c7-44bc-a3dd-d3d480356d86,False,exact,n/a(HTS_BUY는 trailing 리셋 분기 없음),708,
413,2026-07-05T09:00:21.064256+09:00,KRW-RE,HTS_BUY_ADD,504.67764324,720.15483989,GENUINE,bid/limit/done created 2026-07-05T08:26:16+09:00 vol=215.47719665 exec=215.47719665 EXT f1224db5,,f1224db5-08c7-43ff-b06b-dfa64aaa732f,False,exact,journal 보존기간 밖(확인 불가),708,
414,2026-07-05T09:01:21.799554+09:00,KRW-RE,HTS_BUY_ADD,720.15483989,914.27661999,GENUINE,bid/limit/done created 2026-07-05T08:26:38+09:00 vol=194.1217801 exec=194.1217801 EXT 46c67eb2,,46c67eb2-9dcb-4ff6-99e1-d54bc4220522,False,exact,journal 보존기간 밖(확인 불가),708,
415,2026-07-05T09:25:40.692717+09:00,KRW-OPEN,HTS_BUY,0.0,1121.51111111,GENUINE,bid/limit/done created 2026-07-05T08:13:09+09:00 vol=1121.51111111 exec=1121.51111111 EXT 325b296f,,325b296f-b81b-4763-b8e7-3674451154b2,False,exact,n/a(HTS_BUY는 trailing 리셋 분기 없음),,
418,2026-07-05T15:02:01.712862+09:00,KRW-JTO,HTS_BUY,0.0,311.50840787,GENUINE,bid/limit/done created 2026-07-05T15:01:39+09:00 vol=311.50840787 exec=311.50840787 EXT 16c56b42,,16c56b42-357a-43f7-bb0a-c57ad963165c,False,exact,n/a(HTS_BUY는 trailing 리셋 분기 없음),424,
419,2026-07-05T15:17:10.020149+09:00,KRW-JTO,HTS_BUY_ADD,311.50840787,966.05772698,GENUINE,bid/limit/done created 2026-07-05T15:02:16+09:00 vol=120.73240823 exec=120.73240823 EXT 71fce919; bid/limit/done created 2026-07-05T15:01:44+09:00 vol=252.97255605 exec=252.97255605 EXT 507bff13; bid/limit/done created 2026-07-05T15:01:41+09:00 vol=280.84435483 exec=280.84435483 EXT 6c40d877,,71fce919-a5d3-4b36-95ce-0e986618fabc;507bff13-1771-4bb2-a6c4-76520cb3cb54;6c40d877-a65b-4b85-9e7d-dbd086a91362,False,exact,journal 보존기간 밖(확인 불가),424,
420,2026-07-05T15:21:12.021617+09:00,KRW-JTO,HTS_BUY_ADD,966.05772698,1399.1779722,GENUINE,bid/limit/done created 2026-07-05T15:01:50+09:00 vol=205.25318957 exec=205.25318957 EXT 4bb55dca; bid/limit/done created 2026-07-05T15:01:46+09:00 vol=227.86705565 exec=227.86705565 EXT 07639598,,4bb55dca-4e93-4aee-ac3e-d3814e3730cd;07639598-3b85-46c5-99e7-79d1c4f9e3ea,False,exact,journal 보존기간 밖(확인 불가),424,
421,2026-07-05T15:22:12.563029+09:00,KRW-JTO,HTS_BUY_ADD,1399.1779722,1900.60661781,GENUINE,bid/limit/done created 2026-07-05T15:02:01+09:00 vol=150.009009 exec=150.009009 EXT 34627acb; bid/limit/done created 2026-07-05T15:01:58+09:00 vol=166.53591359 exec=166.53591359 EXT 9460f31b; bid/limit/done created 2026-07-05T15:01:54+09:00 vol=184.88372302 exec=184.88372302 EXT 5951d6c2,,34627acb-2868-4b8d-b3d0-c638b783ea1a;9460f31b-7534-4261-b9d2-311e6d24e665;5951d6c2-33ed-4fbc-a4dc-b8a438351b85,False,exact,journal 보존기간 밖(확인 불가),424,
422,2026-07-05T16:05:37.198788+09:00,KRW-JTO,HTS_BUY,0.0,1560.2045658,GENUINE,bid/limit/done created 2026-07-05T16:03:50+09:00 vol=1560.2045658 exec=1560.2045658 EXT 3d592409,,3d592409-8ae5-49cf-afad-98360a59f5e6,False,exact,n/a(HTS_BUY는 trailing 리셋 분기 없음),424,
423,2026-07-05T16:21:46.532965+09:00,KRW-JTO,HTS_BUY_ADD,1560.2045658,1718.26962932,GENUINE,bid/limit/done created 2026-07-05T16:20:48+09:00 vol=158.06506352 exec=158.06506352 EXT a55e2a6e,,a55e2a6e-c0eb-46dc-b6a9-c48625075eb0,False,exact,journal 보존기간 밖(확인 불가),424,
425,2026-07-05T16:29:51.578515+09:00,KRW-JTO,HTS_BUY,0.0,313.19403794,GENUINE,bid/limit/done created 2026-07-05T16:26:08+09:00 vol=313.19403794 exec=313.19403794 EXT 012b9144,,012b9144-2aaf-4a94-b5a8-2f930c539371,False,exact,n/a(HTS_BUY는 trailing 리셋 분기 없음),428,
426,2026-07-05T17:01:10.121684+09:00,KRW-JTO,HTS_BUY_ADD,313.19403794,1580.34430869,GENUINE,bid/limit/done created 2026-07-05T16:46:37+09:00 vol=1267.15027075 exec=1267.15027075 EXT b4fee30e,,b4fee30e-ceb6-44ba-adab-9c5be4c97a23,False,exact,journal 보존기간 밖(확인 불가),428,
427,2026-07-05T17:08:13.821136+09:00,KRW-JTO,HTS_BUY_ADD,1580.34430869,1862.96921811,GENUINE,bid/limit/done created 2026-07-05T16:26:11+09:00 vol=282.62490942 exec=282.62490942 EXT ec9d4b93,,ec9d4b93-01c1-4a46-ba91-92c35ae48262,False,exact,journal 보존기간 밖(확인 불가),428,
429,2026-07-06T09:35:25.190217+09:00,KRW-RE,HTS_BUY,0.0,340.90585898,GENUINE,bid/limit/done created 2026-07-06T09:35:04+09:00 vol=340.90585898 exec=340.90585898 EXT 3dab5e68,,3dab5e68-58c2-484d-9750-d2d123e3897b,False,exact,n/a(HTS_BUY는 trailing 리셋 분기 없음),708,
430,2026-07-06T10:13:47.364547+09:00,KRW-RE,HTS_BUY_ADD,340.90585898,662.38952183,GENUINE,bid/limit/done created 2026-07-06T10:13:35+09:00 vol=321.48366285 exec=321.48366285 EXT 7f976acf,,7f976acf-2dac-4dab-82e3-243898c2c5dd,False,exact,journal 보존기간 밖(확인 불가),708,
433,2026-07-07T04:33:54.258549+09:00,KRW-RE,HTS_BUY,0.0,662.38952183,LOCK_RELEASE,ask/limit/cancel created 2026-07-07T04:22:34+09:00 vol=662.38952183 exec=0.0 EXT 5c70f377,5c70f377-9628-4944-b42c-135813c22032,,False,exact,n/a(HTS_BUY는 trailing 리셋 분기 없음),708,trailing 리셋 대상 아님(HTS_BUY)
434,2026-07-08T00:17:30.529157+09:00,KRW-JTO,HTS_BUY,0.0,1468.0339347,GENUINE,bid/limit/done created 2026-07-08T00:15:23+09:00 vol=1468.0339347 exec=1468.0339347 EXT 3181e28d,,3181e28d-6b15-45c8-92f6-8fae8b06d9f3,False,exact,n/a(HTS_BUY는 trailing 리셋 분기 없음),442,
435,2026-07-08T00:34:42.120336+09:00,KRW-JTO,HTS_BUY_ADD,1468.0339347,1482.62280441,GENUINE,bid/limit/done created 2026-07-08T00:27:06+09:00 vol=14.58886971 exec=14.58886971 EXT b14062f5,,b14062f5-abbc-49e4-bfc4-51d7efd3d4d0,False,exact,journal 보존기간 밖(확인 불가),442,
436,2026-07-08T01:05:02.285011+09:00,KRW-JTO,HTS_BUY_ADD,1482.62280441,2208.38246106,GENUINE,bid/limit/done created 2026-07-08T01:04:12+09:00 vol=725.75965665 exec=725.75965665 EXT 466ab1d3,,466ab1d3-3974-409f-ba30-89b8d3e3ed2c,False,exact,journal 보존기간 밖(확인 불가),442,
437,2026-07-08T07:57:46.880353+09:00,KRW-JTO,HTS_BUY,0.0,184.09243391,GENUINE,bid/limit/done created 2026-07-08T07:55:06+09:00 vol=184.09243391 exec=184.09243391 EXT a8315720,,a8315720-8062-4c03-b70f-b30dc93e35fc,False,exact,n/a(HTS_BUY는 trailing 리셋 분기 없음),442,
438,2026-07-08T09:12:35.841730+09:00,KRW-JTO,HTS_BUY_ADD,184.09243391,496.22573682,GENUINE,bid/limit/done created 2026-07-08T07:54:14+09:00 vol=312.13330291 exec=312.13330291 EXT fadb1864,,fadb1864-84e6-4ee7-9fa8-dd5d02487ae3,False,exact,journal 보존기간 밖(확인 불가),442,
439,2026-07-08T09:42:56.947961+09:00,KRW-JTO,HTS_BUY_ADD,496.22573682,600.22583266,GENUINE,partial fill of limit bid(s): bid/limit created 2026-07-08T09:42:51+09:00 exec_total=169.84329432 EXT 67377b92,,67377b92-9622-475f-af0e-fad4e87173f8,False,partial_fill,journal 보존기간 밖(확인 불가),442,
440,2026-07-08T09:43:57.587005+09:00,KRW-JTO,HTS_BUY_ADD,600.22583266,705.17972785,GENUINE,partial fill of limit bid(s): bid/limit created 2026-07-08T09:42:51+09:00 exec_total=169.84329432 EXT 67377b92; bid/limit created 2026-07-08T09:42:47+09:00 exec_total=188.55548561 EXT 65da2130,,67377b92-9622-475f-af0e-fad4e87173f8;65da2130-8bf7-468e-8122-34c1808e7a85,False,partial_fill,journal 보존기간 밖(확인 불가),442,
441,2026-07-08T10:07:14.025910+09:00,KRW-JTO,HTS_BUY_ADD,705.17972785,963.40791456,GENUINE,bid/limit/done created 2026-07-08T09:42:39+09:00 vol=258.22818671 exec=258.22818671 EXT f5056c72,,f5056c72-2706-4adf-8fd6-06cfe577b541,False,exact,journal 보존기간 밖(확인 불가),442,
443,2026-07-08T10:12:17.216347+09:00,KRW-JTO,HTS_BUY_ADD,188.55548561,358.39877993,GENUINE,partial fill of limit bid(s): bid/limit created 2026-07-08T09:42:47+09:00 exec_total=188.55548561 EXT 65da2130; bid/limit created 2026-07-08T09:42:44+09:00 exec_total=208.95399103 EXT 54137222,,65da2130-8bf7-468e-8122-34c1808e7a85;54137222-a3ff-463c-bdd2-03679623f0c9,False,partial_fill,journal 보존기간 밖(확인 불가),444,
445,2026-07-08T15:36:08.852683+09:00,KRW-SOON,HTS_BUY,0.0,268.37585804,GENUINE,bid/limit/done created 2026-07-08T15:34:55+09:00 vol=133.77794466 exec=133.77794466 EXT 3f2ef785; bid/limit/done created 2026-07-08T15:34:53+09:00 vol=134.59791338 exec=134.59791338 EXT ceffd0ed,,3f2ef785-ba8a-4d2c-9f69-3f33e6e3846b;ceffd0ed-fb4c-4fad-a845-6b4a8315bdb8,False,exact,n/a(HTS_BUY는 trailing 리셋 분기 없음),,
446,2026-07-08T16:01:27.155812+09:00,KRW-SOON,HTS_BUY_ADD,268.37585804,533.50006106,GENUINE,bid/limit/done created 2026-07-08T15:35:01+09:00 vol=132.15916334 exec=132.15916334 EXT cb94dee5; bid/limit/done created 2026-07-08T15:34:58+09:00 vol=132.96503968 exec=132.96503968 EXT 882cc415,,cb94dee5-78ac-46ac-a296-96778ce536c9;882cc415-f057-4d24-ae5a-f8316c0b16ed,False,exact,journal 보존기간 밖(확인 불가),,
447,2026-07-08T17:19:23.276314+09:00,KRW-SOON,HTS_BUY_ADD,533.50006106,664.86030106,GENUINE,bid/limit/done created 2026-07-08T15:35:04+09:00 vol=131.36024 exec=131.36024 EXT aa981672,,aa981672-e675-48a1-bf78-398319430b46,False,exact,journal 보존기간 밖(확인 불가),,
448,2026-07-08T17:24:27.370015+09:00,KRW-SOON,HTS_BUY_ADD,664.86030106,795.42857415,GENUINE,bid/limit/done created 2026-07-08T15:35:06+09:00 vol=130.56827309 exec=130.56827309 EXT ccb08f1b,,ccb08f1b-c0b7-4bee-9950-f654d1efa1f6,False,exact,journal 보존기간 밖(확인 불가),,
449,2026-07-08T17:42:40.194342+09:00,KRW-SOON,HTS_BUY_ADD,795.42857415,925.21171931,GENUINE,bid/limit/done created 2026-07-08T15:35:09+09:00 vol=129.78314516 exec=129.78314516 EXT 69fb8bcb,,69fb8bcb-cd6f-47ae-a021-7b5b4b15bb17,False,exact,journal 보존기간 밖(확인 불가),,
450,2026-07-08T18:03:55.481036+09:00,KRW-SOON,HTS_BUY_ADD,925.21171931,1054.2165776,GENUINE,bid/limit/done created 2026-07-08T15:35:12+09:00 vol=129.00485829 exec=129.00485829 EXT f244b5ce,,f244b5ce-8af2-4ed8-864e-ea783edad65d,False,exact,journal 보존기간 밖(확인 불가),,
451,2026-07-08T18:20:06.588072+09:00,KRW-SOON,HTS_BUY_ADD,1054.2165776,1182.44991093,GENUINE,bid/limit/done created 2026-07-08T15:35:14+09:00 vol=128.23333333 exec=128.23333333 EXT e5576fe2,,e5576fe2-0fcd-4b19-a340-5aab2a5f4017,False,exact,journal 보존기간 밖(확인 불가),,
456,2026-07-10T14:17:42.213396+09:00,KRW-GRT,HTS_BUY,0.0,1287.19962264,GENUINE,bid/limit/done created 2026-07-10T14:16:56+09:00 vol=1287.19962264 exec=1287.19962264 EXT c2b87a08,,c2b87a08-ead7-4ba4-8490-e52337279cf0,False,exact,n/a(HTS_BUY는 trailing 리셋 분기 없음),,
457,2026-07-10T14:21:42.842425+09:00,KRW-SOL,HTS_BUY,0.0,0.27791374,GENUINE,bid/limit/done created 2026-07-10T14:21:22+09:00 vol=0.27791374 exec=0.27791374 EXT 21b8ab34,,21b8ab34-e733-4d29-9836-937403da9938,False,exact,n/a(HTS_BUY는 trailing 리셋 분기 없음),,
458,2026-07-10T15:20:26.448540+09:00,KRW-SOL,HTS_BUY_ADD,0.27791374,0.82612379,GENUINE,bid/limit/done created 2026-07-10T14:21:27+09:00 vol=0.27284333 exec=0.27284333 EXT e5aea780; bid/limit/done created 2026-07-10T14:21:24+09:00 vol=0.27536672 exec=0.27536672 EXT bc3a413b,,e5aea780-38b7-4542-bd37-5ae944df15ea;bc3a413b-729a-4e1f-add1-2c390b936e1f,False,exact,journal 보존기간 밖(확인 불가),,
459,2026-07-10T15:25:30.734606+09:00,KRW-SOL,HTS_BUY_ADD,0.82612379,1.09646698,GENUINE,bid/limit/done created 2026-07-10T14:21:30+09:00 vol=0.27034319 exec=0.27034319 EXT c1150820,,c1150820-9162-40e4-a4fd-938ca7f4d22e,False,exact,journal 보존기간 밖(확인 불가),,
460,2026-07-10T15:26:31.661806+09:00,KRW-SOL,HTS_BUY_ADD,1.09646698,1.36433319,GENUINE,bid/limit/done created 2026-07-10T14:21:53+09:00 vol=0.26786621 exec=0.26786621 EXT aa735d57,,aa735d57-0812-4c71-b304-be0fa18ab1dc,False,exact,journal 보존기간 밖(확인 불가),,
461,2026-07-10T15:55:53.133278+09:00,KRW-GRT,HTS_BUY_ADD,1287.19962264,2592.33295597,GENUINE,bid/limit/done created 2026-07-10T14:16:54+09:00 vol=1305.13333333 exec=1305.13333333 EXT 095c44a4,,095c44a4-cb09-4703-8811-6b5a45e7ccad,False,exact,journal 보존기간 밖(확인 불가),,
462,2026-07-10T16:49:38.396410+09:00,KRW-SOL,HTS_BUY_ADD,1.36433319,1.62974528,GENUINE,bid/limit/done created 2026-07-10T14:21:56+09:00 vol=0.26541209 exec=0.26541209 EXT 46e87476,,46e87476-d284-48d6-a15e-6e2d23cac4b8,False,exact,journal 보존기간 밖(확인 불가),,
463,2026-07-10T23:05:26.690201+09:00,KRW-SOL,HTS_BUY_ADD,1.62974528,2.15329759,GENUINE,bid/limit/done created 2026-07-10T14:22:11+09:00 vol=0.26057167 exec=0.26057167 EXT ce2d1302; bid/limit/done created 2026-07-10T14:21:59+09:00 vol=0.26298064 exec=0.26298064 EXT cdbc7681,,ce2d1302-9c5c-40f0-aaa1-6df2aaa6e887;cdbc7681-707a-49ee-839d-39c8d2cac759,False,exact,journal 보존기간 밖(확인 불가),,
464,2026-07-10T23:08:29.057912+09:00,KRW-SOL,HTS_BUY_ADD,2.15329759,2.66730281,GENUINE,bid/limit/done created 2026-07-10T14:22:22+09:00 vol=0.25582025 exec=0.25582025 EXT d53ceff2; bid/limit/done created 2026-07-10T14:22:19+09:00 vol=0.25818497 exec=0.25818497 EXT 2d49870c,,d53ceff2-af29-4897-9a7b-470d3df41acb;2d49870c-7682-4cb4-a79c-70001802aab9,False,exact,journal 보존기간 밖(확인 불가),,
465,2026-07-10T23:14:32.109140+09:00,KRW-GRT,HTS_BUY_ADD,2592.33295597,3710.50314464,GENUINE,bid/limit/done created 2026-07-10T20:40:16+09:00 vol=1118.17018867 exec=1118.17018867 EXT 96f9ea00,,96f9ea00-3e92-4e0a-b6cf-e76090ff2815,False,exact,journal 보존기간 밖(확인 불가),,
466,2026-07-10T23:22:38.385949+09:00,KRW-GRT,HTS_BUY_ADD,3710.50314464,4821.679281,GENUINE,bid/limit/done created 2026-07-10T20:40:19+09:00 vol=1111.17613636 exec=1111.17613636 EXT 2e8127e1,,2e8127e1-256f-4848-953d-1c0eece256f9,False,exact,journal 보존기간 밖(확인 불가),,
467,2026-07-11T07:43:53.162582+09:00,KRW-GRT,HTS_BUY_ADD,4821.679281,5006.53031901,GENUINE,partial fill of limit bid(s): bid/limit created 2026-07-10T14:17:06+09:00 exec_total=1268.09042145 EXT 38631a26,,38631a26-4548-4b9b-b81a-1d860b084ace,False,partial_fill,journal 보존기간 밖(확인 불가),,
468,2026-07-11T08:31:29.918823+09:00,KRW-GRT,HTS_BUY_ADD,5006.53031901,6105.69106807,GENUINE,partial fill of limit bid(s): bid/limit created 2026-07-10T14:17:06+09:00 exec_total=1268.09042145 EXT 38631a26; bid/limit created 2026-07-10T14:17:03+09:00 exec_total=1276.01717557 EXT 2b900861,,38631a26-4548-4b9b-b81a-1d860b084ace;2b900861-2f36-4ea8-bfc2-7c146181bdb3,False,partial_fill,journal 보존기간 밖(확인 불가),,
469,2026-07-11T09:38:21.531782+09:00,KRW-GRT,HTS_BUY_ADD,6105.69106807,7381.70824364,GENUINE,partial fill of limit bid(s): bid/limit created 2026-07-10T14:17:03+09:00 exec_total=1276.01717557 EXT 2b900861; bid/limit created 2026-07-10T14:17:00+09:00 exec_total=1284.01178707 EXT 9d1504f2,,2b900861-2f36-4ea8-bfc2-7c146181bdb3;9d1504f2-2887-4bc7-a48d-661c45171a6a,False,partial_fill,journal 보존기간 밖(확인 불가),,
470,2026-07-11T10:18:54.820858+09:00,KRW-GRT,HTS_BUY_ADD,7381.70824364,8072.49137655,GENUINE,partial fill of limit bid(s): bid/limit created 2026-07-10T14:17:00+09:00 exec_total=1284.01178707 EXT 9d1504f2,,9d1504f2-2887-4bc7-a48d-661c45171a6a,False,partial_fill,journal 보존기간 밖(확인 불가),,
471,2026-07-11T10:20:56.392142+09:00,KRW-GRT,HTS_BUY_ADD,8072.49137655,8649.79866509,GENUINE,bid/limit/done created 2026-07-10T14:17:00+09:00 vol=1284.01178707 exec=1284.01178707 EXT 9d1504f2,,9d1504f2-2887-4bc7-a48d-661c45171a6a,False,exact,journal 보존기간 밖(확인 불가),,
472,2026-07-11T10:47:18.097561+09:00,KRW-SOL,HTS_BUY,0.0,0.24871098,GENUINE,bid/limit/done created 2026-07-11T10:16:35+09:00 vol=0.24871098 exec=0.24871098 EXT 15a0cb7d,,15a0cb7d-a0cf-42cf-ad7d-446bcd18ab47,False,exact,n/a(HTS_BUY는 trailing 리셋 분기 없음),,
473,2026-07-11T12:07:18.802933+09:00,KRW-JTO,HTS_BUY,0.0,742.83444929,GENUINE,bid/limit/done created 2026-07-11T12:04:56+09:00 vol=742.83444929 exec=742.83444929 EXT 3a82c2bd,,3a82c2bd-3a49-4f17-bcb6-31531aa1c398,False,exact,n/a(HTS_BUY는 trailing 리셋 분기 없음),477,
474,2026-07-11T12:08:19.739217+09:00,KRW-JTO,HTS_BUY_ADD,742.83444929,1300.56070469,GENUINE,bid/limit/done created 2026-07-11T12:04:59+09:00 vol=557.7262554 exec=557.7262554 EXT 62710df1,,62710df1-d5a6-4d6b-aa74-b020c0627cce,False,exact,journal 보존기간 밖(확인 불가),477,
475,2026-07-11T12:29:34.098891+09:00,KRW-RE,HTS_BUY,0.0,178.472373,GENUINE,bid/limit/done created 2026-07-11T12:29:17+09:00 vol=178.472373 exec=178.472373 EXT 7d36816e,,7d36816e-d9ad-4d40-b12c-c1de82c653f5,False,exact,n/a(HTS_BUY는 trailing 리셋 분기 없음),708,
476,2026-07-11T12:32:34.975435+09:00,KRW-RE,HTS_BUY_ADD,178.472373,614.73457767,GENUINE,bid/limit/done created 2026-07-11T12:29:39+09:00 vol=130.55652104 exec=130.55652104 EXT a1f8ee8e; bid/limit/done created 2026-07-11T12:29:26+09:00 vol=144.89575488 exec=144.89575488 EXT c78ae9a1; bid/limit/done created 2026-07-11T12:29:22+09:00 vol=160.80992875 exec=160.80992875 EXT 312e3b2d,,a1f8ee8e-b756-4106-ab81-3c3244a2949a;c78ae9a1-04f1-4fd5-b870-8a075a6cb6f9;312e3b2d-75dc-42f0-afdd-5b87fdb97137,False,exact,journal 보존기간 밖(확인 불가),708,
478,2026-07-11T14:54:34.420586+09:00,KRW-JTO,HTS_BUY,0.0,119.977,GENUINE,partial fill of limit bid(s): bid/limit created 2026-07-11T14:52:27+09:00 exec_total=247.81639352 EXT ecdd40e4,,ecdd40e4-c35b-4c90-a8c7-34bfa9bbec05,False,partial_fill,n/a(HTS_BUY는 trailing 리셋 분기 없음),481,
479,2026-07-11T14:55:34.661739+09:00,KRW-JTO,HTS_BUY_ADD,119.977,247.782,GENUINE,partial fill of limit bid(s): bid/limit created 2026-07-11T14:52:27+09:00 exec_total=247.81639352 EXT ecdd40e4,,ecdd40e4-c35b-4c90-a8c7-34bfa9bbec05,False,partial_fill,journal 보존기간 밖(확인 불가),481,
480,2026-07-11T14:56:34.799370+09:00,KRW-JTO,HTS_BUY_ADD,247.782,247.81639352,GENUINE,bid/limit/done created 2026-07-11T14:52:27+09:00 vol=247.81639352 exec=247.81639352 EXT ecdd40e4,,ecdd40e4-c35b-4c90-a8c7-34bfa9bbec05,False,exact,journal 보존기간 밖(확인 불가),481,
482,2026-07-11T16:40:45.101429+09:00,KRW-IN,HTS_BUY,0.0,338.65569272,GENUINE,partial fill of limit bid(s): bid/limit created 2026-07-11T16:35:02+09:00 exec_total=2589.52477628 EXT 473afecc,,473afecc-075c-4500-a9fb-89e3bf1c3423,False,partial_fill,n/a(HTS_BUY는 trailing 리셋 분기 없음),,
483,2026-07-11T16:41:45.126840+09:00,KRW-IN,HTS_BUY_ADD,338.65569272,2589.52477628,GENUINE,bid/limit/done created 2026-07-11T16:35:02+09:00 vol=2589.52477628 exec=2589.52477628 EXT 473afecc,,473afecc-075c-4500-a9fb-89e3bf1c3423,False,exact,journal 보존기간 밖(확인 불가),,
486,2026-07-11T21:44:00.063172+09:00,KRW-SOL,HTS_BUY_ADD,0.24871098,2.91601379,LOCK_RELEASE,ask/limit/cancel created 2026-07-11T07:08:09+09:00 vol=2.66730281 exec=0.0 EXT 4dea4947,4dea4947-5c6d-48b9-9984-85977c0ba57e,,False,exact,journal 보존기간 밖(확인 불가),,"실피해 없음: 리셋 코드(e182230, 2026-07-27 21:16 커밋) 이전 시점이고 해당 종목은 봇 감시 종목 아님(audit_sell_eval 없음, 당시 settings ticker=JTO)"
487,2026-07-11T21:50:04.120185+09:00,KRW-JTO,HTS_BUY,0.0,343.22753697,GENUINE,partial fill of limit bid(s): bid/limit created 2026-07-11T21:48:15+09:00 exec_total=1378.2131251 EXT 94511f26,,94511f26-eb2d-4420-97f3-7eb4fbd90fea,False,partial_fill,n/a(HTS_BUY는 trailing 리셋 분기 없음),498,
488,2026-07-11T21:54:06.991367+09:00,KRW-JTO,HTS_BUY_ADD,343.22753697,773.12753697,GENUINE,partial fill of limit bid(s): bid/limit created 2026-07-11T21:48:15+09:00 exec_total=1378.2131251 EXT 94511f26,,94511f26-eb2d-4420-97f3-7eb4fbd90fea,False,partial_fill,journal 보존기간 밖(확인 불가),498,
489,2026-07-11T22:01:11.768658+09:00,KRW-JTO,HTS_BUY_ADD,773.12753697,833.68488967,GENUINE,partial fill of limit bid(s): bid/limit created 2026-07-11T21:48:15+09:00 exec_total=1378.2131251 EXT 94511f26,,94511f26-eb2d-4420-97f3-7eb4fbd90fea,False,partial_fill,journal 보존기간 밖(확인 불가),498,
490,2026-07-11T22:06:16.301708+09:00,KRW-JTO,HTS_BUY_ADD,833.68488967,1010.09424553,GENUINE,partial fill of limit bid(s): bid/limit created 2026-07-11T21:48:15+09:00 exec_total=1378.2131251 EXT 94511f26,,94511f26-eb2d-4420-97f3-7eb4fbd90fea,False,partial_fill,journal 보존기간 밖(확인 불가),498,
491,2026-07-11T22:09:18.127200+09:00,KRW-JTO,HTS_BUY_ADD,1010.09424553,1065.0687136,GENUINE,partial fill of limit bid(s): bid/limit created 2026-07-11T21:48:15+09:00 exec_total=1378.2131251 EXT 94511f26,,94511f26-eb2d-4420-97f3-7eb4fbd90fea,False,partial_fill,journal 보존기간 밖(확인 불가),498,
492,2026-07-11T22:10:22.889484+09:00,KRW-JTO,HTS_BUY_ADD,1065.0687136,2196.61897616,GENUINE,bid/limit/done created 2026-07-11T21:48:15+09:00 vol=1378.2131251 exec=1378.2131251 EXT 94511f26; bid/limit/done created 2026-07-11T21:47:37+09:00 vol=818.40585106 exec=818.40585106 EXT 41d8db91,,94511f26-eb2d-4420-97f3-7eb4fbd90fea;41d8db91-8bbb-4a76-8702-c7ae10a445a0,False,exact,journal 보존기간 밖(확인 불가),498,
493,2026-07-11T22:11:19.874321+09:00,KRW-JTO,HTS_BUY_ADD,2196.61897616,2219.61046554,GENUINE,partial fill of limit bid(s): bid/limit created 2026-07-11T21:47:51+09:00 exec_total=462.16639957 EXT a9e28ba2,,a9e28ba2-b375-42d7-b9be-b7a738619c8c,False,partial_fill,journal 보존기간 밖(확인 불가),498,
494,2026-07-11T22:13:21.753001+09:00,KRW-JTO,HTS_BUY_ADD,2219.61046554,2325.661474,GENUINE,partial fill of limit bid(s): bid/limit created 2026-07-11T21:47:51+09:00 exec_total=462.16639957 EXT a9e28ba2,,a9e28ba2-b375-42d7-b9be-b7a738619c8c,False,partial_fill,journal 보존기간 밖(확인 불가),498,
495,2026-07-11T22:14:22.606225+09:00,KRW-JTO,HTS_BUY_ADD,2325.661474,2811.62963714,GENUINE,partial fill of limit bid(s): bid/limit created 2026-07-11T21:47:51+09:00 exec_total=462.16639957 EXT a9e28ba2; bid/limit created 2026-07-11T21:47:47+09:00 exec_total=615.01066098 EXT fa99f2b5,,a9e28ba2-b375-42d7-b9be-b7a738619c8c;fa99f2b5-9a7b-4049-ad38-75a235eff7ca,False,partial_fill,journal 보존기간 밖(확인 불가),498,
496,2026-07-11T23:18:14.629240+09:00,KRW-JTO,HTS_BUY_ADD,2811.62963714,3156.90562043,GENUINE,partial fill of limit bid(s): bid/limit created 2026-07-11T21:47:47+09:00 exec_total=615.01066098 EXT fa99f2b5,,fa99f2b5-9a7b-4049-ad38-75a235eff7ca,False,partial_fill,journal 보존기간 밖(확인 불가),498,
497,2026-07-11T23:53:36.349394+09:00,KRW-JTO,HTS_BUY_ADD,3156.90562043,3273.79603671,GENUINE,bid/limit/done created 2026-07-11T21:47:47+09:00 vol=615.01066098 exec=615.01066098 EXT fa99f2b5,,fa99f2b5-9a7b-4049-ad38-75a235eff7ca,False,exact,journal 보존기간 밖(확인 불가),498,
499,2026-07-12T16:45:07.656962+09:00,KRW-SOL,HTS_BUY,0.0,2.91601379,LOCK_RELEASE,ask/limit/cancel created 2026-07-12T14:01:14+09:00 vol=2.91601379 exec=0.0 EXT 40f5f6be,40f5f6be-1bc2-474f-a56c-53cafc5bbf04,,False,exact,n/a(HTS_BUY는 trailing 리셋 분기 없음),,trailing 리셋 대상 아님(HTS_BUY)
502,2026-07-13T11:23:53.801394+09:00,KRW-JTO,HTS_BUY,0.0,37.0198831,GENUINE,bid/limit/done created 2026-07-13T11:23:19+09:00 vol=37.0198831 exec=37.0198831 EXT cd37a750,,cd37a750-84c5-41a3-a253-4cd726fb3e1a,False,exact,n/a(HTS_BUY는 trailing 리셋 분기 없음),503,
504,2026-07-13T13:30:42.772190+09:00,KRW-KAITO,HTS_BUY,0.0,349.43530591,GENUINE,bid/limit/done created 2026-07-13T13:30:01+09:00 vol=349.43530591 exec=349.43530591 EXT 30ea5bfd,,30ea5bfd-c428-485c-8b27-843a1fdf6bfa,False,exact,n/a(HTS_BUY는 trailing 리셋 분기 없음),,
507,2026-07-14T10:00:21.921898+09:00,KRW-RE,HTS_BUY,0.0,44.61728192,GENUINE,bid/limit/done created 2026-07-14T09:56:12+09:00 vol=44.61728192 exec=44.61728192 EXT 3a0a802a,,3a0a802a-0332-4b45-92c8-f1439691bf51,False,exact,n/a(HTS_BUY는 trailing 리셋 분기 없음),708,
508,2026-07-14T10:03:23.480277+09:00,KRW-RE,HTS_BUY_ADD,44.61728192,88.84407938,GENUINE,bid/limit/done created 2026-07-14T09:56:15+09:00 vol=44.22679746 exec=44.22679746 EXT 3c645c81,,3c645c81-34e7-40b0-8ad1-98b28808e274,False,exact,journal 보존기간 밖(확인 불가),708,
509,2026-07-14T10:05:24.801313+09:00,KRW-RE,HTS_BUY_ADD,88.84407938,132.68387659,GENUINE,bid/limit/done created 2026-07-14T09:56:17+09:00 vol=43.83979721 exec=43.83979721 EXT 60e24854,,60e24854-4d64-4711-9a21-fff1aeac9dfa,False,exact,journal 보존기간 밖(확인 불가),708,
510,2026-07-14T10:11:27.727956+09:00,KRW-VIRTUAL,HTS_BUY,0.0,41.07925336,GENUINE,bid/limit/done created 2026-07-14T10:08:27+09:00 vol=41.07925336 exec=41.07925336 EXT b0806c9f,,b0806c9f-fb63-4992-86aa-4df602e88c0d,False,exact,n/a(HTS_BUY는 trailing 리셋 분기 없음),,
511,2026-07-14T10:15:29.793010+09:00,KRW-VIRTUAL,HTS_BUY_ADD,41.07925336,81.79734159,GENUINE,bid/limit/done created 2026-07-14T10:08:30+09:00 vol=40.71808823 exec=40.71808823 EXT fa668821,,fa668821-1f4a-4bbf-8676-e06a1fed6a48,False,exact,journal 보존기간 밖(확인 불가),,
512,2026-07-14T10:36:38.564054+09:00,KRW-VIRTUAL,HTS_BUY_ADD,81.79734159,162.1629679,GENUINE,bid/limit/done created 2026-07-14T10:08:35+09:00 vol=40.00545454 exec=40.00545454 EXT 98730178; bid/limit/done created 2026-07-14T10:08:32+09:00 vol=40.36017177 exec=40.36017177 EXT de1f6234,,98730178-96e0-4063-8886-e6c171b37da6;de1f6234-8caf-461c-b12e-abd2ee77a032,False,exact,journal 보존기간 밖(확인 불가),,
513,2026-07-14T10:42:40.752126+09:00,KRW-VIRTUAL,HTS_BUY_ADD,162.1629679,201.81687933,GENUINE,bid/limit/done created 2026-07-14T10:08:39+09:00 vol=39.65391143 exec=39.65391143 EXT f34dc94e,,f34dc94e-86b1-423b-b55f-8a4675e09dda,False,exact,journal 보존기간 밖(확인 불가),,
516,2026-07-14T12:32:30.620322+09:00,KRW-RE,HTS_BUY,0.0,86.53240627,GENUINE,bid/limit/done created 2026-07-14T09:56:24+09:00 vol=43.07614993 exec=43.07614993 EXT 1140833c; bid/limit/done created 2026-07-14T09:56:20+09:00 vol=43.45625634 exec=43.45625634 EXT 491599e1,,1140833c-7ff0-4d4e-99f6-729bbb74c38f;491599e1-6b54-4a64-b4e1-b04766193003,False,exact,n/a(HTS_BUY는 trailing 리셋 분기 없음),708,
517,2026-07-14T15:15:45.421382+09:00,KRW-VIRTUAL,HTS_BUY_ADD,201.81687933,242.36583638,GENUINE,bid/limit/done created 2026-07-14T15:12:20+09:00 vol=40.54895705 exec=40.54895705 EXT 06dfa9d0,,06dfa9d0-a762-4855-836a-9aa647fb0a96,False,exact,journal 보존기간 밖(확인 불가),,
519,2026-07-14T15:18:46.482860+09:00,KRW-VIRTUAL,HTS_BUY_ADD,242.36583638,282.55841623,GENUINE,bid/limit/done created 2026-07-14T15:12:22+09:00 vol=40.19257985 exec=40.19257985 EXT 53b011d3,,53b011d3-ba04-4a7d-95f1-d90380502db5,False,exact,journal 보존기간 밖(확인 불가),,
520,2026-07-14T15:20:47.164342+09:00,KRW-VIRTUAL,HTS_BUY_ADD,282.55841623,322.39781352,GENUINE,bid/limit/done created 2026-07-14T15:12:25+09:00 vol=39.83939729 exec=39.83939729 EXT 81cef67d,,81cef67d-5ff4-4ddc-989e-cfa0014db47c,False,exact,journal 보존기간 밖(확인 불가),,
524,2026-07-14T22:27:28.903429+09:00,KRW-VIRTUAL,HTS_BUY,0.0,322.39781352,LOCK_RELEASE,ask/limit/cancel created 2026-07-14T17:23:32+09:00 vol=322.39781352 exec=0.0 EXT 23d5204c,23d5204c-83a7-4d52-bcfb-93860c692d0d,,False,exact,n/a(HTS_BUY는 trailing 리셋 분기 없음),,trailing 리셋 대상 아님(HTS_BUY)
535,2026-07-18T04:10:23.154487+09:00,KRW-JTO,HTS_BUY,0.0,1046.91243961,GENUINE,bid/limit/done created 2026-07-18T04:09:10+09:00 vol=1046.91243961 exec=1046.91243961 EXT c105c8f4,,c105c8f4-f68d-4123-9cdb-beb33724fdbd,False,exact,n/a(HTS_BUY는 trailing 리셋 분기 없음),538,
536,2026-07-18T04:12:23.590478+09:00,KRW-JTO,HTS_BUY_ADD,1046.91243961,2423.03289599,GENUINE,bid/limit/done created 2026-07-18T04:09:18+09:00 vol=590.11743341 exec=590.11743341 EXT f4a41552; bid/limit/done created 2026-07-18T04:09:16+09:00 vol=786.00302297 exec=786.00302297 EXT eef589d7,,f4a41552-d423-476a-afeb-876ac285523a;eef589d7-c1df-4a58-8670-f2c96e53a604,False,exact,journal 보존기간 밖(확인 불가),538,
537,2026-07-18T04:13:23.631404+09:00,KRW-JTO,HTS_BUY_ADD,2423.03289599,4195.96225199,GENUINE,bid/limit/done created 2026-07-18T04:09:36+09:00 vol=1329.87874994 exec=1329.87874994 EXT 1722b3be; bid/limit/done created 2026-07-18T04:09:23+09:00 vol=443.05060606 exec=443.05060606 EXT a714d9b0,,1722b3be-4dc8-4d78-8022-6973dbaf2290;a714d9b0-f939-40e7-acb3-ecad15a6ba83,False,exact,journal 보존기간 밖(확인 불가),538,
549,2026-07-20T08:03:28.839262+09:00,KRW-JTO,HTS_BUY,0.0,1062.22848484,GENUINE,bid/limit/done created 2026-07-20T08:03:06+09:00 vol=1062.22848484 exec=1062.22848484 EXT 53ea1de8,,53ea1de8-3770-40f4-a4fb-b249770c3475,False,exact,n/a(HTS_BUY는 trailing 리셋 분기 없음),552,
550,2026-07-20T08:06:30.098530+09:00,KRW-JTO,HTS_BUY_ADD,1062.22848484,1859.733946,GENUINE,bid/limit/done created 2026-07-20T08:03:08+09:00 vol=797.50546116 exec=797.50546116 EXT eb938401,,eb938401-c777-44a5-93aa-4e8a2a143021,False,exact,journal 보존기간 밖(확인 불가),552,
565,2026-07-22T17:04:33.449084+09:00,KRW-CHIP,HTS_BUY,0.0,7759.14414414,GENUINE,bid/limit/done created 2026-07-22T17:04:02+09:00 vol=7759.14414414 exec=7759.14414414 EXT d03768b5,,d03768b5-d1e2-4bae-8ab6-a79fc493baab,False,exact,n/a(HTS_BUY는 trailing 리셋 분기 없음),,
578,2026-07-24T08:03:01.599711+09:00,KRW-JTO,HTS_BUY,0.0,1843.43886462,GENUINE,bid/limit/done created 2026-07-24T08:01:32+09:00 vol=1843.43886462 exec=1843.43886462 EXT 5f9e5b3a,,5f9e5b3a-fe96-47d7-88d8-32194d3e478c,False,exact,n/a(HTS_BUY는 trailing 리셋 분기 없음),580,
579,2026-07-24T08:40:25.853902+09:00,KRW-JTO,HTS_BUY_ADD,1843.43886462,3675.03772317,GENUINE,bid/limit/done created 2026-07-24T08:37:57+09:00 vol=1831.59885855 exec=1831.59885855 EXT 7f7fed51,,7f7fed51-35ff-495b-9e3e-ba1abb71be82,False,exact,journal 보존기간 밖(확인 불가),580,
581,2026-07-24T16:00:52.097385+09:00,KRW-JTO,HTS_BUY,0.0,1820.17100977,GENUINE,bid/limit/done created 2026-07-24T15:57:34+09:00 vol=1820.17100977 exec=1820.17100977 EXT 3c311faf,,3c311faf-943d-4844-b7b2-b5de86755ae1,False,exact,n/a(HTS_BUY는 trailing 리셋 분기 없음),585,
582,2026-07-24T17:02:33.798387+09:00,KRW-JTO,HTS_BUY_ADD,1820.17100977,1887.61800977,GENUINE,partial fill of limit bid(s): bid/limit created 2026-07-24T17:00:38+09:00 exec_total=1840.33258096 EXT ff0bf4a7,,ff0bf4a7-467c-4d77-9a1b-742fd2bf13c2,False,partial_fill,journal 보존기간 밖(확인 불가),585,
583,2026-07-24T17:03:34.478139+09:00,KRW-JTO,HTS_BUY_ADD,1887.61800977,3660.50359073,GENUINE,bid/limit/done created 2026-07-24T17:00:38+09:00 vol=1840.33258096 exec=1840.33258096 EXT ff0bf4a7,,ff0bf4a7-467c-4d77-9a1b-742fd2bf13c2,False,exact,journal 보존기간 밖(확인 불가),585,
584,2026-07-24T19:59:33.231512+09:00,KRW-JTO,HTS_BUY,0.0,3660.50359073,LOCK_RELEASE,ask/limit/cancel created 2026-07-24T19:42:15+09:00 vol=3660.50359073 exec=0.0 EXT e7ced6f7,e7ced6f7-0f2c-49f3-a4b6-71f51fc95b83,,False,exact,n/a(HTS_BUY는 trailing 리셋 분기 없음),585,trailing 리셋 대상 아님(HTS_BUY)
586,2026-07-27T12:22:30.714499+09:00,KRW-JTO,HTS_BUY,0.0,1397.8335208,GENUINE,partial fill of limit bid(s): bid/limit created 2026-07-27T12:20:45+09:00 exec_total=1831.43685419 EXT dfec62cb,,dfec62cb-84ee-4f00-a9b6-878798714b7a,False,partial_fill,n/a(HTS_BUY는 trailing 리셋 분기 없음),589,
587,2026-07-27T12:23:31.359860+09:00,KRW-JTO,HTS_BUY_ADD,1397.8335208,1405.5258285,GENUINE,partial fill of limit bid(s): bid/limit created 2026-07-27T12:20:45+09:00 exec_total=1831.43685419 EXT dfec62cb,,dfec62cb-84ee-4f00-a9b6-878798714b7a,False,partial_fill,journal 보존기간 밖(확인 불가),589,
588,2026-07-27T12:24:31.873391+09:00,KRW-JTO,HTS_BUY_ADD,1405.5258285,1831.43685419,GENUINE,bid/limit/done created 2026-07-27T12:20:45+09:00 vol=1831.43685419 exec=1831.43685419 EXT dfec62cb,,dfec62cb-84ee-4f00-a9b6-878798714b7a,False,exact,journal 보존기간 밖(확인 불가),589,
591,2026-07-27T15:20:37.670238+09:00,KRW-JTO,HTS_BUY_ADD,36.28361581,251.90056347,GENUINE,partial fill of limit bid(s): bid/limit created 2026-07-27T15:20:17+09:00 exec_total=3563.95569031 EXT 2505c9e6,,2505c9e6-1183-4b46-b9b7-8d91a92fb23d,False,partial_fill,journal 보존기간 밖(확인 불가),600,
592,2026-07-27T15:21:38.111124+09:00,KRW-JTO,HTS_BUY_ADD,251.90056347,477.18179345,GENUINE,partial fill of limit bid(s): bid/limit created 2026-07-27T15:20:17+09:00 exec_total=3563.95569031 EXT 2505c9e6,,2505c9e6-1183-4b46-b9b7-8d91a92fb23d,False,partial_fill,journal 보존기간 밖(확인 불가),600,
593,2026-07-27T15:22:38.547512+09:00,KRW-JTO,HTS_BUY_ADD,477.18179345,1522.32075085,GENUINE,partial fill of limit bid(s): bid/limit created 2026-07-27T15:20:17+09:00 exec_total=3563.95569031 EXT 2505c9e6,,2505c9e6-1183-4b46-b9b7-8d91a92fb23d,False,partial_fill,journal 보존기간 밖(확인 불가),600,
594,2026-07-27T15:23:39.000319+09:00,KRW-JTO,HTS_BUY_ADD,1522.32075085,3600.23930612,GENUINE,bid/limit/done created 2026-07-27T15:20:17+09:00 vol=3563.95569031 exec=3563.95569031 EXT 2505c9e6,,2505c9e6-1183-4b46-b9b7-8d91a92fb23d,False,exact,journal 보존기간 밖(확인 불가),600,
596,2026-07-29T06:08:55.681420+09:00,KRW-SEI,HTS_BUY,0.0,257.42133757,GENUINE,bid/limit/done created 2026-07-29T06:08:16+09:00 vol=257.42133757 exec=257.42133757 EXT 6dde358c,,6dde358c-4e85-47ac-b717-c594a6c1e7c5,False,exact,n/a(HTS_BUY는 trailing 리셋 분기 없음),,
597,2026-07-29T06:23:05.704626+09:00,KRW-RE,HTS_BUY,0.0,2424.90854572,GENUINE,bid/limit/done created 2026-07-29T06:03:51+09:00 vol=2424.90854572 exec=2424.90854572 EXT 7150bc38,,7150bc38-bccd-434e-a5fc-6511cb7cec52,False,exact,n/a(HTS_BUY는 trailing 리셋 분기 없음),708,
598,2026-07-29T09:10:16.187532+09:00,KRW-RE,HTS_BUY_ADD,2424.90854572,2668.13529344,GENUINE,bid/limit/done created 2026-07-29T09:09:20+09:00 vol=243.22674772 exec=243.22674772 EXT 51ded769,,51ded769-c78f-4b80-a4fd-e6351b2b6a63,False,exact,journal 보존기간 밖(확인 불가),708,
601,2026-07-30T08:51:01.999057+09:00,KRW-RE,HTS_BUY,0.0,486.58183098,GENUINE,bid/limit/done created 2026-07-30T08:50:19+09:00 vol=486.58183098 exec=486.58183098 EXT 60898a0a,,60898a0a-86bc-478a-9f1b-902f0a32e6ff,False,exact,n/a(HTS_BUY는 trailing 리셋 분기 없음),708,
604,2026-07-30T14:54:36.270439+09:00,KRW-JTO,HTS_BUY,0.0,401.41038615,GENUINE,bid/limit/done created 2026-07-30T14:31:55+09:00 vol=401.41038615 exec=401.41038615 EXT d41e65df,,d41e65df-c0b5-4f25-adb7-6b64cfe4980f,False,exact,n/a(HTS_BUY는 trailing 리셋 분기 없음),608,
605,2026-07-30T16:35:19.455461+09:00,KRW-ORCA,HTS_BUY,0.0,203.46650455,GENUINE,bid/limit/done created 2026-07-30T15:57:36+09:00 vol=203.46650455 exec=203.46650455 EXT cc473be0,,cc473be0-6c0f-4e6d-b29d-5a0401b79d07,False,exact,n/a(HTS_BUY는 trailing 리셋 분기 없음),,
606,2026-07-30T20:35:04.068654+09:00,KRW-ZRO,HTS_BUY,0.0,304.09654545,GENUINE,bid/limit/done created 2026-07-30T20:29:37+09:00 vol=304.09654545 exec=304.09654545 EXT 0a74ee61,,0a74ee61-abc6-4c12-a380-56b59458a21b,False,exact,n/a(HTS_BUY는 trailing 리셋 분기 없음),,
611,2026-07-31T17:40:09.699008+09:00,KRW-JTO,HTS_BUY,0.0,466.43941908,GENUINE,bid/limit/done created 2026-07-31T16:26:06+09:00 vol=466.43941908 exec=466.43941908 EXT 6f027ea3,,6f027ea3-148b-4d6d-a2f4-b8446e14a486,False,exact,n/a(HTS_BUY는 trailing 리셋 분기 없음),616,
612,2026-07-31T18:35:31.299246+09:00,KRW-AXS,HTS_BUY,0.0,28.43580101,GENUINE,bid/limit/done created 2026-07-31T18:34:37+09:00 vol=28.43580101 exec=28.43580101 EXT 4078cbc6,,4078cbc6-bd7c-43a3-946a-aee7d5d0a83c,False,exact,n/a(HTS_BUY는 trailing 리셋 분기 없음),,
615,2026-08-01T10:31:03.800185+09:00,KRW-JTO,HTS_BUY_ADD,3.99560246,2278.43562941,GENUINE,bid/limit/done created 2026-08-01T10:24:33+09:00 vol=2274.44002695 exec=2274.44002695 EXT c9bb723f,,c9bb723f-2c44-44f4-9fea-bca5e4e17fbd,False,exact,journal 보존기간 밖(확인 불가),616,
617,2026-08-01T11:05:12.290823+09:00,KRW-JTO,HTS_BUY,0.0,57.88756047,GENUINE,partial fill of limit bid(s): bid/limit created 2026-08-01T10:48:23+09:00 exec_total=363.41335616 EXT 01baaa74,,01baaa74-bfdd-4d6c-bb6b-aee0521a94ca,False,partial_fill,n/a(HTS_BUY는 trailing 리셋 분기 없음),627,
618,2026-08-01T11:06:12.509163+09:00,KRW-JTO,HTS_BUY_ADD,57.88756047,878.68099412,GENUINE,partial fill of limit bid(s): bid/limit created 2026-08-01T10:48:23+09:00 exec_total=363.41335616 EXT 01baaa74; bid/limit created 2026-08-01T10:48:20+09:00 exec_total=483.96887824 EXT cf512d03; bid/limit created 2026-08-01T10:48:17+09:00 exec_total=644.51775956 EXT 2f9af17d,,01baaa74-bfdd-4d6c-bb6b-aee0521a94ca;cf512d03-f247-42af-8f8e-088e50bdc00c;2f9af17d-f02b-4628-9882-beecb4956816,False,partial_fill,journal 보존기간 밖(확인 불가),627,
619,2026-08-01T11:08:13.497849+09:00,KRW-JTO,HTS_BUY_ADD,878.68099412,1143.06846049,GENUINE,partial fill of limit bid(s): bid/limit created 2026-08-01T10:48:17+09:00 exec_total=644.51775956 EXT 2f9af17d,,2f9af17d-f02b-4628-9882-beecb4956816,False,partial_fill,journal 보존기간 밖(확인 불가),627,
620,2026-08-01T11:10:14.481457+09:00,KRW-JTO,HTS_BUY_ADD,1143.06846049,2001.3962231,GENUINE,bid/limit/done created 2026-08-01T10:48:15+09:00 vol=858.32776261 exec=858.32776261 EXT b7503908,,b7503908-12f8-4a74-999d-5573c76c634b,False,exact,journal 보존기간 밖(확인 불가),627,
621,2026-08-01T13:40:58.349435+09:00,KRW-JTO,HTS_BUY_ADD,2001.3962231,2645.91398266,GENUINE,partial fill of limit bid(s): bid/limit created 2026-08-01T10:48:17+09:00 exec_total=644.51775956 EXT 2f9af17d; bid/limit created 2026-08-01T10:48:13+09:00 exec_total=1143.06846049 EXT 80dd1a2c,,2f9af17d-f02b-4628-9882-beecb4956816;80dd1a2c-d483-4e84-9b2d-f33d485627dc,False,partial_fill,journal 보존기간 밖(확인 불가),627,
622,2026-08-01T13:42:59.351054+09:00,KRW-JTO,HTS_BUY_ADD,2645.91398266,3129.8828609,GENUINE,partial fill of limit bid(s): bid/limit created 2026-08-01T10:48:13+09:00 exec_total=1143.06846049 EXT 80dd1a2c,,80dd1a2c-d483-4e84-9b2d-f33d485627dc,False,partial_fill,journal 보존기간 밖(확인 불가),627,
623,2026-08-01T13:44:59.511469+09:00,KRW-JTO,HTS_BUY_ADD,3129.8828609,3493.29621706,GENUINE,bid/limit/done created 2026-08-01T10:48:13+09:00 vol=1143.06846049 exec=1143.06846049 EXT 80dd1a2c,,80dd1a2c-d483-4e84-9b2d-f33d485627dc,False,exact,journal 보존기간 밖(확인 불가),627,
624,2026-08-01T15:08:20.414368+09:00,KRW-JTO,HTS_BUY_ADD,3493.29621706,3654.59157227,GENUINE,partial fill of limit bid(s): bid/limit created 2026-08-01T13:48:19+09:00 exec_total=205.19497936 EXT cec61336,,cec61336-2997-4918-b321-6ef66ecae9e7,False,partial_fill,journal 보존기간 밖(확인 불가),627,
625,2026-08-01T15:40:28.375195+09:00,KRW-JTO,HTS_BUY_ADD,3654.59157227,3971.75458927,GENUINE,bid/limit/done created 2026-08-01T13:48:19+09:00 vol=205.19497936 exec=205.19497936 EXT cec61336; bid/limit/done created 2026-08-01T13:48:17+09:00 vol=273.26339285 exec=273.26339285 EXT ce39cbb2,,cec61336-2997-4918-b321-6ef66ecae9e7;ce39cbb2-d259-461c-8cad-f3358e5ca6ff,False,exact,journal 보존기간 밖(확인 불가),627,
626,2026-08-01T16:47:48.375097+09:00,KRW-JTO,HTS_BUY_ADD,3971.75458927,4586.0847868,GENUINE,bid/limit/done created 2026-08-01T16:38:20+09:00 vol=614.33019753 exec=614.33019753 EXT 3fe0a74d,,3fe0a74d-b399-49e9-bd28-767f6c5d862b,False,exact,journal 보존기간 밖(확인 불가),627,
628,2026-08-01T23:15:30.272392+09:00,KRW-ARX,HTS_BUY,0.0,6783.57991803,GENUINE,bid/limit/done created 2026-08-01T23:15:07+09:00 vol=6783.57991803 exec=6783.57991803 EXT 59d8beb0,,59d8beb0-36eb-4f32-b468-3573d4c12542,False,exact,n/a(HTS_BUY는 trailing 리셋 분기 없음),,
629,2026-08-02T08:56:44.135644+09:00,KRW-OPEN,HTS_BUY,0.0,125.14116279,GENUINE,bid/limit/done created 2026-08-02T08:22:12+09:00 vol=125.14116279 exec=125.14116279 EXT 3e768159,,3e768159-3603-43c4-86ec-fd5a0e2bb0c9,False,exact,n/a(HTS_BUY는 trailing 리셋 분기 없음),,
631,2026-08-02T12:14:42.861098+09:00,KRW-JTO,HTS_BUY_ADD,2283.30008548,3321.72563086,GENUINE,bid/limit/cancel created 2026-08-02T12:05:37+09:00 vol=1111.81371191 exec=1038.42554538 EXT 4659cfab,,4659cfab-4104-439f-9a15-c8033739944e,False,exact,journal 보존기간 밖(확인 불가),635,
632,2026-08-02T12:43:58.430523+09:00,KRW-JTO,HTS_BUY_ADD,3321.72563086,3331.14546831,GENUINE,partial fill of limit bid(s): bid/limit created 2026-08-02T12:14:55+09:00 exec_total=1189.03135358 EXT f57df46d,,f57df46d-6c2d-4670-af58-a74c810204ed,False,partial_fill,journal 보존기간 밖(확인 불가),635,
633,2026-08-02T12:52:02.852618+09:00,KRW-JTO,HTS_BUY_ADD,3331.14546831,3418.69546831,GENUINE,partial fill of limit bid(s): bid/limit created 2026-08-02T12:14:55+09:00 exec_total=1189.03135358 EXT f57df46d,,f57df46d-6c2d-4670-af58-a74c810204ed,False,partial_fill,journal 보존기간 밖(확인 불가),635,
634,2026-08-02T12:53:03.386606+09:00,KRW-JTO,HTS_BUY_ADD,3418.69546831,4510.75698444,GENUINE,bid/limit/done created 2026-08-02T12:14:55+09:00 vol=1189.03135358 exec=1189.03135358 EXT f57df46d,,f57df46d-6c2d-4670-af58-a74c810204ed,False,exact,journal 보존기간 밖(확인 불가),635,
636,2026-08-02T15:53:47.880197+09:00,KRW-JTO,HTS_BUY,0.0,45.2116573,GENUINE,bid/limit/done created 2026-08-02T15:51:19+09:00 vol=45.2116573 exec=45.2116573 EXT 858c9ed6,,858c9ed6-a103-4d47-8709-54996c69546e,False,exact,n/a(HTS_BUY는 trailing 리셋 분기 없음),639,
637,2026-08-02T16:00:51.688159+09:00,KRW-JTO,HTS_BUY_ADD,45.2116573,90.09705166,GENUINE,bid/limit/done created 2026-08-02T15:51:22+09:00 vol=44.88539436 exec=44.88539436 EXT 8c95112f,,8c95112f-a942-4d1b-a8ed-87bde4d5553a,False,exact,journal 보존기간 밖(확인 불가),639,
638,2026-08-02T16:03:53.270783+09:00,KRW-JTO,HTS_BUY_ADD,90.09705166,134.65888781,GENUINE,bid/limit/done created 2026-08-02T15:51:25+09:00 vol=44.56183615 exec=44.56183615 EXT d6eb6686,,d6eb6686-9761-40ab-9677-1bd3059b61a0,False,exact,journal 보존기간 밖(확인 불가),639,
640,2026-08-02T18:52:47.579851+09:00,KRW-JTO,HTS_BUY,0.0,45.57926345,GENUINE,bid/limit/done created 2026-08-02T18:50:46+09:00 vol=45.57926345 exec=45.57926345 EXT 122ba5c4,,122ba5c4-774b-4ec4-90e5-12e3268c68a1,False,exact,n/a(HTS_BUY는 trailing 리셋 분기 없음),645,
641,2026-08-02T19:02:53.069943+09:00,KRW-JTO,HTS_BUY_ADD,45.57926345,90.76651167,GENUINE,bid/limit/done created 2026-08-02T18:50:49+09:00 vol=45.18724822 exec=45.18724822 EXT 08abfac8,,08abfac8-6dd9-4805-b503-97b1d50f9e40,False,exact,journal 보존기간 밖(확인 불가),645,
642,2026-08-02T19:15:00.075444+09:00,KRW-JTO,HTS_BUY_ADD,90.76651167,135.56520485,GENUINE,bid/limit/done created 2026-08-02T18:50:52+09:00 vol=44.79869318 exec=44.79869318 EXT 1cb84898,,1cb84898-7b93-4157-b4b3-a9d9162ccd59,False,exact,journal 보존기간 밖(확인 불가),645,
643,2026-08-02T19:16:00.824360+09:00,KRW-JTO,HTS_BUY_ADD,135.56520485,179.97877526,GENUINE,bid/limit/done created 2026-08-02T18:50:55+09:00 vol=44.41357041 exec=44.41357041 EXT c027ac6c,,c027ac6c-8c54-404b-abb3-c122def5fce3,False,exact,journal 보존기간 밖(확인 불가),645,
644,2026-08-02T19:24:05.744141+09:00,KRW-JTO,HTS_BUY_ADD,179.97877526,224.01062711,GENUINE,bid/limit/done created 2026-08-02T18:50:57+09:00 vol=44.03185185 exec=44.03185185 EXT baf84b56,,baf84b56-a243-441b-8cc9-ae1465792887,False,exact,journal 보존기간 밖(확인 불가),645,
646,2026-08-02T22:00:57.021785+09:00,KRW-JTO,HTS_BUY,0.0,7.80141844,GENUINE,partial fill of limit bid(s): bid/limit created 2026-08-02T21:52:19+09:00 exec_total=44.38139367 EXT 8ddb9fc1,,8ddb9fc1-0ed5-45e6-abda-f3d836e746e9,False,partial_fill,n/a(HTS_BUY는 trailing 리셋 분기 없음),652,
647,2026-08-02T22:04:59.519911+09:00,KRW-JTO,HTS_BUY_ADD,7.80141844,45.93884285,GENUINE,partial fill of limit bid(s): bid/limit created 2026-08-02T21:52:19+09:00 exec_total=44.38139367 EXT 8ddb9fc1; bid/limit created 2026-08-02T21:52:15+09:00 exec_total=44.7655954 EXT 26e152c0,,8ddb9fc1-0ed5-45e6-abda-f3d836e746e9;26e152c0-05f4-4859-9c57-c73bd3bbf284,False,partial_fill,journal 보존기간 밖(확인 불가),652,
648,2026-08-02T22:12:04.049797+09:00,KRW-JTO,HTS_BUY_ADD,45.93884285,91.48313469,GENUINE,bid/limit/done created 2026-08-02T21:52:10+09:00 vol=45.54429184 exec=45.54429184 EXT 905e9fd1,,905e9fd1-0067-49f3-b58e-be3e48936505,False,exact,journal 보존기간 밖(확인 불가),652,
649,2026-08-02T22:16:06.884114+09:00,KRW-JTO,HTS_BUY_ADD,91.48313469,136.63635818,GENUINE,bid/limit/done created 2026-08-02T21:52:13+09:00 vol=45.15322349 exec=45.15322349 EXT ff3e6579,,ff3e6579-a3ba-42d7-ba18-58cb26be7253,False,exact,journal 보존기간 밖(확인 불가),652,
650,2026-08-02T22:53:27.681117+09:00,KRW-JTO,HTS_BUY_ADD,136.63635818,181.40195358,GENUINE,partial fill of limit bid(s): bid/limit created 2026-08-02T21:52:15+09:00 exec_total=44.7655954 EXT 26e152c0; bid/limit created 2026-08-02T21:52:07+09:00 exec_total=45.93884285 EXT 232410af,,26e152c0-05f4-4859-9c57-c73bd3bbf284;232410af-e7d9-408e-9571-d8f722784069,False,partial_fill,journal 보존기간 밖(확인 불가),652,
651,2026-08-02T23:10:37.976802+09:00,KRW-JTO,HTS_BUY_ADD,181.40195358,225.78334725,GENUINE,bid/limit/done created 2026-08-02T21:52:07+09:00 vol=45.93884285 exec=45.93884285 EXT 232410af,,232410af-e7d9-408e-9571-d8f722784069,False,exact,journal 보존기간 밖(확인 불가),652,
655,2026-08-03T08:47:00.586789+09:00,KRW-JTO,HTS_BUY,0.0,455.57306064,GENUINE,bid/limit/done created 2026-08-03T08:44:12+09:00 vol=455.57306064 exec=455.57306064 EXT abf373f9,,abf373f9-52fb-4d21-b276-bf1b83af515f,False,exact,n/a(HTS_BUY는 trailing 리셋 분기 없음),657,
656,2026-08-03T09:28:24.186751+09:00,KRW-JTO,HTS_BUY_ADD,455.57306064,866.72581877,GENUINE,bid/limit/done created 2026-08-03T09:24:35+09:00 vol=411.15275813 exec=411.15275813 EXT bdbd9147,,bdbd9147-e5c2-48a7-80ec-f11c52fae46c,False,exact,journal 보존기간 밖(확인 불가),657,
658,2026-08-03T11:13:34.190042+09:00,KRW-KAITO,HTS_BUY,0.0,218.67645861,GENUINE,bid/limit/done created 2026-08-03T11:12:25+09:00 vol=218.67645861 exec=218.67645861 EXT aae4cac5,,aae4cac5-bebc-428b-8b57-f9cc16f3ce12,False,exact,n/a(HTS_BUY는 trailing 리셋 분기 없음),,
659,2026-08-03T11:19:38.040756+09:00,KRW-KAITO,HTS_BUY_ADD,218.67645861,419.42393265,GENUINE,bid/limit/done created 2026-08-03T11:13:43+09:00 vol=200.74747404 exec=200.74747404 EXT d865075d,,d865075d-bef0-4996-bcde-cacd90b12dbb,False,exact,journal 보존기간 밖(확인 불가),,
660,2026-08-03T13:24:03.831194+09:00,KRW-KAITO,HTS_BUY,0.0,23.10638588,GENUINE,bid/limit/done created 2026-08-03T13:23:03+09:00 vol=23.10638588 exec=23.10638588 EXT b854ed0d,,b854ed0d-4892-4dfc-9717-f19252b2849f,False,exact,n/a(HTS_BUY는 trailing 리셋 분기 없음),,
661,2026-08-03T13:26:05.214760+09:00,KRW-KAITO,HTS_BUY_ADD,23.10638588,46.47994031,GENUINE,bid/limit/done created 2026-08-03T13:22:34+09:00 vol=23.37355443 exec=23.37355443 EXT 213dd115,,213dd115-3456-4808-b3ef-361b959d7f27,False,exact,journal 보존기간 밖(확인 불가),,
662,2026-08-03T13:28:06.781640+09:00,KRW-KAITO,HTS_BUY_ADD,46.47994031,69.43778713,GENUINE,bid/limit/done created 2026-08-03T13:23:06+09:00 vol=22.95784682 exec=22.95784682 EXT 50408f62,,50408f62-7bb5-48db-b9d3-a37a50dbbc66,False,exact,journal 보존기간 밖(확인 불가),,
663,2026-08-03T13:35:11.329609+09:00,KRW-KAITO,HTS_BUY_ADD,69.43778713,91.3372597,GENUINE,bid/limit/done created 2026-08-03T13:35:00+09:00 vol=21.89947257 exec=21.89947257 EXT 33246a0a,,33246a0a-b041-4eaf-b544-82b5754a8bf9,False,exact,journal 보존기간 밖(확인 불가),,
664,2026-08-03T13:36:12.030177+09:00,KRW-KAITO,HTS_BUY_ADD,91.3372597,178.19957295,GENUINE,partial fill of limit bid(s): bid/limit created 2026-08-03T13:35:22+09:00 exec_total=21.39919971 EXT 3e4df2ee; bid/limit created 2026-08-03T13:35:13+09:00 exec_total=21.56963957 EXT ad44ecce; bid/limit created 2026-08-03T13:35:09+09:00 exec_total=21.74152327 EXT d71d18dd; bid/limit created 2026-08-03T13:34:57+09:00 exec_total=22.1519507 EXT 3ab0c876,,3e4df2ee-2588-4e94-8b0f-379024b74a8a;ad44ecce-2be9-4185-bb19-cac9b922447e;d71d18dd-dda5-4217-9816-42d5774ab90c;3ab0c876-1c0b-42c4-849b-220eabf40f56,False,partial_fill,journal 보존기간 밖(확인 불가),,
667,2026-08-03T20:00:31.358977+09:00,KRW-JTO,HTS_BUY,0.0,455.69900568,GENUINE,bid/limit/done created 2026-08-03T19:56:47+09:00 vol=455.69900568 exec=455.69900568 EXT 1b9129e5,,1b9129e5-ce89-453b-b46b-83832e45c3e1,False,exact,n/a(HTS_BUY는 trailing 리셋 분기 없음),669,
674,2026-08-06T22:09:03.528379+09:00,KRW-JTO,HTS_BUY,0.0,449.06505681,GENUINE,bid/limit/done created 2026-08-06T22:08:14+09:00 vol=449.06505681 exec=449.06505681 EXT dd76177e,,dd76177e-7393-487d-bde0-726a26eee257,False,exact,n/a(HTS_BUY는 trailing 리셋 분기 없음),675,
678,2026-08-07T07:43:06.763806+09:00,KRW-JTO,HTS_BUY,0.0,2318.70261638,GENUINE,bid/limit/done created 2026-08-07T07:28:46+09:00 vol=2318.70261638 exec=2318.70261638 EXT 2081f0fc,,2081f0fc-939e-4103-9a9b-c1fc659b2b55,False,exact,n/a(HTS_BUY는 trailing 리셋 분기 없음),679,
680,2026-08-07T09:44:12.230951+09:00,KRW-JTO,HTS_BUY,0.0,193.66528857,GENUINE,partial fill of limit bid(s): bid/limit created 2026-08-07T09:43:39+09:00 exec_total=2318.15959004 EXT 54ec31c8,,54ec31c8-9c50-4efc-9ef7-dadd518ac7ef,False,partial_fill,n/a(HTS_BUY는 trailing 리셋 분기 없음),682,
681,2026-08-07T09:46:14.139740+09:00,KRW-JTO,HTS_BUY_ADD,193.66528857,2318.15959004,GENUINE,bid/limit/done created 2026-08-07T09:43:39+09:00 vol=2318.15959004 exec=2318.15959004 EXT 54ec31c8,,54ec31c8-9c50-4efc-9ef7-dadd518ac7ef,False,exact,journal 보존기간 밖(확인 불가),682,
683,2026-08-07T11:57:59.783085+09:00,KRW-JTO,HTS_BUY,0.0,430.30527574,GENUINE,bid/limit/done created 2026-08-07T11:55:17+09:00 vol=143.24891774 exec=143.24891774 EXT dd8efd53; bid/limit/done created 2026-08-07T11:55:14+09:00 vol=287.05635838 exec=287.05635838 EXT 0870d70a,,dd8efd53-476f-4e25-a163-0d2794125452;0870d70a-4565-4a26-8b74-d26925a85ee2,False,exact,n/a(HTS_BUY는 trailing 리셋 분기 없음),688,
684,2026-08-07T12:00:00.843316+09:00,KRW-JTO,HTS_BUY_ADD,430.30527574,766.20143824,GENUINE,partial fill of limit bid(s): bid/limit created 2026-08-07T11:55:12+09:00 exec_total=575.23082489 EXT 37aa5b52,,37aa5b52-0f1c-4d75-8528-7011909aa765,False,partial_fill,journal 보존기간 밖(확인 불가),688,
685,2026-08-07T12:01:01.046828+09:00,KRW-JTO,HTS_BUY_ADD,766.20143824,1005.53610101,GENUINE,bid/limit/done created 2026-08-07T11:55:12+09:00 vol=575.23082489 exec=575.23082489 EXT 37aa5b52,,37aa5b52-0f1c-4d75-8528-7011909aa765,False,exact,journal 보존기간 밖(확인 불가),688,
686,2026-08-07T12:09:06.755873+09:00,KRW-JTO,HTS_BUY_ADD,1005.53610101,1223.48158084,GENUINE,partial fill of limit bid(s): bid/limit created 2026-08-07T11:55:09+09:00 exec_total=1152.7057971 EXT 6924218c,,6924218c-c36a-4539-8c58-c749c32e84f0,False,partial_fill,journal 보존기간 밖(확인 불가),688,
687,2026-08-07T12:10:09.578453+09:00,KRW-JTO,HTS_BUY_ADD,1223.48158084,4468.153364,GENUINE,bid/limit/done created 2026-08-07T11:55:09+09:00 vol=1152.7057971 exec=1152.7057971 EXT 6924218c; bid/limit/done created 2026-08-07T11:55:05+09:00 vol=2309.91146589 exec=2309.91146589 EXT 06d28bfa,,6924218c-c36a-4539-8c58-c749c32e84f0;06d28bfa-7b88-4c5c-a759-6f84db28d60b,False,exact,journal 보존기간 밖(확인 불가),688,
691,2026-08-08T11:33:58.099417+09:00,KRW-ARX,HTS_BUY,0.0,3954.3225,GENUINE,bid/limit/done created 2026-08-08T11:08:35+09:00 vol=3954.3225 exec=3954.3225 EXT dfbd74d4,,dfbd74d4-a66d-427f-aa22-c89c029da816,False,exact,n/a(HTS_BUY는 trailing 리셋 분기 없음),,
692,2026-08-08T12:06:03.799279+09:00,KRW-ARX,HTS_BUY_ADD,3954.3225,6934.4707412,GENUINE,bid/limit/done created 2026-08-08T11:08:41+09:00 vol=2980.1482412 exec=2980.1482412 EXT 57ad31c5,,57ad31c5-0223-4895-b275-30109b70c6bd,False,exact,journal 보존기간 밖(확인 불가),,
693,2026-08-08T12:11:04.391910+09:00,KRW-ARX,HTS_BUY_ADD,6934.4707412,9180.49599372,GENUINE,bid/limit/done created 2026-08-08T11:08:44+09:00 vol=2246.02525252 exec=2246.02525252 EXT c1c51e6f,,c1c51e6f-7672-4f39-aed4-6d5c96593e32,False,exact,journal 보존기간 밖(확인 불가),,
694,2026-08-08T13:38:27.446581+09:00,KRW-SOON,HTS_BUY,0.0,1120.6087566,GENUINE,partial fill of limit bid(s): bid/limit created 2026-08-08T13:35:27+09:00 exec_total=1539.81357388 EXT 04cbe530,,04cbe530-37ef-49ad-856f-5f858d429e70,False,partial_fill,n/a(HTS_BUY는 trailing 리셋 분기 없음),,
695,2026-08-08T13:40:28.535264+09:00,KRW-SOON,HTS_BUY_ADD,1120.6087566,2719.66723549,GENUINE,partial fill of limit bid(s): bid/limit created 2026-08-08T13:35:27+09:00 exec_total=1539.81357388 EXT 04cbe530; bid/limit created 2026-08-08T13:35:25+09:00 exec_total=2046.39469178 EXT 5911883f,,04cbe530-37ef-49ad-856f-5f858d429e70;5911883f-b236-4962-84be-af514047c79d,False,partial_fill,journal 보존기간 밖(확인 불가),,
696,2026-08-08T13:45:29.533506+09:00,KRW-SOON,HTS_BUY_ADD,2719.66723549,3134.86367767,GENUINE,partial fill of limit bid(s): bid/limit created 2026-08-08T13:35:25+09:00 exec_total=2046.39469178 EXT 5911883f,,5911883f-b236-4962-84be-af514047c79d,False,partial_fill,journal 보존기간 밖(확인 불가),,
697,2026-08-08T13:48:30.137079+09:00,KRW-SOON,HTS_BUY_ADD,3134.86367767,4766.06192727,GENUINE,partial fill of limit bid(s): bid/limit created 2026-08-08T13:35:25+09:00 exec_total=2046.39469178 EXT 5911883f; bid/limit created 2026-08-08T13:35:22+09:00 exec_total=2719.66723549 EXT f3461f31,,5911883f-b236-4962-84be-af514047c79d;f3461f31-6457-46e2-9583-94d4797c2782,False,partial_fill,journal 보존기간 밖(확인 불가),,
698,2026-08-08T13:51:31.064284+09:00,KRW-SOON,HTS_BUY_ADD,4766.06192727,6305.87550115,GENUINE,bid/limit/done created 2026-08-08T13:35:22+09:00 vol=2719.66723549 exec=2719.66723549 EXT f3461f31,,f3461f31-6457-46e2-9583-94d4797c2782,False,exact,journal 보존기간 밖(확인 불가),,
699,2026-08-08T14:32:37.404481+09:00,KRW-SOON,HTS_BUY_ADD,6305.87550115,6964.20912484,GENUINE,bid/limit/done created 2026-08-08T14:28:23+09:00 vol=658.33362369 exec=658.33362369 EXT daa9670c,,daa9670c-b372-4b33-bb6c-4fe60ac8bad2,False,exact,journal 보존기간 밖(확인 불가),,
700,2026-08-08T15:04:41.206517+09:00,KRW-SOON,HTS_BUY_ADD,6964.20912484,7416.90545565,GENUINE,partial fill of limit bid(s): bid/limit created 2026-08-08T14:28:18+09:00 exec_total=880.99388111 EXT 3aabbb8f,,3aabbb8f-ecb8-4ec7-9d89-e9e6b0265203,False,partial_fill,journal 보존기간 밖(확인 불가),,
701,2026-08-08T15:05:41.361085+09:00,KRW-SOON,HTS_BUY_ADD,7416.90545565,7845.20300595,GENUINE,bid/limit/done created 2026-08-08T14:28:18+09:00 vol=880.99388111 exec=880.99388111 EXT 3aabbb8f,,3aabbb8f-ecb8-4ec7-9d89-e9e6b0265203,False,exact,journal 보존기간 밖(확인 불가),,
702,2026-08-08T15:13:41.809099+09:00,KRW-SOON,HTS_BUY_ADD,7845.20300595,8017.86066069,GENUINE,partial fill of limit bid(s): bid/limit created 2026-08-08T14:28:14+09:00 exec_total=1178.97631578 EXT 2a6505a2,,2a6505a2-9eea-4861-a77c-ad0b7ff1a864,False,partial_fill,journal 보존기간 밖(확인 불가),,
703,2026-08-08T15:14:41.764334+09:00,KRW-SOON,HTS_BUY_ADD,8017.86066069,9024.17932173,GENUINE,bid/limit/done created 2026-08-08T14:28:14+09:00 vol=1178.97631578 exec=1178.97631578 EXT 2a6505a2,,2a6505a2-9eea-4861-a77c-ad0b7ff1a864,False,exact,journal 보존기간 밖(확인 불가),,
704,2026-08-08T15:23:44.165157+09:00,KRW-SOON,HTS_BUY_ADD,9024.17932173,10021.94340623,GENUINE,bid/limit/done created 2026-08-08T15:14:42+09:00 vol=997.7640845 exec=997.7640845 EXT 4269e4ae,,4269e4ae-7832-4867-8d37-53a878693023,False,exact,journal 보존기간 밖(확인 불가),,
709,2026-08-09T14:09:14.429298+09:00,KRW-RE,HTS_BUY,0.0,2816.38773747,GENUINE,bid/limit/done created 2026-08-09T13:57:30+09:00 vol=2816.38773747 exec=2816.38773747 EXT 184646c6,,184646c6-dcec-4722-8e24-2fe9436f094d,False,exact,n/a(HTS_BUY는 trailing 리셋 분기 없음),710,
725,2026-08-10T15:56:19.652814+09:00,KRW-RE,HTS_BUY,0.0,548.74529616,GENUINE,bid/limit/done created 2026-08-10T15:55:43+09:00 vol=548.74529616 exec=548.74529616 EXT e8bb93ee,,e8bb93ee-3425-4190-9c5a-24517361f3a7,False,exact,n/a(HTS_BUY는 trailing 리셋 분기 없음),726,
727,2026-08-10T16:58:43.590067+09:00,KRW-RE,HTS_BUY,0.0,548.8815331,GENUINE,bid/limit/done created 2026-08-10T16:57:43+09:00 vol=548.8815331 exec=548.8815331 EXT 5417a89a,,5417a89a-fed0-4720-bd58-faecd2f45d11,False,exact,n/a(HTS_BUY는 trailing 리셋 분기 없음),728,
729,2026-08-10T17:42:00.490976+09:00,KRW-RE,HTS_BUY,0.0,555.02186948,GENUINE,bid/limit/done created 2026-08-10T17:40:51+09:00 vol=555.02186948 exec=555.02186948 EXT 8111f965,,8111f965-32c5-4ae5-a58a-b3a0f267731f,False,exact,n/a(HTS_BUY는 trailing 리셋 분기 없음),730,
731,2026-08-10T18:14:16.021326+09:00,KRW-JTO,HTS_BUY,0.0,119.45000341,GENUINE,partial fill of limit bid(s): bid/limit created 2026-08-10T18:13:14+09:00 exec_total=393.04314214 EXT f68a3a7d,,f68a3a7d-4551-4b85-8e90-7f180f546df2,False,partial_fill,n/a(HTS_BUY는 trailing 리셋 분기 없음),776,
732,2026-08-10T18:17:17.609903+09:00,KRW-JTO,HTS_BUY_ADD,119.45000341,393.04314214,GENUINE,bid/limit/done created 2026-08-10T18:13:14+09:00 vol=393.04314214 exec=393.04314214 EXT f68a3a7d,,f68a3a7d-4551-4b85-8e90-7f180f546df2,False,exact,journal 보존기간 밖(확인 불가),776,
733,2026-08-10T19:34:53.405535+09:00,KRW-RE,HTS_BUY,0.0,527.75762144,GENUINE,bid/limit/done created 2026-08-10T19:34:33+09:00 vol=527.75762144 exec=527.75762144 EXT e5140582,,e5140582-e6d8-4b3b-bbe5-54f5a97a8672,False,exact,n/a(HTS_BUY는 trailing 리셋 분기 없음),734,
735,2026-08-10T21:17:16.390362+09:00,KRW-RE,HTS_BUY,0.0,415.49631688,GENUINE,bid/limit/cancel created 2026-08-10T21:11:14+09:00 vol=531.44232715 exec=415.49631688 EXT d225fc81,,d225fc81-6bb0-48de-82df-fd45339937ee,False,exact,n/a(HTS_BUY는 trailing 리셋 분기 없음),736,
743,2026-08-11T10:17:18.918243+09:00,KRW-RE,HTS_BUY,0.0,2618.4142367,GENUINE,bid/limit/done created 2026-08-11T10:16:34+09:00 vol=2618.4142367 exec=2618.4142367 EXT c5559ed9,,c5559ed9-ae75-4dae-b78c-2bf78b850dc0,False,exact,n/a(HTS_BUY는 trailing 리셋 분기 없음),756,
744,2026-08-11T15:25:13.822754+09:00,KRW-JTO,HTS_BUY,0.0,220.57767206,GENUINE,partial fill of limit bid(s): bid/limit created 2026-08-11T15:24:33+09:00 exec_total=246.48188874 EXT 6af54c2f,,6af54c2f-621b-4157-ad9d-a93e1120db34,False,partial_fill,n/a(HTS_BUY는 trailing 리셋 분기 없음),776,
745,2026-08-11T15:28:14.917492+09:00,KRW-JTO,HTS_BUY_ADD,220.57767206,268.13121487,GENUINE,partial fill of limit bid(s): bid/limit created 2026-08-11T15:24:33+09:00 exec_total=246.48188874 EXT 6af54c2f; bid/limit created 2026-08-11T15:24:30+09:00 exec_total=492.5742894 EXT c9c8e9d8,,6af54c2f-621b-4157-ad9d-a93e1120db34;c9c8e9d8-67cf-4941-87f2-928b8d26b4fb,False,partial_fill,journal 보존기간 밖(확인 불가),776,
746,2026-08-11T15:30:14.949785+09:00,KRW-JTO,HTS_BUY_ADD,268.13121487,353.83121487,GENUINE,partial fill of limit bid(s): bid/limit created 2026-08-11T15:24:30+09:00 exec_total=492.5742894 EXT c9c8e9d8,,c9c8e9d8-67cf-4941-87f2-928b8d26b4fb,False,partial_fill,journal 보존기간 밖(확인 불가),776,
747,2026-08-11T15:32:15.089782+09:00,KRW-JTO,HTS_BUY_ADD,353.83121487,984.36903225,GENUINE,partial fill of limit bid(s): bid/limit created 2026-08-11T15:24:30+09:00 exec_total=492.5742894 EXT c9c8e9d8; bid/limit created 2026-08-11T15:24:25+09:00 exec_total=984.36903225 EXT 6863c228,,c9c8e9d8-67cf-4941-87f2-928b8d26b4fb;6863c228-335a-42c9-be31-646e41125b7a,False,partial_fill,journal 보존기간 밖(확인 불가),776,
748,2026-08-11T15:33:15.068267+09:00,KRW-JTO,HTS_BUY_ADD,984.36903225,1476.94332165,GENUINE,partial fill of limit bid(s): bid/limit created 2026-08-11T15:24:25+09:00 exec_total=984.36903225 EXT 6863c228,,6863c228-335a-42c9-be31-646e41125b7a,False,partial_fill,journal 보존기간 밖(확인 불가),776,
749,2026-08-11T15:36:16.551573+09:00,KRW-JTO,HTS_BUY_ADD,1476.94332165,1723.42521039,GENUINE,bid/limit/done created 2026-08-11T15:24:25+09:00 vol=984.36903225 exec=984.36903225 EXT 6863c228,,6863c228-335a-42c9-be31-646e41125b7a,False,exact,journal 보존기간 밖(확인 불가),776,
750,2026-08-11T15:46:23.480258+09:00,KRW-KAITO,HTS_BUY,0.0,202.06032864,GENUINE,bid/limit/done created 2026-08-11T15:45:24+09:00 vol=202.06032864 exec=202.06032864 EXT bd6d47f4,,bd6d47f4-3ea6-43d6-93e6-0fd6a211049e,False,exact,n/a(HTS_BUY는 trailing 리셋 분기 없음),,
751,2026-08-11T18:34:11.684634+09:00,KRW-RE,HTS_BUY,0.0,258.2949429,GENUINE,bid/limit/done created 2026-08-11T18:33:15+09:00 vol=258.2949429 exec=258.2949429 EXT 74207bde,,74207bde-798e-4b6e-8570-eaadc05fec3b,False,exact,n/a(HTS_BUY는 trailing 리셋 분기 없음),756,
752,2026-08-11T19:14:41.870489+09:00,KRW-RE,HTS_BUY,0.0,243.99554794,GENUINE,bid/limit/done created 2026-08-11T19:13:35+09:00 vol=243.99554794 exec=243.99554794 EXT c529d7db,,c529d7db-949d-4c0f-8e80-e281a17cf6ff,False,exact,n/a(HTS_BUY는 trailing 리셋 분기 없음),756,
753,2026-08-11T19:15:42.856768+09:00,KRW-RE,HTS_BUY_ADD,243.99554794,662.24956761,GENUINE,bid/limit/done created 2026-08-11T19:13:43+09:00 vol=198.29347079 exec=198.29347079 EXT e63e068f; bid/limit/done created 2026-08-11T19:13:38+09:00 vol=219.96054888 exec=219.96054888 EXT b75eacda,,e63e068f-10f2-4962-8a76-a6d56df0622e;b75eacda-8002-4eab-a3d8-77a6f41349b5,False,exact,journal 보존기간 밖(확인 불가),756,
754,2026-08-12T15:08:14.602986+09:00,KRW-ZBT,HTS_BUY,0.0,1765.55075757,GENUINE,bid/limit/done created 2026-08-12T07:47:38+09:00 vol=1765.55075757 exec=1765.55075757 EXT 19d90d2f,,19d90d2f-c153-4af6-a67a-804bb47a5966,False,exact,n/a(HTS_BUY는 trailing 리셋 분기 없음),,
755,2026-08-12T17:06:06.125694+09:00,KRW-RE,HTS_BUY_ADD,662.24956761,1040.16062288,GENUINE,bid/limit/done created 2026-08-12T17:04:47+09:00 vol=377.91105527 exec=377.91105527 EXT 12177068,,12177068-0dc9-4070-9b69-b019d424b35f,False,exact,journal 보존기간 밖(확인 불가),756,
757,2026-08-12T21:17:14.743635+09:00,KRW-RE,HTS_BUY,0.0,449.86237288,GENUINE,bid/limit/done created 2026-08-12T21:09:36+09:00 vol=449.86237288 exec=449.86237288 EXT 69ae8b6c,,69ae8b6c-6e21-40ad-9717-088a4b8cd7ca,False,exact,n/a(HTS_BUY는 trailing 리셋 분기 없음),758,
774,2026-08-14T00:22:10.330070+09:00,KRW-JTO,HTS_BUY,0.0,355.974,GENUINE,partial fill of limit bid(s): bid/limit created 2026-08-14T00:20:09+09:00 exec_total=1689.3433121 EXT 496b0acd,,496b0acd-8c88-4371-a9af-41130f31209d,False,partial_fill,n/a(HTS_BUY는 trailing 리셋 분기 없음),776,
775,2026-08-14T00:24:12.203043+09:00,KRW-JTO,HTS_BUY_ADD,355.974,1630.96654563,GENUINE,partial fill of limit bid(s): bid/limit created 2026-08-14T00:20:09+09:00 exec_total=1689.3433121 EXT 496b0acd,,496b0acd-8c88-4371-a9af-41130f31209d,False,partial_fill,journal 보존기간 밖(확인 불가),776,
777,2026-08-14T00:58:31.546042+09:00,KRW-JTO,HTS_BUY,0.0,30.19998999,GENUINE,partial fill of limit bid(s): bid/limit created 2026-08-14T00:20:09+09:00 exec_total=1689.3433121 EXT 496b0acd,,496b0acd-8c88-4371-a9af-41130f31209d,False,partial_fill,n/a(HTS_BUY는 trailing 리셋 분기 없음),779,
778,2026-08-14T00:59:31.620332+09:00,KRW-JTO,HTS_BUY_ADD,30.19998999,58.37676647,GENUINE,bid/limit/done created 2026-08-14T00:20:09+09:00 vol=1689.3433121 exec=1689.3433121 EXT 496b0acd,,496b0acd-8c88-4371-a9af-41130f31209d,False,exact,journal 보존기간 밖(확인 불가),779,
786,2026-08-15T19:05:42.358788+09:00,KRW-JTO,HTS_BUY,0.0,123.0,GENUINE,partial fill of limit bid(s): bid/limit created 2026-08-15T18:54:41+09:00 exec_total=320.40157004 EXT ad710bc5,,ad710bc5-9469-45bd-b861-bc1c0d12ae3d,False,partial_fill,n/a(HTS_BUY는 trailing 리셋 분기 없음),789,
787,2026-08-15T19:08:42.803650+09:00,KRW-JTO,HTS_BUY_ADD,123.0,320.40157004,GENUINE,bid/limit/done created 2026-08-15T18:54:41+09:00 vol=320.40157004 exec=320.40157004 EXT ad710bc5,,ad710bc5-9469-45bd-b861-bc1c0d12ae3d,False,exact,journal 보존기간 밖(확인 불가),789,
788,2026-08-16T03:17:38.675570+09:00,KRW-JTO,HTS_BUY,0.0,320.40157004,LOCK_RELEASE,ask/limit/cancel created 2026-08-15T20:48:16+09:00 vol=320.40157004 exec=0.0 EXT 1ac5a68c,1ac5a68c-1fe7-46b8-a4ee-d2d6b171db1f,,False,exact,n/a(HTS_BUY는 trailing 리셋 분기 없음),789,trailing 리셋 대상 아님(HTS_BUY)
794,2026-08-16T23:53:38.790644+09:00,KRW-JTO,HTS_BUY,0.0,316.3641577,GENUINE,bid/limit/done created 2026-08-16T23:23:04+09:00 vol=316.3641577 exec=316.3641577 EXT bd1d6c9e,,bd1d6c9e-1ca7-43c0-ba46-3890c77804ca,False,exact,n/a(HTS_BUY는 trailing 리셋 분기 없음),795,
796,2026-08-17T07:01:18.769365+09:00,KRW-ETH,HTS_BUY,0.0,0.09981228,GENUINE,bid/limit/done created 2026-08-17T06:58:42+09:00 vol=0.09981228 exec=0.09981228 EXT e1dd9491,,e1dd9491-88d6-47b4-ac59-5ea7f80d8100,False,exact,n/a(HTS_BUY는 trailing 리셋 분기 없음),,
799,2026-08-17T20:59:34.085266+09:00,KRW-JTO,HTS_BUY,0.0,778.94490035,GENUINE,bid/limit/done created 2026-08-17T20:57:48+09:00 vol=778.94490035 exec=778.94490035 EXT fe531102,,fe531102-15cb-4d57-863c-e224de62706c,False,exact,n/a(HTS_BUY는 trailing 리셋 분기 없음),800,
813,2026-08-21T08:45:19.457923+09:00,KRW-JTO,HTS_BUY,0.0,334.2697616,GENUINE,bid/limit/done created 2026-08-21T08:42:53+09:00 vol=334.2697616 exec=334.2697616 EXT 006d1f9e,,006d1f9e-eeb4-4db9-aefd-ffa9b762c5e5,False,exact,n/a(HTS_BUY는 trailing 리셋 분기 없음),814,
817,2026-08-21T12:00:15.628612+09:00,KRW-JTO,HTS_BUY,0.0,338.20254452,GENUINE,bid/limit/done created 2026-08-21T11:58:52+09:00 vol=338.20254452 exec=338.20254452 EXT d752d6fa,,d752d6fa-9efc-4ca0-831a-c44c961d822f,False,exact,n/a(HTS_BUY는 trailing 리셋 분기 없음),818,
825,2026-08-22T08:09:01.398698+09:00,KRW-DOGE,HTS_BUY,0.0,207.21328125,GENUINE,bid/limit/done created 2026-08-22T08:07:50+09:00 vol=207.21328125 exec=207.21328125 EXT 9098f4c4,,9098f4c4-8f33-4e1d-a6e1-2dc985047799,False,exact,n/a(HTS_BUY는 trailing 리셋 분기 없음),,
826,2026-08-22T09:04:40.725243+09:00,KRW-DOGE,HTS_BUY_ADD,207.21328125,417.27672125,GENUINE,bid/limit/done created 2026-08-22T08:44:32+09:00 vol=210.06344 exec=210.06344 EXT 45754c8c,,45754c8c-633e-44d4-ade1-8759568aa351,False,exact,journal 보존기간 밖(확인 불가),,
827,2026-08-22T09:08:43.798769+09:00,KRW-DOGE,HTS_BUY_ADD,417.27672125,626.91559221,GENUINE,bid/limit/done created 2026-08-22T08:44:35+09:00 vol=209.63887096 exec=209.63887096 EXT 0b069e45,,0b069e45-3de0-41da-9ed9-6d458ead9de6,False,exact,journal 보존기간 밖(확인 불가),,
828,2026-08-22T10:15:28.008950+09:00,KRW-DOGE,HTS_BUY_ADD,626.91559221,1616.04202076,GENUINE,partial fill of limit bid(s): bid/limit created 2026-08-22T10:12:41+09:00 exec_total=192.28880952 EXT 6717c7e2; bid/limit created 2026-08-22T10:12:34+09:00 exec_total=194.23206349 EXT a70ec02a; bid/limit created 2026-08-22T10:12:30+09:00 exec_total=197.76456 EXT 9bd09972; bid/limit created 2026-08-22T10:12:26+09:00 exec_total=198.17777777 EXT eae33112; bid/limit created 2026-08-22T10:12:22+09:00 exec_total=200.18063492 EXT b7d074d0; bid/limit created 2026-08-22T10:12:15+09:00 exec_total=203.82128 EXT 54ef62ee,,6717c7e2-f86b-4eab-a538-4f5ccb644f20;a70ec02a-e688-489f-befe-4dec7dd167ab;9bd09972-2fc0-49ee-b18a-c86be7700f91;eae33112-2927-456b-966e-ffea794c0976;b7d074d0-74cb-4696-98b5-961824c98c5a;54ef62ee-520d-4b08-a607-e68cc0fabb99,False,partial_fill,journal 보존기간 밖(확인 불가),,
831,2026-08-22T14:10:31.228488+09:00,KRW-DOGE,HTS_BUY_ADD,1616.04202076,2017.62786076,GENUINE,bid/limit/done created 2026-08-22T10:12:15+09:00 vol=203.82128 exec=203.82128 EXT 54ef62ee; bid/limit/done created 2026-08-22T10:12:13+09:00 vol=204.24714285 exec=204.24714285 EXT fb42fa56,,54ef62ee-520d-4b08-a607-e68cc0fabb99;fb42fa56-1c6b-4bf7-bb37-d5511f42440c,False,exact,journal 보존기간 밖(확인 불가),,
834,2026-08-23T06:33:46.593955+09:00,KRW-XRP,HTS_BUY,0.0,11.79247023,GENUINE,bid/limit/done created 2026-08-23T06:32:55+09:00 vol=11.79247023 exec=11.79247023 EXT 88e36421,,88e36421-f9f0-4db9-8353-161861026aa8,False,exact,n/a(HTS_BUY는 trailing 리셋 분기 없음),,
835,2026-08-23T06:36:48.360573+09:00,KRW-XRP,HTS_BUY_ADD,11.79247023,35.40783362,GENUINE,bid/limit/done created 2026-08-23T06:33:12+09:00 vol=11.69188772 exec=11.69188772 EXT b7f9a823; bid/limit/done created 2026-08-23T06:32:48+09:00 vol=11.92347567 exec=11.92347567 EXT 575e780d,,b7f9a823-631a-4085-9b1f-b07557a89c19;575e780d-f890-4eb3-8307-37d1d2b0ea32,False,exact,journal 보존기간 밖(확인 불가),,
838,2026-08-23T22:40:44.728123+09:00,KRW-JTO,HTS_BUY,0.0,65.27737031,GENUINE,bid/limit/done created 2026-08-23T22:40:05+09:00 vol=32.4946979 exec=32.4946979 EXT 02a02af1; bid/limit/done created 2026-08-23T22:40:02+09:00 vol=32.78267241 exec=32.78267241 EXT 94db1ebd,,02a02af1-edcd-40c8-8493-d971ae125d6f;94db1ebd-b35a-4f7e-934f-d1f800cb01ad,False,exact,n/a(HTS_BUY는 trailing 리셋 분기 없음),842,
839,2026-08-23T23:07:02.592610+09:00,KRW-JTO,HTS_BUY_ADD,65.27737031,129.41314372,GENUINE,bid/limit/done created 2026-08-23T22:40:14+09:00 vol=31.92646477 exec=31.92646477 EXT 150139bd; bid/limit/done created 2026-08-23T22:40:08+09:00 vol=32.20930864 exec=32.20930864 EXT 2582ad1c,,150139bd-13c7-4ba2-a6d7-8eff2d80d72f;2582ad1c-b07f-4ad4-a5a7-cb15f1c55421,False,exact,journal 보존기간 밖(확인 불가),842,
840,2026-08-23T23:28:16.452482+09:00,KRW-JTO,HTS_BUY_ADD,129.41314372,223.52072349,GENUINE,bid/limit/done created 2026-08-23T22:40:28+09:00 vol=31.0930521 exec=31.0930521 EXT 6e49d5d8; bid/limit/done created 2026-08-23T22:40:25+09:00 vol=31.36836431 exec=31.36836431 EXT 511ceefc; bid/limit/done created 2026-08-23T22:40:17+09:00 vol=31.64616336 exec=31.64616336 EXT 3c1aee39,,6e49d5d8-4ac3-4f5c-b861-c9622cb27a0b;511ceefc-feae-4106-88a5-8e892b59425c;3c1aee39-f226-4f6b-abb7-5fa7c3380545,False,exact,journal 보존기간 밖(확인 불가),842,
841,2026-08-23T23:42:25.852607+09:00,KRW-JTO,HTS_BUY_ADD,223.52072349,254.34093467,GENUINE,bid/limit/done created 2026-08-23T22:40:32+09:00 vol=30.82021118 exec=30.82021118 EXT 805be4c9,,805be4c9-bc30-48bc-a436-237cb244990e,False,exact,journal 보존기간 밖(확인 불가),842,
845,2026-08-24T06:24:03.236231+09:00,KRW-XRP,HTS_BUY,0.0,12.70266252,GENUINE,bid/limit/done created 2026-08-24T06:23:41+09:00 vol=12.70266252 exec=12.70266252 EXT 6276fb5b,,6276fb5b-7ba9-45b7-a1cc-6815ecede838,False,exact,n/a(HTS_BUY는 trailing 리셋 분기 없음),,
846,2026-08-24T06:36:12.379534+09:00,KRW-XRP,HTS_BUY_ADD,12.70266252,37.83005384,GENUINE,bid/limit/done created 2026-08-24T06:24:46+09:00 vol=12.50354296 exec=12.50354296 EXT f3b7cec0; bid/limit/done created 2026-08-24T06:24:43+09:00 vol=12.62384836 exec=12.62384836 EXT 18752ccd,,f3b7cec0-5a04-40cf-80ef-d142cf2fe426;18752ccd-0880-48d0-965e-660a71bc1566,False,exact,journal 보존기간 밖(확인 불가),,
847,2026-08-24T09:43:27.511373+09:00,KRW-XRP,HTS_BUY_ADD,37.83005384,75.02711946,GENUINE,bid/limit/done created 2026-08-24T09:42:36+09:00 vol=12.19800585 exec=12.19800585 EXT 57500055; bid/limit/done created 2026-08-24T09:42:30+09:00 vol=12.43973196 exec=12.43973196 EXT 96c9dccc; bid/limit/done created 2026-08-24T09:42:27+09:00 vol=12.55932781 exec=12.55932781 EXT 1992b4d1,,57500055-3bd1-4ace-bc6f-f157041d075f;96c9dccc-610f-4ae7-b784-40b1640f85ab;1992b4d1-9321-4a00-bda4-1e1f974d070e,False,exact,journal 보존기간 밖(확인 불가),,
848,2026-08-24T09:44:28.517059+09:00,KRW-XRP,HTS_BUY_ADD,75.02711946,123.29104144,GENUINE,partial fill of limit bid(s): bid/limit created 2026-08-24T09:42:48+09:00 exec_total=11.87025916 EXT ef95f664; bid/limit created 2026-08-24T09:42:44+09:00 exec_total=11.97850512 EXT 085e2361; bid/limit created 2026-08-24T09:42:40+09:00 exec_total=12.08185365 EXT 131838c0; bid/limit created 2026-08-24T09:42:33+09:00 exec_total=12.33330405 EXT 44cb1154,,ef95f664-f8bc-46aa-95fc-3798964d5c75;085e2361-f9b3-4b41-9abe-31cd4863a206;131838c0-8a37-40ed-b818-9c3d593b3666;44cb1154-cf2c-47de-8f28-e42a141adea1,False,partial_fill,journal 보존기간 밖(확인 불가),,
849,2026-08-24T22:43:28.211720+09:00,KRW-XRP,HTS_BUY,0.0,12.99064453,GENUINE,bid/limit/done created 2026-08-24T22:43:24+09:00 vol=12.99064453 exec=12.99064453 EXT cccd6235,,cccd6235-607e-4d25-99d0-5d6d0dbeb051,False,exact,n/a(HTS_BUY는 trailing 리셋 분기 없음),,
850,2026-08-24T22:59:39.700827+09:00,KRW-XRP,HTS_BUY_ADD,12.99064453,25.81999669,GENUINE,bid/limit/done created 2026-08-24T22:59:29+09:00 vol=12.82935216 exec=12.82935216 EXT a6cb8d27,,a6cb8d27-3fc9-4f4e-8f07-c29f28d1df6a,False,exact,journal 보존기간 밖(확인 불가),,
851,2026-08-24T23:04:43.315181+09:00,KRW-XRP,HTS_BUY_ADD,25.81999669,63.57969397,GENUINE,bid/limit/done created 2026-08-24T22:59:39+09:00 vol=12.4663317 exec=12.4663317 EXT 3fd5afec; bid/limit/done created 2026-08-24T22:59:36+09:00 vol=12.58618235 exec=12.58618235 EXT 7d724c72; bid/limit/done created 2026-08-24T22:59:32+09:00 vol=12.70718323 exec=12.70718323 EXT a3747cdc,,3fd5afec-655a-43c4-adcf-b5c3acaaf3dc;7d724c72-9edc-4948-abe1-6030980b407e;a3747cdc-8237-49d6-98d0-067cf9cdbbd7,False,exact,journal 보존기간 밖(확인 불가),,
852,2026-08-25T06:20:52.486927+09:00,KRW-XRP,HTS_BUY,0.0,13.03119432,GENUINE,bid/limit/done created 2026-08-25T06:20:32+09:00 vol=13.03119432 exec=13.03119432 EXT 0e7ecf09,,0e7ecf09-7c56-4485-8a6e-f4872476a07f,False,exact,n/a(HTS_BUY는 trailing 리셋 분기 없음),,
853,2026-08-25T06:36:03.637570+09:00,KRW-XRP,HTS_BUY_ADD,13.03119432,38.76045986,GENUINE,bid/limit/done created 2026-08-25T06:21:22+09:00 vol=12.79679744 exec=12.79679744 EXT 53c04844; bid/limit/done created 2026-08-25T06:21:16+09:00 vol=12.9324681 exec=12.9324681 EXT 18f431fd,,53c04844-a76a-44ba-8fae-b6ec54c2b1cb;18f431fd-3e98-4ee6-b90c-4b6215b5d67d,False,exact,journal 보존기간 밖(확인 불가),,
854,2026-08-25T07:40:50.715532+09:00,KRW-JTO,HTS_BUY,0.0,330.69295775,GENUINE,partial fill of limit bid(s): bid/limit created 2026-08-25T07:39:12+09:00 exec_total=330.75044814 EXT 4bca7dbb | note: 1 unused cancelled ask(s) with rem<delta exist,,4bca7dbb-d32b-4f61-9cd5-453c57f3059f,False,partial_fill,n/a(HTS_BUY는 trailing 리셋 분기 없음),857,
855,2026-08-25T07:41:51.058408+09:00,KRW-JTO,HTS_BUY_ADD,330.69295775,330.75044814,GENUINE,bid/limit/done created 2026-08-25T07:39:12+09:00 vol=330.75044814 exec=330.75044814 EXT 4bca7dbb,,4bca7dbb-d32b-4f61-9cd5-453c57f3059f,False,exact,journal 보존기간 밖(확인 불가),857,
856,2026-08-25T07:48:55.394497+09:00,KRW-JTO,HTS_BUY_ADD,330.75044814,1074.89769525,GENUINE,bid/limit/done created 2026-08-25T07:47:57+09:00 vol=744.14724711 exec=744.14724711 EXT b4be57fa,,b4be57fa-1ecc-45d5-ae97-c18019e6d2ed,False,exact,journal 보존기간 밖(확인 불가),857,
860,2026-08-25T11:30:19.930265+09:00,KRW-XRP,HTS_BUY_ADD,38.76045986,51.03893925,GENUINE,bid/limit/done created 2026-08-25T11:29:33+09:00 vol=12.27847939 exec=12.27847939 EXT 7d575ec3,,7d575ec3-4275-496f-abe4-224f5088046d,False,exact,journal 보존기간 밖(확인 불가),,
861,2026-08-25T11:34:23.420807+09:00,KRW-XRP,HTS_BUY_ADD,51.03893925,63.21187093,GENUINE,bid/limit/done created 2026-08-25T11:29:46+09:00 vol=12.17293168 exec=12.17293168 EXT d80bff41,,d80bff41-18ff-46fc-874a-20fc4ddb0276,False,exact,journal 보존기간 밖(확인 불가),,
862,2026-08-25T11:45:32.486056+09:00,KRW-XRP,HTS_BUY_ADD,63.21187093,75.28018921,GENUINE,bid/limit/done created 2026-08-25T11:29:50+09:00 vol=12.06831828 exec=12.06831828 EXT 749ded3d,,749ded3d-a7ae-497e-bb5b-debf7b108626,False,exact,journal 보존기간 밖(확인 불가),,
863,2026-08-25T11:49:35.342950+09:00,KRW-XRP,HTS_BUY_ADD,75.28018921,87.24481337,GENUINE,bid/limit/done created 2026-08-25T11:29:56+09:00 vol=11.96462416 exec=11.96462416 EXT 1a9353cb,,1a9353cb-fb74-4973-a427-0212d98805cd,False,exact,journal 보존기간 밖(확인 불가),,
864,2026-08-26T04:30:38.953288+09:00,KRW-XRP,HTS_BUY,0.0,131.01715686,GENUINE,bid/limit/done created 2026-08-26T04:29:47+09:00 vol=131.01715686 exec=131.01715686 EXT 3405bb8e,,3405bb8e-3de6-4a86-8b1d-e6af8f61675a,False,exact,n/a(HTS_BUY는 trailing 리셋 분기 없음),,
865,2026-08-26T07:31:05.164532+09:00,KRW-XRP,HTS_BUY,0.0,13.3203948,GENUINE,bid/limit/done created 2026-08-26T07:29:57+09:00 vol=13.3203948 exec=13.3203948 EXT 51283674,,51283674-145e-4c9a-a2ba-7c8b631436ac,False,exact,n/a(HTS_BUY는 trailing 리셋 분기 없음),,
866,2026-08-26T09:10:51.991505+09:00,KRW-XRP,HTS_BUY_ADD,13.3203948,26.63393667,GENUINE,bid/limit/done created 2026-08-26T07:30:15+09:00 vol=13.31354187 exec=13.31354187 EXT b52644a3,,b52644a3-93c1-4d33-8fb5-41c88f9f7080,False,exact,journal 보존기간 밖(확인 불가),,
871,2026-08-26T12:25:57.501591+09:00,KRW-JTO,HTS_BUY,0.0,880.53269754,GENUINE,bid/limit/done created 2026-08-26T12:20:52+09:00 vol=880.53269754 exec=880.53269754 EXT a55505ce,,a55505ce-b2bc-45b5-9775-509a2014b8bf,False,exact,n/a(HTS_BUY는 trailing 리셋 분기 없음),872,
875,2026-08-26T18:37:40.915338+09:00,KRW-XRP,HTS_BUY_ADD,26.63393667,39.88111212,GENUINE,bid/limit/done created 2026-08-26T07:30:20+09:00 vol=13.24717545 exec=13.24717545 EXT 2d92af15,,2d92af15-a4e2-416e-bb35-31e842ace982,False,exact,journal 보존기간 밖(확인 불가),,
888,2026-08-27T19:26:42.594331+09:00,KRW-XRP,HTS_BUY_ADD,39.88111212,170.73332586,GENUINE,bid/limit/done created 2026-08-27T17:39:19+09:00 vol=130.85221374 exec=130.85221374 EXT 3819b9ce,,3819b9ce-eb41-49f4-bf84-190265bc82a0,False,exact,journal 보존기간 밖(확인 불가),,
911,2026-08-30T15:47:37.304358+09:00,KRW-SOON,HTS_BUY,0.0,347.88270174,GENUINE,partial fill of limit bid(s): bid/limit created 2026-08-30T15:47:31+09:00 exec_total=85.66333333 EXT bbc5c7a0; bid/limit created 2026-08-30T15:47:28+09:00 exec_total=86.52905263 EXT a138122a; bid/limit created 2026-08-30T15:47:26+09:00 exec_total=87.40350877 EXT d06eeae1; bid/limit created 2026-08-30T15:47:22+09:00 exec_total=88.28680701 EXT 6d80d789,,bbc5c7a0-e915-4c49-8319-3b45b749b3da;a138122a-6780-4839-8329-d9728dede8a6;d06eeae1-b391-4f14-9fbe-df299a1fbf51;6d80d789-75bd-4cf5-9489-0214ec28f95a,False,partial_fill,n/a(HTS_BUY는 trailing 리셋 분기 없음),,
912,2026-08-30T15:49:39.960887+09:00,KRW-RE,HTS_BUY,0.0,353.87672035,GENUINE,bid/limit/done created 2026-08-30T15:49:08+09:00 vol=353.87672035 exec=353.87672035 EXT d78230e3,,d78230e3-da4b-4664-9501-8a6933c3900c,False,exact,n/a(HTS_BUY는 trailing 리셋 분기 없음),,
913,2026-08-30T16:40:32.894493+09:00,KRW-SOON,HTS_BUY_ADD,347.88270174,974.93954384,GENUINE,bid/limit/done created 2026-08-30T16:29:43+09:00 vol=627.0568421 exec=627.0568421 EXT 6b42a421,,6b42a421-83c4-4897-b40b-2bf296eb6def,False,exact,journal 보존기간 밖(확인 불가),,
914,2026-08-30T16:45:34.874011+09:00,KRW-SOON,HTS_BUY_ADD,974.93954384,1068.10552975,GENUINE,bid/limit/done created 2026-08-30T15:47:07+09:00 vol=93.16598591 exec=93.16598591 EXT 9f0567af,,9f0567af-982e-4d69-b86b-05545e40df50,False,exact,journal 보존기간 밖(확인 불가),,
915,2026-08-30T17:48:58.921555+09:00,KRW-SOON,HTS_BUY_ADD,1068.10552975,1160.66531773,GENUINE,bid/limit/done created 2026-08-30T15:47:10+09:00 vol=92.55978798 exec=92.55978798 EXT 36d44707,,36d44707-68e2-4477-bf6d-5dbe18461b06,False,exact,journal 보존기간 밖(확인 불가),,
919,2026-08-31T02:25:36.470923+09:00,KRW-RE,HTS_BUY,0.0,321.29394387,GENUINE,bid/limit/done created 2026-08-30T15:49:34+09:00 vol=321.29394387 exec=321.29394387 EXT 3f5be8be,,3f5be8be-1b03-4675-a8f8-d1717d91d7b0,False,exact,n/a(HTS_BUY는 trailing 리셋 분기 없음),,
921,2026-08-31T03:05:57.844905+09:00,KRW-RE,HTS_BUY_ADD,321.29394387,451.16312369,GENUINE,partial fill of limit bid(s): bid/limit created 2026-08-30T15:49:37+09:00 exec_total=289.57618343 EXT 2890218d,,2890218d-38e6-4bbd-bbd9-bb69fd940b46,False,partial_fill,no,,
922,2026-08-31T03:48:15.449554+09:00,KRW-RE,HTS_BUY_ADD,451.16312369,610.8701273,GENUINE,bid/limit/done created 2026-08-30T15:49:37+09:00 vol=289.57618343 exec=289.57618343 EXT 2890218d,,2890218d-38e6-4bbd-bbd9-bb69fd940b46,False,exact,no,,
925,2026-08-31T20:26:49.178794+09:00,KRW-RE,HTS_BUY,0.0,396.5376506,GENUINE,bid/limit/done created 2026-08-31T20:25:25+09:00 vol=396.5376506 exec=396.5376506 EXT 5da1d6b5,,5da1d6b5-312f-4f20-bcf0-35199eb43135,False,exact,n/a(HTS_BUY는 trailing 리셋 분기 없음),,
928,2026-09-01T03:14:43.954938+09:00,KRW-RE,HTS_BUY,0.0,396.5376506,LOCK_RELEASE,ask/limit/cancel created 2026-09-01T02:57:20+09:00 vol=396.5376506 exec=0.0 EXT b8b35aa4,b8b35aa4-b36a-4091-922c-ab5c0e4a3c78,,False,exact,n/a(HTS_BUY는 trailing 리셋 분기 없음),,trailing 리셋 대상 아님(HTS_BUY)
932,2026-09-01T10:23:35.419439+09:00,KRW-JTO,HTS_BUY_ADD,428.77941176,815.50641667,GENUINE,bid/limit/done created 2026-09-01T10:21:49+09:00 vol=386.72700491 exec=386.72700491 EXT c47e8969,,c47e8969-aaeb-4be0-9a60-802c15029652,False,exact,yes,933,
934,2026-09-01T17:54:50.681659+09:00,KRW-IN,HTS_BUY,0.0,5757.19912472,GENUINE,bid/limit/done created 2026-09-01T17:53:59+09:00 vol=5757.19912472 exec=5757.19912472 EXT add0499f,,add0499f-92ab-440d-bf5e-c62058e3b26b,False,exact,n/a(HTS_BUY는 trailing 리셋 분기 없음),,
935,2026-09-01T17:55:49.381802+09:00,KRW-ETH,HTS_BUY,0.0,0.06999125,GENUINE,bid/limit/done created 2026-09-01T17:54:44+09:00 vol=0.06999125 exec=0.06999125 EXT 41224d08,,41224d08-f4c1-455a-8827-aa32a093a48b,False,exact,n/a(HTS_BUY는 trailing 리셋 분기 없음),,
936,2026-09-01T17:58:54.523177+09:00,KRW-WLD,HTS_BUY,0.0,427.03527054,GENUINE,bid/limit/done created 2026-09-01T17:55:00+09:00 vol=427.03527054 exec=427.03527054 EXT 239fd106,,239fd106-ecb6-4ee7-aaa4-8572de2ecddb,False,exact,n/a(HTS_BUY는 trailing 리셋 분기 없음),,
951,2026-09-06T01:04:29.065129+09:00,KRW-JTO,HTS_BUY,0.0,4536.79289952,GENUINE,bid/limit/done created 2026-09-06T00:57:51+09:00 vol=4536.79289952 exec=4536.79289952 EXT c8f03004,,c8f03004-74d0-4223-8752-96be2fe3b3ee,False,exact,n/a(HTS_BUY는 trailing 리셋 분기 없음),952,
953,2026-09-06T17:02:09.256329+09:00,KRW-JTO,HTS_BUY,0.0,446.67185929,GENUINE,bid/limit/done created 2026-09-06T16:56:21+09:00 vol=446.67185929 exec=446.67185929 EXT 2dfbb607,,2dfbb607-49b4-4e14-9894-be20aac182e4,False,exact,n/a(HTS_BUY는 trailing 리셋 분기 없음),954,
955,2026-09-06T22:12:45.189229+09:00,KRW-JTO,HTS_BUY,0.0,420.63249211,GENUINE,bid/limit/done created 2026-09-06T22:09:56+09:00 vol=420.63249211 exec=420.63249211 EXT 975a20fc,,975a20fc-466d-495d-804a-ac02f647c438,False,exact,n/a(HTS_BUY는 trailing 리셋 분기 없음),956,
957,2026-09-06T22:34:58.450079+09:00,KRW-JTO,HTS_BUY,0.0,419.4647244,GENUINE,bid/limit/done created 2026-09-06T22:32:50+09:00 vol=419.4647244 exec=419.4647244 EXT 6f67b4f1,,6f67b4f1-f504-4488-bf7f-b11e08961239,False,exact,n/a(HTS_BUY는 trailing 리셋 분기 없음),958,
959,2026-09-07T08:01:26.892909+09:00,KRW-JTO,HTS_BUY,0.0,42.01518167,GENUINE,bid/limit/done created 2026-09-07T07:59:52+09:00 vol=42.01518167 exec=42.01518167 EXT add077b8,,add077b8-4a9b-4172-bd9e-ffec4d5d2d55,False,exact,n/a(HTS_BUY는 trailing 리셋 분기 없음),960,
961,2026-09-07T10:09:43.981286+09:00,KRW-JTO,HTS_BUY,0.0,83.63266337,GENUINE,bid/limit/done created 2026-09-07T08:00:40+09:00 vol=41.57272727 exec=41.57272727 EXT d2a94e77; bid/limit/done created 2026-09-07T08:00:35+09:00 vol=42.0599361 exec=42.0599361 EXT 41f09009,,d2a94e77-1bbd-4950-b535-53dc50791137;41f09009-b79f-4cee-b0c4-3a67ff84b40c,False,exact,n/a(HTS_BUY는 trailing 리셋 분기 없음),962,
965,2026-09-08T13:23:10.144696+09:00,KRW-JTO,HTS_BUY,0.0,440.58691275,GENUINE,bid/limit/done created 2026-09-08T12:13:48+09:00 vol=440.58691275 exec=440.58691275 EXT fa529372,,fa529372-f623-4b8e-aab4-35ea0ebd1195,False,exact,n/a(HTS_BUY는 trailing 리셋 분기 없음),966,
971,2026-09-09T10:40:43.824010+09:00,KRW-JTO,HTS_BUY,0.0,4296.28019598,GENUINE,bid/limit/done created 2026-09-09T10:39:30+09:00 vol=4296.28019598 exec=4296.28019598 EXT 74874a11,,74874a11-b6d0-4591-b697-fce36a18738e,False,exact,n/a(HTS_BUY는 trailing 리셋 분기 없음),973,
976,2026-09-10T07:32:30.956931+09:00,KRW-JTO,HTS_BUY,0.0,46.5656942,GENUINE,bid/limit/done created 2026-09-10T07:32:28+09:00 vol=46.5656942 exec=46.5656942 EXT 4d72279d,,4d72279d-5085-4263-9728-6fcbd61f0b27,False,exact,n/a(HTS_BUY는 trailing 리셋 분기 없음),984,
977,2026-09-10T07:33:31.782565+09:00,KRW-JTO,HTS_BUY_ADD,46.5656942,139.94721253,GENUINE,bid/limit/done created 2026-09-10T07:32:32+09:00 vol=46.26241622 exec=46.26241622 EXT ad324f4d; bid/limit/done created 2026-09-10T07:32:25+09:00 vol=47.11910211 exec=47.11910211 EXT 26f587d8,,ad324f4d-3f93-4ad6-be79-3bcdcc532f5c;26f587d8-d0e6-43a2-b556-5703c4f761de,False,exact,yes,984,
978,2026-09-10T07:34:32.538588+09:00,KRW-JTO,HTS_BUY_ADD,139.94721253,185.82768956,GENUINE,bid/limit/done created 2026-09-10T07:32:35+09:00 vol=45.88047703 exec=45.88047703 EXT e36ce7be,,e36ce7be-1df1-4cd4-b2ac-d48b21c28947,False,exact,yes,984,
979,2026-09-10T07:35:33.259975+09:00,KRW-JTO,HTS_BUY_ADD,185.82768956,231.32951256,GENUINE,bid/limit/done created 2026-09-10T07:32:42+09:00 vol=45.501823 exec=45.501823 EXT 9144f5cd,,9144f5cd-3848-4fb5-9dd2-9e86a0c01d0b,False,exact,yes,984,
980,2026-09-10T07:56:48.816788+09:00,KRW-JTO,HTS_BUY_ADD,231.32951256,275.55750901,GENUINE,bid/limit/done created 2026-09-10T07:36:04+09:00 vol=44.22799645 exec=44.22799645 EXT 5f2b9d05,,5f2b9d05-9579-4f17-bab8-de99589a8222,False,exact,yes,984,
981,2026-09-10T10:22:38.606800+09:00,KRW-JTO,HTS_BUY_ADD,275.55750901,291.89737829,GENUINE,partial fill of limit bid(s): bid/limit created 2026-09-10T07:36:11+09:00 exec_total=43.9711151 EXT 7444ab66,,7444ab66-f840-4c65-a056-671596bfde0c,False,partial_fill,yes,984,
982,2026-09-10T10:28:43.720226+09:00,KRW-JTO,HTS_BUY_ADD,291.89737829,320.84455527,GENUINE,partial fill of limit bid(s): bid/limit created 2026-09-10T07:36:11+09:00 exec_total=43.9711151 EXT 7444ab66; bid/limit created 2026-09-10T07:36:08+09:00 exec_total=44.25630824 EXT 2991c5f0,,7444ab66-f840-4c65-a056-671596bfde0c;2991c5f0-b385-43d1-9070-96b59f40d86f,False,partial_fill,yes,984,
983,2026-09-10T10:32:47.004863+09:00,KRW-JTO,HTS_BUY_ADD,320.84455527,365.83862669,GENUINE,bid/limit/done created 2026-09-10T07:36:00+09:00 vol=44.99407142 exec=44.99407142 EXT 8349d6cd,,8349d6cd-eaea-4631-9ef7-1824fb149b13,False,exact,yes,984,
985,2026-09-10T16:24:42.583129+09:00,KRW-JTO,HTS_BUY,0.0,43.9711151,GENUINE,partial fill of limit bid(s): bid/limit created 2026-09-10T07:36:08+09:00 exec_total=44.25630824 EXT 2991c5f0; bid/limit created 2026-09-10T07:35:57+09:00 exec_total=45.28704626 EXT 7ba47b4c,,2991c5f0-b385-43d1-9070-96b59f40d86f;7ba47b4c-ea81-40bc-9a11-7c29b33c9cee,False,partial_fill,n/a(HTS_BUY는 trailing 리셋 분기 없음),987,
986,2026-09-10T19:35:10.000180+09:00,KRW-JTO,HTS_BUY_ADD,43.9711151,137.77186242,GENUINE,bid/limit/done created 2026-09-10T19:34:29+09:00 vol=46.66457295 exec=46.66457295 EXT 64cedcd2; bid/limit/done created 2026-09-10T19:34:26+09:00 vol=47.13617437 exec=47.13617437 EXT 54b74449,,64cedcd2-7711-4bb7-ba24-c29c0e11a145;54b74449-c348-4484-86ee-9731acd7c445,False,exact,yes,987,
989,2026-09-11T14:36:54.917504+09:00,KRW-JTO,HTS_BUY_ADD,472.76460176,895.47356476,GENUINE,bid/limit/done created 2026-09-11T14:36:06+09:00 vol=422.70896309 exec=422.70896309 EXT 66184080,,66184080-1fc8-4d5e-991a-77e8fad4e6c2,False,exact,yes,991,
990,2026-09-11T14:38:56.897666+09:00,KRW-JTO,HTS_BUY_ADD,895.47356476,895.47356485,GENUINE,"partial fill of limit bid(s): bid/price created 2026-09-11T07:50:22+09:00 exec_total=472.76460176 BOT ac1194fa | NOTE: delta=9e-8 (선행 하락 없음, 잠김 해제 아님; 증가 원인 확인 불가)",,ac1194fa-d53a-4fe3-9688-35c3c1019896,True,partial_fill,yes,991,
997,2026-09-13T18:17:38.483657+09:00,KRW-JTO,HTS_BUY_ADD,45.81874295,91.07033814,GENUINE,bid/limit/done created 2026-09-13T18:17:23+09:00 vol=45.25159519 exec=45.25159519 EXT 6f713381,,6f713381-e31c-49b9-ba17-96ce23d089cf,False,exact,yes,999,
998,2026-09-13T22:21:35.300753+09:00,KRW-JTO,HTS_BUY_ADD,91.07033814,223.67059834,GENUINE,bid/limit/done created 2026-09-13T22:18:12+09:00 vol=43.83172945 exec=43.83172945 EXT 0f89994b; bid/limit/done created 2026-09-13T22:18:09+09:00 vol=44.19902564 exec=44.19902564 EXT 8cdc3179; bid/limit/done created 2026-09-13T22:17:42+09:00 vol=44.56950511 exec=44.56950511 EXT b7b05bc7,,0f89994b-9190-4b45-8d06-d608ae6b4110;8cdc3179-80ee-412e-b026-f1bdad16f81c;b7b05bc7-cce1-468b-aee8-78bde0d288b5,False,exact,yes,999,
1002,2026-09-14T07:45:21.733413+09:00,KRW-JTO,HTS_BUY,0.0,46.995485,GENUINE,bid/limit/done created 2026-09-14T07:44:40+09:00 vol=46.995485 exec=46.995485 EXT 0ca7119d,,0ca7119d-6fd8-4a2a-87bd-44bb207e5814,False,exact,n/a(HTS_BUY는 trailing 리셋 분기 없음),1006,
1003,2026-09-14T08:07:33.329236+09:00,KRW-JTO,HTS_BUY_ADD,46.995485,92.89341118,GENUINE,bid/limit/done created 2026-09-14T08:06:39+09:00 vol=45.89792618 exec=45.89792618 EXT 60bdcdef,,60bdcdef-b015-4d5f-b7a4-8b17b1fbf074,False,exact,yes,1006,
1004,2026-09-14T08:13:36.261229+09:00,KRW-JTO,HTS_BUY_ADD,92.89341118,139.41871982,GENUINE,bid/limit/done created 2026-09-14T08:06:37+09:00 vol=46.52530864 exec=46.52530864 EXT bc80c282,,bc80c282-8e97-450e-b93e-3eaa5e8009b3,False,exact,yes,1006,
1005,2026-09-14T08:28:41.620105+09:00,KRW-JTO,HTS_BUY_ADD,139.41871982,457.48973915,GENUINE,bid/limit/done created 2026-09-14T08:28:18+09:00 vol=318.07101933 exec=318.07101933 EXT b609e024,,b609e024-0e04-4c08-8094-780f76206d6c,False,exact,yes,1006,
1009,2026-09-14T13:06:29.257151+09:00,KRW-JTO,HTS_BUY,0.0,44.06011686,GENUINE,bid/limit/done created 2026-09-14T13:06:25+09:00 vol=44.06011686 exec=44.06011686 EXT 1986de08,,1986de08-4ee6-4376-85e4-24f1a1205579,False,exact,n/a(HTS_BUY는 trailing 리셋 분기 없음),1018,
1010,2026-09-14T13:08:30.248590+09:00,KRW-JTO,HTS_BUY_ADD,44.06011686,132.55346503,GENUINE,bid/limit/done created 2026-09-14T13:06:28+09:00 vol=43.83885906 exec=43.83885906 EXT e219fc9c; bid/limit/done created 2026-09-14T13:06:22+09:00 vol=44.65448911 exec=44.65448911 EXT 94673b23,,e219fc9c-952c-46a6-bfff-2732d64b9678;94673b23-4a58-4dfa-aca2-9956a89a1cfc,False,exact,yes,1018,
1011,2026-09-14T15:28:22.190135+09:00,KRW-JTO,HTS_BUY_ADD,132.55346503,176.0266583,GENUINE,bid/limit/done created 2026-09-14T13:06:30+09:00 vol=43.47319327 exec=43.47319327 EXT a81e53da,,a81e53da-db55-414e-b6dd-3d8e381177e9,False,exact,yes,1018,
1012,2026-09-14T15:33:24.151979+09:00,KRW-JTO,HTS_BUY_ADD,176.0266583,219.13734853,GENUINE,bid/limit/done created 2026-09-14T13:06:33+09:00 vol=43.11069023 exec=43.11069023 EXT 6d18d3cb,,6d18d3cb-fbc0-46c8-a628-8dc4a86f4f8e,False,exact,yes,1018,
1013,2026-09-14T15:34:25.156328+09:00,KRW-JTO,HTS_BUY_ADD,219.13734853,261.8886976,GENUINE,bid/limit/done created 2026-09-14T13:06:36+09:00 vol=42.75134907 exec=42.75134907 EXT 8ac26ac4,,8ac26ac4-2ca7-4e7f-875b-8e10b9525506,False,exact,yes,1018,
1014,2026-09-14T16:13:37.175120+09:00,KRW-JTO,HTS_BUY_ADD,261.8886976,304.28379895,GENUINE,bid/limit/done created 2026-09-14T13:06:39+09:00 vol=42.39510135 exec=42.39510135 EXT 981e3c90,,981e3c90-538d-4b0d-bc35-e25447c95f4d,False,exact,yes,1018,
1015,2026-09-14T16:15:38.117967+09:00,KRW-JTO,HTS_BUY_ADD,304.28379895,346.32576172,GENUINE,bid/limit/done created 2026-09-14T13:06:51+09:00 vol=42.04196277 exec=42.04196277 EXT facfe615,,facfe615-eddf-4691-892d-6d58a3353269,False,exact,yes,1018,
1016,2026-09-14T16:30:39.577192+09:00,KRW-JTO,HTS_BUY_ADD,346.32576172,388.01764307,GENUINE,bid/limit/done created 2026-09-14T13:06:57+09:00 vol=41.69188135 exec=41.69188135 EXT 46a43297,,46a43297-ce46-4f11-93ae-55625fac739c,False,exact,yes,1018,
1017,2026-09-14T16:45:44.744620+09:00,KRW-JTO,HTS_BUY_ADD,388.01764307,429.3624648,GENUINE,bid/limit/done created 2026-09-14T13:07:00+09:00 vol=41.34482173 exec=41.34482173 EXT 16d61a36,,16d61a36-7252-4ac6-bafa-0aa7e7b56797,False,exact,yes,1018,
1021,2026-09-14T21:11:25.040970+09:00,KRW-JTO,HTS_BUY,0.0,440.07950413,GENUINE,bid/limit/done created 2026-09-14T21:10:54+09:00 vol=440.07950413 exec=440.07950413 EXT 775ccdec,,775ccdec-c8ca-4035-9e53-0fed56522c30,False,exact,n/a(HTS_BUY는 trailing 리셋 분기 없음),1023,
1022,2026-09-14T21:46:35.135504+09:00,KRW-JTO,HTS_BUY_ADD,440.07950413,836.78463658,GENUINE,bid/limit/done created 2026-09-14T21:45:26+09:00 vol=396.70513245 exec=396.70513245 EXT ba584592,,ba584592-29e5-4b4f-89b6-3a915146bdbf,False,exact,yes,1023,
1024,2026-09-15T05:11:02.287353+09:00,KRW-JTO,HTS_BUY,0.0,43.05538087,GENUINE,bid/limit/done created 2026-09-15T05:10:34+09:00 vol=43.05538087 exec=43.05538087 EXT a2826245,,a2826245-4cae-4af7-8f10-c518a96069bb,False,exact,n/a(HTS_BUY는 trailing 리셋 분기 없음),1027,
1025,2026-09-15T05:51:07.003930+09:00,KRW-JTO,HTS_BUY_ADD,43.05538087,85.74917957,GENUINE,bid/limit/done created 2026-09-15T05:10:38+09:00 vol=42.6937987 exec=42.6937987 EXT 2c500589,,2c500589-90ed-4cde-a409-9ac1a22a3092,False,exact,yes,1027,
1026,2026-09-15T06:02:08.220954+09:00,KRW-JTO,HTS_BUY_ADD,85.74917957,170.06464311,GENUINE,bid/limit/done created 2026-09-15T05:10:51+09:00 vol=41.98008143 exec=41.98008143 EXT a8fec679; bid/limit/done created 2026-09-15T05:10:42+09:00 vol=42.33538211 exec=42.33538211 EXT 3bfa055e,,a8fec679-d59f-4f3a-9688-2ca0d372756f;3bfa055e-173b-426a-982d-2e4be8ff87a2,False,exact,yes,1027,
1028,2026-09-15T16:49:38.637381+09:00,KRW-BIRB,HTS_BUY,0.0,286.15032327,GENUINE,bid/limit/done created 2026-09-15T16:48:47+09:00 vol=286.15032327 exec=286.15032327 EXT 01d790bf,,01d790bf-e0af-485a-86f5-41fea49543f8,False,exact,n/a(HTS_BUY는 trailing 리셋 분기 없음),,
1029,2026-09-15T16:51:38.900960+09:00,KRW-BIRB,HTS_BUY_ADD,286.15032327,1409.06122583,GENUINE,partial fill of limit bid(s): bid/limit created 2026-09-15T16:48:59+09:00 exec_total=276.96145494 EXT f00b35b8; bid/limit created 2026-09-15T16:48:56+09:00 exec_total=279.45704989 EXT a842ba52; bid/limit created 2026-09-15T16:48:53+09:00 exec_total=281.97551462 EXT 19997777; bid/limit created 2026-09-15T16:48:50+09:00 exec_total=284.51688311 EXT 5183e3c1,,f00b35b8-1fc0-4ed4-8807-ab9283ded957;a842ba52-1d09-497c-9aae-2a3c1b98bdac;19997777-3888-4ed5-8c8a-a63c90398e76;5183e3c1-b5b8-4bcb-bed6-d032f89fb993,False,partial_fill,no,,
1030,2026-09-15T17:56:50.644169+09:00,KRW-BIRB,HTS_BUY_ADD,1409.06122583,1674.16931326,GENUINE,bid/limit/done created 2026-09-15T17:52:20+09:00 vol=265.10808743 exec=265.10808743 EXT a9dab8ff,,a9dab8ff-3940-4999-9972-78cf18aec8f7,False,exact,no,,
1031,2026-09-15T18:00:51.194830+09:00,KRW-BIRB,HTS_BUY_ADD,1674.16931326,1942.2496196,GENUINE,bid/limit/done created 2026-09-15T17:52:09+09:00 vol=268.08030634 exec=268.08030634 EXT ec65d7df,,ec65d7df-1574-47ba-98c7-88659430696a,False,exact,no,,
1032,2026-09-15T18:02:51.570045+09:00,KRW-BIRB,HTS_BUY_ADD,1942.2496196,2764.35796817,GENUINE,bid/limit/done created 2026-09-15T17:51:12+09:00 vol=271.08608981 exec=271.08608981 EXT 4ab1c49e; bid/limit/done created 2026-09-15T17:51:06+09:00 vol=274.12598684 exec=274.12598684 EXT 31a82e84; bid/limit/done created 2026-09-15T17:51:02+09:00 vol=276.89627192 exec=276.89627192 EXT ce06711e,,4ab1c49e-7fb7-4299-a49d-d42344043f8a;31a82e84-ceae-48da-b52c-026e45960c86;ce06711e-f5e2-4efc-ae98-1effb2ca9365,False,exact,no,,
1033,2026-09-15T22:25:36.497260+09:00,KRW-BIRB,HTS_BUY,0.0,857.24629913,GENUINE,bid/limit/done created 2026-09-15T22:24:45+09:00 vol=283.39651795 exec=283.39651795 EXT 7e1795de; bid/limit/done created 2026-09-15T22:24:42+09:00 vol=285.94934782 exec=285.94934782 EXT 27984714; bid/limit/done created 2026-09-15T22:24:39+09:00 vol=287.90043336 exec=287.90043336 EXT e3e81c20,,7e1795de-dbaf-4ce2-be0a-89c8db5821b0;27984714-1f72-4c27-a812-8812d4ade1e9;e3e81c20-58d1-43ad-b577-8a3b88faf787,False,exact,n/a(HTS_BUY는 trailing 리셋 분기 없음),,
1034,2026-09-16T19:51:30.907907+09:00,KRW-NEAR,HTS_BUY,0.0,15.92433234,GENUINE,bid/limit/done created 2026-09-16T19:50:46+09:00 vol=7.92093674 exec=7.92093674 EXT cd5fc06a; bid/limit/done created 2026-09-16T19:50:28+09:00 vol=8.0033956 exec=8.0033956 EXT 0c82a770,,cd5fc06a-2971-4e1c-b411-88849b59d10f;0c82a770-3b0d-4b35-be43-cc633a4b107f,False,exact,n/a(HTS_BUY는 trailing 리셋 분기 없음),,
1035,2026-09-16T22:11:49.540650+09:00,KRW-CHIP,HTS_BUY,0.0,570.881409,GENUINE,bid/limit/done created 2026-09-16T22:11:04+09:00 vol=570.881409 exec=570.881409 EXT b576641c,,b576641c-44bc-4506-986f-851bb31e1697,False,exact,n/a(HTS_BUY는 trailing 리셋 분기 없음),,
1036,2026-09-16T22:38:59.287612+09:00,KRW-CHIP,HTS_BUY_ADD,570.881409,1140.5100086,GENUINE,bid/limit/done created 2026-09-16T22:11:08+09:00 vol=569.6285996 exec=569.6285996 EXT 629a032a,,629a032a-0600-4f9b-ad80-cf8d2cf53adf,False,exact,no,,
1037,2026-09-16T22:53:04.931662+09:00,KRW-CHIP,HTS_BUY_ADD,1140.5100086,1705.55407974,GENUINE,bid/limit/done created 2026-09-16T22:11:11+09:00 vol=565.04407114 exec=565.04407114 EXT 1cf1c10b,,1cf1c10b-a3bf-4423-972a-88c544f5cbac,False,exact,no,,
1038,2026-09-16T23:48:33.975807+09:00,KRW-CHIP,HTS_BUY_ADD,1705.55407974,2282.03412047,GENUINE,bid/limit/done created 2026-09-16T23:47:30+09:00 vol=576.48004073 exec=576.48004073 EXT 4e9be847,,4e9be847-ed55-440e-93f3-472e17e79985,False,exact,no,,
1039,2026-09-16T23:49:33.954778+09:00,KRW-CHIP,HTS_BUY_ADD,2282.03412047,3421.22455575,GENUINE,bid/limit/done created 2026-09-16T23:47:36+09:00 vol=567.31329243 exec=567.31329243 EXT 593ace19; bid/limit/done created 2026-09-16T23:47:33+09:00 vol=571.87714285 exec=571.87714285 EXT aae8f331,,593ace19-204e-46d4-8884-d9be86f0332c;aae8f331-9389-493a-84c1-8437cb4ae223,False,exact,no,,
1040,2026-09-17T06:31:53.221554+09:00,KRW-ARX,HTS_BUY,0.0,9999.67204586,GENUINE,partial fill of limit bid(s): bid/limit created 2026-09-17T06:30:56+09:00 exec_total=10000.0 EXT 2243eeb3,,2243eeb3-e62b-44ee-ae6c-af1bada07203,False,partial_fill,n/a(HTS_BUY는 trailing 리셋 분기 없음),,
1041,2026-09-17T06:32:53.852295+09:00,KRW-ARX,HTS_BUY_ADD,9999.67204586,10000.0,GENUINE,bid/limit/done created 2026-09-17T06:30:56+09:00 vol=10000.0 exec=10000.0 EXT 2243eeb3,,2243eeb3-e62b-44ee-ae6c-af1bada07203,False,exact,no,,
1042,2026-09-17T07:32:30.862021+09:00,KRW-ARX,HTS_BUY,0.0,119.40559829,GENUINE,bid/limit/done created 2026-09-17T07:30:20+09:00 vol=119.40559829 exec=119.40559829 EXT 092b6af8,,092b6af8-1a5c-4a68-becb-0596f0c516ab,False,exact,n/a(HTS_BUY는 trailing 리셋 분기 없음),,
1043,2026-09-17T18:29:39.860102+09:00,KRW-TRUST,HTS_BUY,0.0,4016.27815468,GENUINE,bid/limit/done created 2026-09-17T18:22:26+09:00 vol=4016.27815468 exec=4016.27815468 EXT 895a71ff,,895a71ff-6d24-4f54-b8f2-dbbeca3739a3,False,exact,n/a(HTS_BUY는 trailing 리셋 분기 없음),,
1044,2026-09-18T09:17:08.007358+09:00,KRW-BIRB,HTS_BUY,0.0,365.34567901,GENUINE,bid/limit/done created 2026-09-18T09:03:21+09:00 vol=365.34567901 exec=365.34567901 EXT e485212b,,e485212b-9d11-4abd-8ae4-9a9204a695fa,False,exact,n/a(HTS_BUY는 trailing 리셋 분기 없음),,
1045,2026-09-18T09:23:10.006767+09:00,KRW-BIRB,HTS_BUY_ADD,365.34567901,1075.59805346,GENUINE,bid/limit/done created 2026-09-18T09:04:10+09:00 vol=353.56144278 exec=353.56144278 EXT 715014b0; bid/limit/done created 2026-09-18T09:04:07+09:00 vol=356.69093167 exec=356.69093167 EXT 80d20ad6,,715014b0-ac64-4ff2-b793-c804303a551b;80d20ad6-0efa-4abe-bca3-91c4b4db38aa,False,exact,no,,
1046,2026-09-18T21:04:04.533731+09:00,KRW-WLD,HTS_BUY,0.0,486.08341543,GENUINE,bid/limit/done created 2026-09-18T21:01:56+09:00 vol=486.08341543 exec=486.08341543 EXT e066b505,,e066b505-94ec-47fc-8720-969c6840da76,False,exact,n/a(HTS_BUY는 trailing 리셋 분기 없음),,
1049,2026-09-19T17:24:35.545268+09:00,KRW-JTO,HTS_BUY,0.0,482.73898858,GENUINE,bid/limit/done created 2026-09-19T17:23:24+09:00 vol=482.73898858 exec=482.73898858 EXT f1bf974f,,f1bf974f-323b-4469-b94d-42c021175acd,False,exact,n/a(HTS_BUY는 trailing 리셋 분기 없음),1050,
1053,2026-09-21T12:12:34.991881+09:00,KRW-JTO,HTS_BUY,0.0,393.5638643,GENUINE,bid/limit/done created 2026-09-21T12:11:38+09:00 vol=393.5638643 exec=393.5638643 EXT ced623bb,,ced623bb-7453-4180-9d7f-14dc92aa0249,False,exact,n/a(HTS_BUY는 trailing 리셋 분기 없음),1055,
1054,2026-09-21T12:13:35.542218+09:00,KRW-JTO,HTS_BUY_ADD,393.5638643,831.52723209,GENUINE,bid/limit/done created 2026-09-21T12:09:37+09:00 vol=437.96336779 exec=437.96336779 EXT 55e8a087,,55e8a087-2935-4bc2-b6e2-27262473fcee,False,exact,yes,1055,
1056,2026-09-21T13:45:21.758473+09:00,KRW-XPL,HTS_BUY,0.0,227.49284615,GENUINE,bid/limit/done created 2026-09-21T13:45:10+09:00 vol=227.49284615 exec=227.49284615 EXT a7aec5ce,,a7aec5ce-3d23-4a5a-920f-96c029ea08e2,False,exact,n/a(HTS_BUY는 trailing 리셋 분기 없음),,
1057,2026-09-21T16:42:42.307921+09:00,KRW-AAVE,HTS_BUY,0.0,0.3128254,GENUINE,bid/limit/done created 2026-09-21T16:41:53+09:00 vol=0.15570946 exec=0.15570946 EXT 0cdd84d6; bid/limit/done created 2026-09-21T16:41:50+09:00 vol=0.15711594 exec=0.15711594 EXT ccc727db,,0cdd84d6-7027-4445-9aa2-ece950f5d3de;ccc727db-4142-43ca-9b5d-8791194b519d,False,exact,n/a(HTS_BUY는 trailing 리셋 분기 없음),,
1058,2026-09-21T20:41:33.406347+09:00,KRW-QUID,HTS_BUY,0.0,12788.84813578,GENUINE,partial fill of limit bid(s): bid/limit created 2026-09-21T20:40:43+09:00 exec_total=16804.6590909 EXT 42a3727c,,42a3727c-4834-4322-8694-b6c0a3b3de3e,False,partial_fill,n/a(HTS_BUY는 trailing 리셋 분기 없음),,
1059,2026-09-21T20:42:34.019820+09:00,KRW-QUID,HTS_BUY_ADD,12788.84813578,12900.46800152,GENUINE,partial fill of limit bid(s): bid/limit created 2026-09-21T20:40:43+09:00 exec_total=16804.6590909 EXT 42a3727c,,42a3727c-4834-4322-8694-b6c0a3b3de3e,False,partial_fill,no,,
1060,2026-09-21T20:45:35.918411+09:00,KRW-QUID,HTS_BUY_ADD,12900.46800152,16804.6590909,GENUINE,bid/limit/done created 2026-09-21T20:40:43+09:00 vol=16804.6590909 exec=16804.6590909 EXT 42a3727c,,42a3727c-4834-4322-8694-b6c0a3b3de3e,False,exact,no,,
1061,2026-09-21T23:39:35.549678+09:00,KRW-TRUMP,HTS_BUY,0.0,10.28472827,GENUINE,bid/limit/done created 2026-09-21T23:32:18+09:00 vol=10.28472827 exec=10.28472827 EXT 50f05669,,50f05669-baf3-4865-8ca1-5f3257c0829d,False,exact,n/a(HTS_BUY는 trailing 리셋 분기 없음),,
1062,2026-09-22T07:45:36.445213+09:00,KRW-NEAR,HTS_BUY,0.0,5.22275746,GENUINE,bid/limit/done created 2026-09-22T07:45:09+09:00 vol=5.22275746 exec=5.22275746 EXT c4b25deb,,c4b25deb-ac6f-45fc-a05e-f5c7a019af6c,False,exact,n/a(HTS_BUY는 trailing 리셋 분기 없음),,
1063,2026-09-22T07:51:41.178519+09:00,KRW-DEEP,HTS_BUY,0.0,10545.96268656,GENUINE,bid/limit/done created 2026-09-22T07:50:10+09:00 vol=10545.96268656 exec=10545.96268656 EXT 31115d5f,,31115d5f-9e0a-499b-862f-052f36ddc0c4,False,exact,n/a(HTS_BUY는 trailing 리셋 분기 없음),,
1064,2026-09-22T08:03:43.197005+09:00,KRW-ARB,HTS_BUY,0.0,833.94918032,GENUINE,bid/limit/done created 2026-09-22T08:00:40+09:00 vol=833.94918032 exec=833.94918032 EXT 29ed22f3,,29ed22f3-96f4-4956-b458-e15388a0dca1,False,exact,n/a(HTS_BUY는 trailing 리셋 분기 없음),,
1065,2026-09-22T08:16:47.913345+09:00,KRW-XPL,HTS_BUY,0.0,225.48136363,GENUINE,bid/limit/done created 2026-09-22T08:12:25+09:00 vol=225.48136363 exec=225.48136363 EXT 68a46b70,,68a46b70-faf6-4279-81f8-0e9414fa786e,False,exact,n/a(HTS_BUY는 trailing 리셋 분기 없음),,
1066,2026-09-22T08:17:48.566100+09:00,KRW-XPL,HTS_BUY_ADD,225.48136363,2457.7351515,GENUINE,bid/limit/done created 2026-09-22T08:17:40+09:00 vol=2232.25378787 exec=2232.25378787 EXT 4ef01837,,4ef01837-b3e9-40cd-abc7-d8b39c9ae541,False,exact,no,,
1067,2026-09-22T11:07:58.053753+09:00,KRW-T,HTS_BUY,0.0,42645.80829756,GENUINE,bid/limit/done created 2026-09-22T11:07:53+09:00 vol=42645.80829756 exec=42645.80829756 EXT 94a3ffbb,,94a3ffbb-7941-480b-ac81-2549cb1f1ea0,False,exact,n/a(HTS_BUY는 trailing 리셋 분기 없음),,
1068,2026-09-22T13:08:28.974964+09:00,KRW-WLD,HTS_BUY,0.0,95.05878703,GENUINE,bid/limit/done created 2026-09-22T13:07:13+09:00 vol=47.01324758 exec=47.01324758 EXT e70d6c5c; bid/limit/done created 2026-09-22T13:07:05+09:00 vol=48.04553945 exec=48.04553945 EXT b0cc8d3e,,e70d6c5c-1fda-4094-9db8-07a475ec4c27;b0cc8d3e-8ca1-4883-9d2e-a4e0036a5e21,False,exact,n/a(HTS_BUY는 trailing 리셋 분기 없음),,
1069,2026-09-22T13:09:29.767756+09:00,KRW-WLD,HTS_BUY_ADD,95.05878703,142.70035154,GENUINE,bid/limit/done created 2026-09-22T13:07:09+09:00 vol=47.64156451 exec=47.64156451 EXT cb796d01,,cb796d01-fc2b-4ee2-9686-418fc5440133,False,exact,no,,
1070,2026-09-22T13:27:42.222758+09:00,KRW-SOON,HTS_BUY,0.0,109.38942748,GENUINE,bid/limit/done created 2026-09-22T13:26:53+09:00 vol=109.38942748 exec=109.38942748 EXT c291d9c9,,c291d9c9-3540-42b6-8eb5-00edef4d2c32,False,exact,n/a(HTS_BUY는 trailing 리셋 분기 없음),,
1071,2026-09-22T13:59:49.556946+09:00,KRW-SOON,HTS_BUY_ADD,109.38942748,220.30770334,GENUINE,bid/limit/done created 2026-09-22T13:26:50+09:00 vol=110.91827586 exec=110.91827586 EXT b5a2c5dc,,b5a2c5dc-e6d3-4e2b-ae15-f5ae0fe1ce39,False,exact,no,,
1072,2026-09-22T14:17:53.312485+09:00,KRW-SOON,HTS_BUY_ADD,220.30770334,329.4357418,GENUINE,bid/limit/done created 2026-09-22T13:26:56+09:00 vol=109.12803846 exec=109.12803846 EXT 2c3f062e,,2c3f062e-c597-43bb-a8d7-989771bce86a,False,exact,no,,
1073,2026-09-22T14:55:03.752037+09:00,KRW-WLD,HTS_BUY,0.0,457.48224755,GENUINE,bid/limit/done created 2026-09-22T14:54:16+09:00 vol=457.48224755 exec=457.48224755 EXT 3703d8d4,,3703d8d4-0570-468b-9b79-0889313dc672,False,exact,n/a(HTS_BUY는 trailing 리셋 분기 없음),,
1074,2026-09-22T17:06:07.427340+09:00,KRW-VTHO,HTS_BUY,0.0,27339.79525862,GENUINE,bid/limit/done created 2026-09-22T17:05:33+09:00 vol=27339.79525862 exec=27339.79525862 EXT d7fe4c38,,d7fe4c38-f99f-43b1-8e6a-3e7eb1ae89c4,False,exact,n/a(HTS_BUY는 trailing 리셋 분기 없음),,
1075,2026-09-22T17:31:16.276840+09:00,KRW-VTHO,HTS_BUY_ADD,27339.79525862,55577.74342276,GENUINE,bid/limit/done created 2026-09-22T17:05:24+09:00 vol=28237.94816414 exec=28237.94816414 EXT 680726e8,,680726e8-ffce-4eec-a84f-831d4be89d2e,False,exact,no,,
1076,2026-09-22T20:29:09.637295+09:00,KRW-SOL,HTS_BUY,0.0,1.65527784,GENUINE,bid/limit/done created 2026-09-22T20:27:12+09:00 vol=1.65527784 exec=1.65527784 EXT 85d710e9,,85d710e9-169e-4394-b7b5-2c3f7a36284e,False,exact,n/a(HTS_BUY는 trailing 리셋 분기 없음),,
1077,2026-09-22T21:31:27.212387+09:00,KRW-TOSHI,HTS_BUY,0.0,131645.53672316,GENUINE,bid/limit/done created 2026-09-22T21:30:50+09:00 vol=131645.53672316 exec=131645.53672316 EXT 2fbca199,,2fbca199-746d-407e-9722-dc4762c04ad8,False,exact,n/a(HTS_BUY는 trailing 리셋 분기 없음),,
1078,2026-09-22T21:35:30.727497+09:00,KRW-TOSHI,HTS_BUY_ADD,131645.53672316,265377.01399588,GENUINE,bid/limit/done created 2026-09-22T21:30:48+09:00 vol=133731.47727272 exec=133731.47727272 EXT cb001659,,cb001659-4e76-4a6e-bf84-9a19a0d443a2,False,exact,no,,
1079,2026-09-22T21:41:35.653640+09:00,KRW-TOSHI,HTS_BUY_ADD,265377.01399588,397194.89971016,GENUINE,bid/limit/done created 2026-09-22T21:30:54+09:00 vol=131817.88571428 exec=131817.88571428 EXT b4dc9e00,,b4dc9e00-7e38-4224-acf4-fab5556c4646,False,exact,no,,
1080,2026-09-22T22:46:17.692375+09:00,KRW-AVNT,HTS_BUY,0.0,1821.57484276,GENUINE,bid/limit/done created 2026-09-22T22:45:58+09:00 vol=1821.57484276 exec=1821.57484276 EXT bbb447b7,,bbb447b7-5b24-4ff0-a4c6-960f1d361e04,False,exact,n/a(HTS_BUY는 trailing 리셋 분기 없음),,
1081,2026-09-22T22:47:19.097672+09:00,KRW-DRV,HTS_BUY,0.0,467.95852782,GENUINE,bid/limit/done created 2026-09-22T22:47:11+09:00 vol=467.95852782 exec=467.95852782 EXT 5e8bda9b,,5e8bda9b-ed72-42db-b1a0-6f36d8800e12,False,exact,n/a(HTS_BUY는 trailing 리셋 분기 없음),,
1082,2026-09-22T22:49:20.632370+09:00,KRW-UP2,HTS_BUY,0.0,2819.40504807,GENUINE,bid/limit/done created 2026-09-22T22:48:20+09:00 vol=2819.40504807 exec=2819.40504807 EXT 8ea7e76d,,8ea7e76d-265c-4d9e-a94b-1dfc7bc7abc7,False,exact,n/a(HTS_BUY는 trailing 리셋 분기 없음),,
1083,2026-09-22T22:50:19.895651+09:00,KRW-AVAX,HTS_BUY,0.0,12.78494616,GENUINE,bid/limit/done created 2026-09-22T22:49:52+09:00 vol=12.78494616 exec=12.78494616 EXT 81796ed8,,81796ed8-4fc5-4775-aa68-00a617883d19,False,exact,n/a(HTS_BUY는 trailing 리셋 분기 없음),,
1084,2026-09-23T07:30:18.911289+09:00,KRW-PEPE,HTS_BUY,0.0,88349046.44563553,GENUINE,partial fill of limit bid(s): bid/limit created 2026-09-23T07:30:11+09:00 exec_total=453817284.4196303 EXT 4c3373e6,,4c3373e6-716e-4771-a4cd-2c1290df8df9,False,partial_fill,n/a(HTS_BUY는 trailing 리셋 분기 없음),,
1085,2026-09-23T07:31:19.643144+09:00,KRW-PEPE,HTS_BUY_ADD,88349046.44563553,278566791.21040374,GENUINE,partial fill of limit bid(s): bid/limit created 2026-09-23T07:30:11+09:00 exec_total=453817284.4196303 EXT 4c3373e6,,4c3373e6-716e-4771-a4cd-2c1290df8df9,False,partial_fill,no,,
1086,2026-09-23T07:33:21.096866+09:00,KRW-PEPE,HTS_BUY_ADD,278566791.21040374,453817284.4196303,GENUINE,bid/limit/done created 2026-09-23T07:30:11+09:00 vol=453817284.4196303 exec=453817284.4196303 EXT 4c3373e6,,4c3373e6-716e-4771-a4cd-2c1290df8df9,False,exact,no,,
1087,2026-09-23T10:26:29.151509+09:00,KRW-PEPE,HTS_BUY,0.0,45768900.60240963,GENUINE,bid/limit/done created 2026-09-23T10:24:55+09:00 vol=45768900.60240963 exec=45768900.60240963 EXT 04d76fb7,,04d76fb7-1f2d-439d-8656-d4e5bb307118,False,exact,n/a(HTS_BUY는 trailing 리셋 분기 없음),,
1088,2026-09-23T10:28:31.483204+09:00,KRW-TAO,HTS_BUY,0.0,0.6505704,GENUINE,bid/limit/done created 2026-09-23T10:27:49+09:00 vol=0.6505704 exec=0.6505704 EXT 92e258c7,,92e258c7-4e65-4614-b0b8-2ceeebc45d84,False,exact,n/a(HTS_BUY는 trailing 리셋 분기 없음),,
1089,2026-09-23T10:52:38.436591+09:00,KRW-TRX,HTS_BUY,0.0,156.83669625,GENUINE,partial fill of limit bid(s): bid/limit created 2026-09-23T10:48:21+09:00 exec_total=5336.50961937 EXT ca53a554,,ca53a554-7358-4e9d-9f81-53861ab87006,False,partial_fill,n/a(HTS_BUY는 trailing 리셋 분기 없음),,
1090,2026-09-23T10:53:39.255652+09:00,KRW-TRX,HTS_BUY_ADD,156.83669625,1421.85748635,GENUINE,partial fill of limit bid(s): bid/limit created 2026-09-23T10:48:21+09:00 exec_total=5336.50961937 EXT ca53a554,,ca53a554-7358-4e9d-9f81-53861ab87006,False,partial_fill,no,,
1091,2026-09-23T10:54:40.156571+09:00,KRW-TRX,HTS_BUY_ADD,1421.85748635,3549.06514835,GENUINE,partial fill of limit bid(s): bid/limit created 2026-09-23T10:48:21+09:00 exec_total=5336.50961937 EXT ca53a554,,ca53a554-7358-4e9d-9f81-53861ab87006,False,partial_fill,no,,
1092,2026-09-23T10:55:41.015249+09:00,KRW-TRX,HTS_BUY_ADD,3549.06514835,5336.50961937,GENUINE,bid/limit/done created 2026-09-23T10:48:21+09:00 vol=5336.50961937 exec=5336.50961937 EXT ca53a554,,ca53a554-7358-4e9d-9f81-53861ab87006,False,exact,no,,
1093,2026-09-23T18:29:20.420344+09:00,KRW-G,HTS_BUY,0.0,7081.14355231,GENUINE,bid/limit/done created 2026-09-23T18:26:49+09:00 vol=7081.14355231 exec=7081.14355231 EXT d9fe4db5,,d9fe4db5-d251-42f4-a425-69ff71f54cb5,False,exact,n/a(HTS_BUY는 trailing 리셋 분기 없음),,
1094,2026-09-23T18:32:22.165706+09:00,KRW-CHIP,HTS_BUY,0.0,2105.44212218,GENUINE,bid/limit/done created 2026-09-23T18:29:42+09:00 vol=2105.44212218 exec=2105.44212218 EXT 30187c65,,30187c65-1ad5-4161-918a-5925adad9ce0,False,exact,n/a(HTS_BUY는 trailing 리셋 분기 없음),,
1095,2026-09-23T18:54:39.376698+09:00,KRW-G,HTS_BUY,0.0,8947.69137302,GENUINE,bid/limit/done created 2026-09-23T18:52:53+09:00 vol=8947.69137302 exec=8947.69137302 EXT e32a53ff,,e32a53ff-c81f-4b46-a078-fcbbd8056989,False,exact,n/a(HTS_BUY는 trailing 리셋 분기 없음),,
1096,2026-09-23T18:54:39.902410+09:00,KRW-CHIP,HTS_BUY,0.0,1583.91129032,GENUINE,bid/limit/done created 2026-09-23T18:35:38+09:00 vol=1583.91129032 exec=1583.91129032 EXT d405d5c6,,d405d5c6-558f-4a36-824e-2bdf9c4fbd5e,False,exact,n/a(HTS_BUY는 trailing 리셋 분기 없음),,
1097,2026-09-23T21:45:35.218450+09:00,KRW-SUI,HTS_BUY,0.0,21.63476363,GENUINE,bid/limit/done created 2026-09-23T21:44:48+09:00 vol=21.63476363 exec=21.63476363 EXT 4a129409,,4a129409-e517-4991-b773-651f9780577f,False,exact,n/a(HTS_BUY는 trailing 리셋 분기 없음),,
1098,2026-09-23T21:52:41.476244+09:00,KRW-SUI,HTS_BUY_ADD,21.63476363,64.30355904,GENUINE,bid/limit/done created 2026-09-23T21:44:57+09:00 vol=21.23490167 exec=21.23490167 EXT faff02c4; bid/limit/done created 2026-09-23T21:44:51+09:00 vol=21.43389374 exec=21.43389374 EXT dbf26916,,faff02c4-1465-4b55-a215-d48996c398d0;dbf26916-fbc0-4a74-8b12-d3bcc2af973b,False,exact,no,,
1099,2026-09-24T07:06:59.859125+09:00,KRW-QUID,HTS_BUY,0.0,3164.17321997,GENUINE,bid/limit/done created 2026-09-24T07:06:09+09:00 vol=3164.17321997 exec=3164.17321997 EXT 9b937476,,9b937476-6ba2-4726-8ca5-e08976c76efc,False,exact,n/a(HTS_BUY는 trailing 리셋 분기 없음),,
1100,2026-09-24T07:10:01.271809+09:00,KRW-ENA,HTS_BUY,0.0,846.13929824,GENUINE,bid/limit/done created 2026-09-24T07:09:57+09:00 vol=846.13929824 exec=846.13929824 EXT 92daa03b,,92daa03b-88ee-4d28-b0c2-daebee3bc16f,False,exact,n/a(HTS_BUY는 trailing 리셋 분기 없음),,
1101,2026-09-24T07:54:16.082912+09:00,KRW-SC,HTS_BUY,0.0,202999.16666666,GENUINE,bid/limit/done created 2026-09-24T07:06:48+09:00 vol=202999.16666666 exec=202999.16666666 EXT 02e4044a,,02e4044a-5da8-40ae-9470-158152b34b94,False,exact,n/a(HTS_BUY는 trailing 리셋 분기 없음),,
1102,2026-09-24T11:00:25.043375+09:00,KRW-TFUEL,HTS_BUY,0.0,84590.4109589,GENUINE,bid/limit/done created 2026-09-24T11:00:18+09:00 vol=84590.4109589 exec=84590.4109589 EXT 792bbd23,,792bbd23-8a87-478d-8c0d-c33157f37dc6,False,exact,n/a(HTS_BUY는 trailing 리셋 분기 없음),,
1103,2026-09-24T11:14:33.944260+09:00,KRW-TFUEL,HTS_BUY_ADD,84590.4109589,169679.03905864,GENUINE,bid/limit/done created 2026-09-24T11:00:23+09:00 vol=85088.62809974 exec=85088.62809974 EXT 5042f441,,5042f441-1bbd-4f34-8ffa-27c5760b1c8b,False,exact,no,,
1104,2026-09-24T12:13:08.784092+09:00,KRW-IOTA,HTS_BUY,0.0,2762.061,GENUINE,partial fill of limit bid(s): bid/limit created 2026-09-24T11:59:51+09:00 exec_total=4523.33708728 EXT 5e6ba2a6,,5e6ba2a6-a4fd-4edc-9f64-2d1f4a2325f7,False,partial_fill,n/a(HTS_BUY는 trailing 리셋 분기 없음),,
1105,2026-09-24T12:14:09.000969+09:00,KRW-IOTA,HTS_BUY_ADD,2762.061,4422.59344297,GENUINE,partial fill of limit bid(s): bid/limit created 2026-09-24T11:59:51+09:00 exec_total=4523.33708728 EXT 5e6ba2a6,,5e6ba2a6-a4fd-4edc-9f64-2d1f4a2325f7,False,partial_fill,no,,
1106,2026-09-24T12:24:11.625867+09:00,KRW-IOTA,HTS_BUY_ADD,4422.59344297,4523.33708728,GENUINE,bid/limit/done created 2026-09-24T11:59:51+09:00 vol=4523.33708728 exec=4523.33708728 EXT 5e6ba2a6,,5e6ba2a6-a4fd-4edc-9f64-2d1f4a2325f7,False,exact,no,,
1107,2026-09-24T13:39:56.190442+09:00,KRW-RE,HTS_BUY,0.0,354.0255627,GENUINE,bid/limit/done created 2026-09-24T13:37:31+09:00 vol=354.0255627 exec=354.0255627 EXT 0a610a67,,0a610a67-894f-4369-98b7-7206b0bda2c2,False,exact,n/a(HTS_BUY는 trailing 리셋 분기 없음),,
1108,2026-09-24T17:09:14.124832+09:00,KRW-CHIP,HTS_BUY,0.0,40406.06308524,GENUINE,partial fill of limit bid(s): bid/limit created 2026-09-24T16:59:09+09:00 exec_total=47646.26219313 EXT 7922488c,,7922488c-c438-431e-b3e2-bfd654efd55c,False,partial_fill,n/a(HTS_BUY는 trailing 리셋 분기 없음),,
1109,2026-09-24T17:10:14.165647+09:00,KRW-CHIP,HTS_BUY_ADD,40406.06308524,47646.26219313,GENUINE,bid/limit/done created 2026-09-24T16:59:09+09:00 vol=47646.26219313 exec=47646.26219313 EXT 7922488c,,7922488c-c438-431e-b3e2-bfd654efd55c,False,exact,no,,
1110,2026-09-25T17:06:47.890083+09:00,KRW-WAVES,HTS_BUY,0.0,1089.30012376,GENUINE,bid/limit/done created 2026-09-25T17:06:21+09:00 vol=1089.30012376 exec=1089.30012376 EXT 2c66a36f,,2c66a36f-2c03-480b-b7d8-8451f5658c00,False,exact,n/a(HTS_BUY는 trailing 리셋 분기 없음),,
1111,2026-09-25T18:57:43.859954+09:00,KRW-MOVE,HTS_BUY,0.0,1346.73587786,GENUINE,bid/limit/done created 2026-09-25T18:57:27+09:00 vol=1346.73587786 exec=1346.73587786 EXT 38a1b152,,38a1b152-dc5e-4330-a3f8-323173a0d588,False,exact,n/a(HTS_BUY는 trailing 리셋 분기 없음),,
1112,2026-09-25T19:06:45.044397+09:00,KRW-NXPC,HTS_BUY,0.0,51.67375739,GENUINE,bid/limit/done created 2026-09-25T18:57:47+09:00 vol=51.67375739 exec=51.67375739 EXT b87fb41f,,b87fb41f-bbfa-489d-84eb-c977b5724936,False,exact,n/a(HTS_BUY는 trailing 리셋 분기 없음),,
1113,2026-09-25T22:19:09.290965+09:00,KRW-CAP,HTS_BUY,0.0,15584.77663969,GENUINE,partial fill of limit bid(s): bid/limit created 2026-09-25T22:09:57+09:00 exec_total=22242.62868565 EXT 58c6a6f4,,58c6a6f4-e886-4dec-81f7-315b6c61700b,False,partial_fill,n/a(HTS_BUY는 trailing 리셋 분기 없음),,
1114,2026-09-25T22:20:09.347894+09:00,KRW-CAP,HTS_BUY_ADD,15584.77663969,22242.62868565,GENUINE,bid/limit/done created 2026-09-25T22:09:57+09:00 vol=22242.62868565 exec=22242.62868565 EXT 58c6a6f4,,58c6a6f4-e886-4dec-81f7-315b6c61700b,False,exact,no,,
1115,2026-09-25T23:40:49.320161+09:00,KRW-CAP,HTS_BUY,0.0,445.21037463,GENUINE,bid/limit/done created 2026-09-25T22:49:48+09:00 vol=445.21037463 exec=445.21037463 EXT 0b4ec107,,0b4ec107-1ec3-4d82-8508-dcf8371dd39b,False,exact,n/a(HTS_BUY는 trailing 리셋 분기 없음),,
1116,2026-09-26T06:47:42.660849+09:00,KRW-DRV,HTS_BUY,0.0,51.04447811,GENUINE,bid/limit/done created 2026-09-26T06:42:53+09:00 vol=51.04447811 exec=51.04447811 EXT 28633c93,,28633c93-ab61-4ca5-99f0-b52c60eabbd4,False,exact,n/a(HTS_BUY는 trailing 리셋 분기 없음),,
1117,2026-09-26T07:14:47.035082+09:00,KRW-FOLD,HTS_BUY,0.0,389.13660377,GENUINE,bid/limit/done created 2026-09-26T06:36:23+09:00 vol=389.13660377 exec=389.13660377 EXT 01af338e,,01af338e-4e64-4617-9e90-179bfd829e9b,False,exact,n/a(HTS_BUY는 trailing 리셋 분기 없음),,
1118,2026-09-26T09:02:00.403681+09:00,KRW-B3,HTS_BUY,0.0,27345.40178571,GENUINE,bid/limit/done created 2026-09-26T06:36:58+09:00 vol=27345.40178571 exec=27345.40178571 EXT 5b15dd11,,5b15dd11-024b-4605-b886-8c71315dafa3,False,exact,n/a(HTS_BUY는 trailing 리셋 분기 없음),,
1119,2026-09-26T09:42:14.277523+09:00,KRW-B3,HTS_BUY_ADD,27345.40178571,54392.33098924,GENUINE,bid/limit/done created 2026-09-26T09:41:34+09:00 vol=27046.92920353 exec=27046.92920353 EXT e60a39d1,,e60a39d1-564e-4ffa-b13c-dd2b3dc1cc31,False,exact,no,,
1120,2026-09-26T09:46:18.503782+09:00,KRW-FOLD,HTS_BUY,0.0,117.37089201,GENUINE,bid/limit/done created 2026-09-26T09:40:45+09:00 vol=117.37089201 exec=117.37089201 EXT 1ccdbcfa,,1ccdbcfa-9423-49b0-b547-b5d25459f8ed,False,exact,n/a(HTS_BUY는 trailing 리셋 분기 없음),,
1121,2026-09-26T18:28:21.436105+09:00,KRW-QUID,HTS_BUY,0.0,7953.75685835,GENUINE,partial fill of limit bid(s): bid/limit created 2026-09-26T18:26:02+09:00 exec_total=16007.47643979 EXT c9bcadb9,,c9bcadb9-4104-4a1f-a631-3d9d636de232,False,partial_fill,n/a(HTS_BUY는 trailing 리셋 분기 없음),,
1122,2026-09-26T19:10:54.327095+09:00,KRW-QUID,HTS_BUY_ADD,7953.75685835,11239.61639713,GENUINE,partial fill of limit bid(s): bid/limit created 2026-09-26T18:26:02+09:00 exec_total=16007.47643979 EXT c9bcadb9,,c9bcadb9-4104-4a1f-a631-3d9d636de232,False,partial_fill,no,,
1123,2026-09-26T19:33:09.088975+09:00,KRW-KERNEL,HTS_BUY,0.0,10351.96476964,GENUINE,bid/limit/done created 2026-09-26T19:25:02+09:00 vol=10351.96476964 exec=10351.96476964 EXT bf91d26f,,bf91d26f-410c-4bd7-9e5d-f4667f678bfc,False,exact,n/a(HTS_BUY는 trailing 리셋 분기 없음),,
1124,2026-09-26T20:35:36.984388+09:00,KRW-TRX,HTS_BUY,0.0,2859.76419213,GENUINE,bid/limit/done created 2026-09-26T20:11:31+09:00 vol=2859.76419213 exec=2859.76419213 EXT af0fecf3,,af0fecf3-7733-4d46-9936-47bde29f469e,False,exact,n/a(HTS_BUY는 trailing 리셋 분기 없음),,
1125,2026-09-26T20:35:38.863129+09:00,KRW-SLX,HTS_BUY,0.0,6854.0157068,GENUINE,bid/limit/done created 2026-09-26T20:34:54+09:00 vol=6854.0157068 exec=6854.0157068 EXT 5c2c1ff4,,5c2c1ff4-9313-4d59-b1b7-c21b17d7485e,False,exact,n/a(HTS_BUY는 trailing 리셋 분기 없음),,
1126,2026-09-26T20:36:38.923220+09:00,KRW-G,HTS_BUY,0.0,6410.25641026,GENUINE,partial fill of limit bid(s): bid/limit created 2026-09-26T20:35:31+09:00 exec_total=83833.85230461 EXT 6b02d495,,6b02d495-99ec-4b02-b8b4-15cf5ac1bd68,False,partial_fill,n/a(HTS_BUY는 trailing 리셋 분기 없음),,
1127,2026-09-27T00:17:28.597870+09:00,KRW-QUID,HTS_BUY,0.0,4767.86004266,GENUINE,bid/limit/done created 2026-09-26T18:26:02+09:00 vol=16007.47643979 exec=16007.47643979 EXT c9bcadb9,,c9bcadb9-4104-4a1f-a631-3d9d636de232,False,exact,n/a(HTS_BUY는 trailing 리셋 분기 없음),,
1128,2026-09-27T00:35:41.657139+09:00,KRW-QUID,HTS_BUY,0.0,4251.33111705,LOCK_RELEASE,ask/limit/cancel created 2026-09-27T00:31:02+09:00 vol=4767.86004266 exec=516.52892561 EXT ac6240b7,ac6240b7-5184-4dd1-a866-cb7a939d2ba5,,False,exact,n/a(HTS_BUY는 trailing 리셋 분기 없음),,trailing 리셋 대상 아님(HTS_BUY)
1129,2026-09-27T07:17:52.592549+09:00,KRW-BCH,HTS_BUY,0.0,1.0068391,GENUINE,bid/limit/done created 2026-09-27T07:16:25+09:00 vol=1.0068391 exec=1.0068391 EXT 886c7d96,,886c7d96-ed3e-4339-8075-85b16b4d48af,False,exact,n/a(HTS_BUY는 trailing 리셋 분기 없음),,
1130,2026-09-27T09:29:22.723609+09:00,KRW-ARK,HTS_BUY,0.0,182.26819737,GENUINE,bid/limit/done created 2026-09-27T09:29:03+09:00 vol=182.26819737 exec=182.26819737 EXT e5073b53,,e5073b53-55bc-4df5-89e9-a2b29f36859e,False,exact,n/a(HTS_BUY는 trailing 리셋 분기 없음),,
1131,2026-09-27T09:30:22.992357+09:00,KRW-ARK,HTS_BUY_ADD,182.26819737,265.75013328,GENUINE,bid/limit/done created 2026-09-27T09:29:23+09:00 vol=83.48193591 exec=83.48193591 EXT 5182ae27,,5182ae27-e309-4c08-918e-3ff67e94cbf7,False,exact,no,,
1132,2026-09-27T09:34:24.912741+09:00,KRW-ARK,HTS_BUY,0.0,3327.31424343,GENUINE,bid/limit/done created 2026-09-27T09:32:19+09:00 vol=3327.31424343 exec=3327.31424343 EXT 1a877e9b,,1a877e9b-8570-4384-b04a-f12ac6b5f2bb,False,exact,n/a(HTS_BUY는 trailing 리셋 분기 없음),,
1133,2026-09-27T09:39:28.708616+09:00,KRW-ARK,HTS_BUY,0.0,1784.03872855,GENUINE,bid/limit/done created 2026-09-27T09:39:07+09:00 vol=1784.03872855 exec=1784.03872855 EXT 547ce133,,547ce133-56b9-4f68-bd85-1fc347b124ce,False,exact,n/a(HTS_BUY는 trailing 리셋 분기 없음),,
1134,2026-09-27T12:21:23.067782+09:00,KRW-ETC,HTS_BUY,0.0,103.33451769,GENUINE,partial fill of limit bid(s): bid/limit created 2026-09-27T12:20:37+09:00 exec_total=103.35579292 EXT 69fa2f46,,69fa2f46-7d51-4c12-a245-364edfa3ecb7,False,partial_fill,n/a(HTS_BUY는 trailing 리셋 분기 없음),,
1135,2026-09-27T19:07:00.139038+09:00,KRW-SAFE,HTS_BUY,0.0,1627.85948019,GENUINE,partial fill of limit bid(s): bid/limit created 2026-09-27T19:06:56+09:00 exec_total=3804.11538461 EXT fbeb0e3e,,fbeb0e3e-2f8c-46b7-b02e-479b00172504,False,partial_fill,n/a(HTS_BUY는 trailing 리셋 분기 없음),,
1136,2026-09-27T19:12:03.747666+09:00,KRW-SAFE,HTS_BUY,0.0,320.51282051,GENUINE,partial fill of limit bid(s): bid/limit created 2026-09-27T19:06:56+09:00 exec_total=3804.11538461 EXT fbeb0e3e,,fbeb0e3e-2f8c-46b7-b02e-479b00172504,False,partial_fill,n/a(HTS_BUY는 trailing 리셋 분기 없음),,
1137,2026-09-27T19:13:04.505856+09:00,KRW-SAFE,HTS_BUY_ADD,320.51282051,2176.25590442,GENUINE,bid/limit/done created 2026-09-27T19:06:56+09:00 vol=3804.11538461 exec=3804.11538461 EXT fbeb0e3e,,fbeb0e3e-2f8c-46b7-b02e-479b00172504,False,exact,no,,
1138,2026-09-27T20:44:10.952135+09:00,KRW-ZRO,HTS_BUY,0.0,288.70823978,GENUINE,bid/limit/done created 2026-09-27T20:42:54+09:00 vol=288.70823978 exec=288.70823978 EXT 894860ed,,894860ed-a110-4fc9-8563-b4329444a842,False,exact,n/a(HTS_BUY는 trailing 리셋 분기 없음),,
1139,2026-09-28T05:09:39.142044+09:00,KRW-DOOD,HTS_BUY,0.0,12507.17391304,GENUINE,bid/limit/done created 2026-09-28T05:06:44+09:00 vol=12507.17391304 exec=12507.17391304 EXT b5f6fc09,,b5f6fc09-e1a4-4a00-96e4-21bcbc56c7ae,False,exact,n/a(HTS_BUY는 trailing 리셋 분기 없음),,
1140,2026-09-28T05:33:59.128721+09:00,KRW-UP2,HTS_BUY,0.0,3239.5615305,GENUINE,bid/limit/done created 2026-09-28T05:26:28+09:00 vol=3239.5615305 exec=3239.5615305 EXT 669a6321,,669a6321-0d5b-4203-8ed5-bc1be4782cbf,False,exact,n/a(HTS_BUY는 trailing 리셋 분기 없음),,
1141,2026-09-28T06:52:18.018415+09:00,KRW-UP2,HTS_BUY,0.0,27589.34908602,GENUINE,partial fill of limit bid(s): bid/limit created 2026-09-28T06:23:58+09:00 exec_total=29382.95190256 EXT 924531db | note: 1 unused cancelled ask(s) with rem<delta exist,,924531db-0b81-4caa-a9fc-aa685503d638,False,partial_fill,n/a(HTS_BUY는 trailing 리셋 분기 없음),,
1142,2026-09-28T07:09:21.396530+09:00,KRW-UP2,HTS_BUY_ADD,27589.34908602,29382.95190256,GENUINE,bid/limit/done created 2026-09-28T06:23:58+09:00 vol=29382.95190256 exec=29382.95190256 EXT 924531db,,924531db-0b81-4caa-a9fc-aa685503d638,False,exact,no,,
1143,2026-09-28T07:45:32.138696+09:00,KRW-UP2,HTS_BUY,0.0,32622.51343306,LOCK_RELEASE,ask/limit/cancel created 2026-09-28T07:23:01+09:00 vol=32622.51343306 exec=0.0 EXT 3aac6a5d,3aac6a5d-d8f1-4140-a13d-5a6d64e7a560,,False,exact,n/a(HTS_BUY는 trailing 리셋 분기 없음),,trailing 리셋 대상 아님(HTS_BUY)
1144,2026-09-28T11:35:54.700768+09:00,KRW-UP2,HTS_BUY,0.0,32622.51343306,LOCK_RELEASE,ask/limit/cancel created 2026-09-28T08:07:08+09:00 vol=16311.25671653 exec=0.0 EXT 5b54bd0f; ask/limit/cancel created 2026-09-28T07:51:20+09:00 vol=16311.25671653 exec=0.0 EXT f909dc53,5b54bd0f-b736-4d63-a026-7f453d5fb826;f909dc53-87ff-4901-bf5f-e7b86dd77120,,False,exact,n/a(HTS_BUY는 trailing 리셋 분기 없음),,trailing 리셋 대상 아님(HTS_BUY)
1145,2026-09-28T11:38:57.082108+09:00,KRW-ENA,HTS_BUY,0.0,7462.29311219,GENUINE,bid/limit/done created 2026-09-28T11:38:36+09:00 vol=3182.03431976 exec=3182.03431976 EXT 212cf698; bid/limit/done created 2026-09-28T11:37:56+09:00 vol=4280.25879243 exec=4280.25879243 EXT 15f9678d,,212cf698-3719-43fe-9e7a-9636a4c32887;15f9678d-53f3-4b4e-b31b-1462e2c9f7d7,False,exact,n/a(HTS_BUY는 trailing 리셋 분기 없음),,
1146,2026-09-28T11:43:58.115785+09:00,KRW-ZRO,HTS_BUY,0.0,90.38639047,GENUINE,bid/limit/done created 2026-09-28T11:41:55+09:00 vol=90.38639047 exec=90.38639047 EXT 93791fa0,,93791fa0-fa43-4a64-990e-bdcdf5726ab5,False,exact,n/a(HTS_BUY는 trailing 리셋 분기 없음),,
1147,2026-09-28T13:17:40.871698+09:00,KRW-ENA,HTS_BUY,0.0,7462.29311219,LOCK_RELEASE,ask/limit/cancel created 2026-09-28T12:10:25+09:00 vol=7462.29311219 exec=0.0 EXT 2f30e4db,2f30e4db-cda1-400c-8fb5-2490ebe1730c,,False,exact,n/a(HTS_BUY는 trailing 리셋 분기 없음),,trailing 리셋 대상 아님(HTS_BUY)
1148,2026-09-28T16:13:57.727049+09:00,KRW-ZRO,HTS_BUY,0.0,90.38639047,LOCK_RELEASE,ask/limit/cancel created 2026-09-28T14:23:38+09:00 vol=90.38639047 exec=0.0 EXT 4afa3619,4afa3619-c91d-405c-8bbb-981922f515fe,,False,exact,n/a(HTS_BUY는 trailing 리셋 분기 없음),,trailing 리셋 대상 아님(HTS_BUY)
1149,2026-09-29T11:35:07.008094+09:00,KRW-EDGE,HTS_BUY,0.0,1726.01282051,GENUINE,bid/limit/done created 2026-09-29T11:34:12+09:00 vol=1726.01282051 exec=1726.01282051 EXT dfbf3d6b,,dfbf3d6b-dfdc-4066-b153-1c31d791868a,False,exact,n/a(HTS_BUY는 trailing 리셋 분기 없음),,
1150,2026-09-29T14:57:09.743519+09:00,KRW-EDGE,HTS_BUY,0.0,1604.7602649,GENUINE,bid/limit/done created 2026-09-29T11:57:02+09:00 vol=1604.7602649 exec=1604.7602649 EXT f163d887,,f163d887-dc16-4787-8dc0-5d5ede8f022b,False,exact,n/a(HTS_BUY는 trailing 리셋 분기 없음),,
1151,2026-09-29T15:15:17.548304+09:00,KRW-PYUSD,HTS_BUY,0.0,20.10193643,GENUINE,bid/limit/done created 2026-09-29T04:41:21+09:00 vol=20.10193643 exec=20.10193643 EXT c0452954,,c0452954-3586-4602-aff6-54f2c0b5eee7,False,exact,n/a(HTS_BUY는 trailing 리셋 분기 없음),,
1152,2026-09-29T16:23:07.102496+09:00,KRW-LINEA,HTS_BUY,0.0,39937.18592964,GENUINE,bid/limit/done created 2026-09-29T16:10:47+09:00 vol=39937.18592964 exec=39937.18592964 EXT ccaee8e7,,ccaee8e7-0f67-423d-b638-b457198cb7e0,False,exact,n/a(HTS_BUY는 trailing 리셋 분기 없음),,
1153,2026-09-29T16:26:07.037762+09:00,KRW-ARK,HTS_BUY,0.0,1143.79539877,GENUINE,bid/limit/done created 2026-09-29T16:10:01+09:00 vol=541.78190184 exec=541.78190184 EXT 97e64d3d; bid/limit/done created 2026-09-29T16:09:50+09:00 vol=602.01349693 exec=602.01349693 EXT 3b34c143,,97e64d3d-b055-43e7-b2be-9cca0ddd779b;3b34c143-1517-4092-b440-bfa6eedf5f1d,False,exact,n/a(HTS_BUY는 trailing 리셋 분기 없음),,
1154,2026-09-29T16:54:25.831532+09:00,KRW-ZRO,HTS_BUY,0.0,90.38639047,LOCK_RELEASE,ask/limit/cancel created 2026-09-29T16:53:23+09:00 vol=90.38639047 exec=0.0 EXT e8b9a275,e8b9a275-9746-4cc0-a028-46afbbe2ead6,,False,exact,n/a(HTS_BUY는 trailing 리셋 분기 없음),,trailing 리셋 대상 아님(HTS_BUY)
1155,2026-09-29T18:28:48.235502+09:00,KRW-CTC,HTS_BUY,0.0,1434.70263157,GENUINE,bid/limit/done created 2026-09-29T16:08:17+09:00 vol=1434.70263157 exec=1434.70263157 EXT 6e7b0f53,,6e7b0f53-6f46-493f-8e92-cf092d4f0174,False,exact,n/a(HTS_BUY는 trailing 리셋 분기 없음),,
1157,2026-09-29T23:21:46.547797+09:00,KRW-TOKAMAK,HTS_BUY,0.0,459.22621018,GENUINE,bid/limit/done created 2026-09-29T23:20:59+09:00 vol=459.22621018 exec=459.22621018 EXT 7e37d2e1,,7e37d2e1-038a-4e3a-8ea1-87e600334d2f,False,exact,n/a(HTS_BUY는 trailing 리셋 분기 없음),,
1158,2026-09-30T06:23:15.452876+09:00,KRW-JTO,HTS_BUY,0.0,2097.5170824,LOCK_RELEASE,ask/limit/cancel created 2026-09-29T22:30:18+09:00 vol=2097.5170824 exec=0.0 EXT 72bc7993,72bc7993-0352-4a10-bc0d-2ba7859b001a,,False,exact,n/a(HTS_BUY는 trailing 리셋 분기 없음),1159,trailing 리셋 대상 아님(HTS_BUY)
