skip_ts_kst,n_runs_skipped,first_run,last_run,in_unsorted_run,oldest_edge_only,upbit_open,upbit_high,upbit_low,upbit_close,upbit_volume,engine_rt_close,engine_backfill_close,diff_rt,diff_backfill,audit_rows,class
2026-09-23 07:10:00,1,2026-09-24 00:00:10,2026-09-24 00:00:10,N,Y,697.0,697.0,696.0,696.0,4952.38158878,696.0,,0.0,,buy:rt,match
2026-09-23 07:15:00,2,2026-09-24 00:00:10,2026-09-24 00:05:11,N,N,696.0,698.0,696.0,698.0,68.01037168,698.0,,0.0,,buy:rt,match
2026-09-23 07:20:00,2,2026-09-24 00:05:11,2026-09-24 00:10:11,N,N,699.0,700.0,699.0,700.0,9149.30839716,700.0,699.0,0.0,-1.0,buy:missing_bar,match
2026-09-23 07:25:00,2,2026-09-24 00:10:11,2026-09-24 00:15:11,N,N,700.0,703.0,699.0,703.0,3369.67376008,703.0,700.0,0.0,-3.0,buy:missing_bar,backfill_mismatch
2026-09-23 07:30:00,1,2026-09-24 00:20:06,2026-09-24 00:20:06,N,Y,701.0,704.0,701.0,704.0,10274.38791799,704.0,,0.0,,buy:rt,match
2026-09-23 07:35:00,2,2026-09-24 00:20:06,2026-09-24 00:25:11,N,N,703.0,704.0,703.0,704.0,11765.55078199,704.0,,0.0,,buy:rt,match
2026-09-23 07:40:00,1,2026-09-24 00:30:10,2026-09-24 00:30:10,N,Y,705.0,706.0,704.0,705.0,6998.14395976,705.0,,0.0,,buy:rt,match
2026-09-23 07:45:00,1,2026-09-24 00:35:05,2026-09-24 00:35:05,N,Y,706.0,707.0,706.0,706.0,4924.35735459,706.0,706.0,0.0,0.0,buy:missing_bar,match
2026-09-23 07:50:00,2,2026-09-24 00:35:05,2026-09-24 00:40:10,N,N,705.0,706.0,704.0,706.0,3592.4259884,706.0,705.0,0.0,-1.0,buy:missing_bar,match
2026-09-23 07:55:00,1,2026-09-24 00:45:10,2026-09-24 00:45:10,N,Y,705.0,705.0,702.0,704.0,41125.8951719,704.0,705.0,0.0,1.0,buy:missing_bar,match
2026-09-23 08:00:00,1,2026-09-24 00:50:06,2026-09-24 00:50:06,N,Y,704.0,705.0,704.0,705.0,10871.38532082,705.0,,0.0,,buy:rt,match
2026-09-23 08:05:00,2,2026-09-24 00:50:06,2026-09-24 00:55:10,N,N,705.0,708.0,705.0,708.0,17263.02540004,708.0,705.0,0.0,-3.0,buy:missing_bar,backfill_mismatch
2026-09-23 08:10:00,1,2026-09-24 01:00:05,2026-09-24 01:00:05,N,Y,708.0,708.0,705.0,705.0,12976.88897301,705.0,,0.0,,buy:rt,match
2026-09-23 08:15:00,2,2026-09-24 01:00:05,2026-09-24 01:05:05,N,N,705.0,706.0,705.0,706.0,9233.21750627,706.0,,0.0,,buy:rt,match
2026-09-23 08:20:00,2,2026-09-24 01:05:05,2026-09-24 01:10:10,N,N,706.0,706.0,706.0,706.0,322.50163869,706.0,,0.0,,buy:rt,match
2026-09-23 08:25:00,2,2026-09-24 01:10:10,2026-09-24 01:15:10,N,N,704.0,704.0,703.0,704.0,5731.532,704.0,,0.0,,buy:rt,match
2026-09-23 08:30:00,1,2026-09-24 01:20:10,2026-09-24 01:20:10,N,Y,704.0,704.0,702.0,702.0,12721.3570284,702.0,,0.0,,buy:rt,match
2026-09-23 08:35:00,1,2026-09-24 01:25:10,2026-09-24 01:25:10,N,Y,702.0,704.0,702.0,703.0,17257.22384025,703.0,,0.0,,buy:rt,match
2026-09-23 08:40:00,1,2026-09-24 01:30:06,2026-09-24 01:30:06,N,Y,702.0,704.0,702.0,704.0,5603.45850934,704.0,,0.0,,buy:rt,match
2026-09-23 08:45:00,2,2026-09-24 01:30:06,2026-09-24 01:35:05,N,N,704.0,704.0,702.0,702.0,57018.85220675,702.0,,0.0,,buy:rt,match
2026-09-23 08:50:00,2,2026-09-24 01:35:05,2026-09-24 01:40:10,N,N,702.0,703.0,702.0,703.0,17589.51107197,703.0,,0.0,,buy:rt,match
2026-09-23 08:55:00,1,2026-09-24 01:45:10,2026-09-24 01:45:10,N,Y,703.0,703.0,701.0,701.0,3441.23325706,701.0,,0.0,,buy:rt,match
2026-09-23 09:00:00,1,2026-09-24 01:50:10,2026-09-24 01:50:10,N,Y,700.0,702.0,699.0,702.0,9940.41211154,702.0,701.0,0.0,-1.0,buy:missing_bar,match
2026-09-23 09:05:00,2,2026-09-24 01:50:10,2026-09-24 01:55:05,N,N,701.0,705.0,698.0,705.0,11246.44764537,705.0,,0.0,,buy:rt,match
2026-09-23 09:10:00,2,2026-09-24 01:55:05,2026-09-24 02:00:06,N,N,704.0,708.0,704.0,707.0,92825.16319229,707.0,704.0,0.0,-3.0,buy:missing_bar,backfill_mismatch
2026-09-23 09:15:00,2,2026-09-24 02:00:06,2026-09-24 02:05:06,N,N,706.0,708.0,706.0,708.0,10146.50666479,708.0,,0.0,,buy:rt,match
2026-09-23 09:20:00,2,2026-09-24 02:05:06,2026-09-24 02:10:06,N,N,707.0,707.0,705.0,706.0,10554.68747283,706.0,,0.0,,buy:rt,match
2026-09-23 09:25:00,2,2026-09-24 02:10:06,2026-09-24 02:15:10,N,N,706.0,706.0,704.0,704.0,3852.89079061,704.0,,0.0,,buy:rt,match
2026-09-23 09:30:00,1,2026-09-24 02:20:10,2026-09-24 02:20:10,N,Y,704.0,706.0,703.0,706.0,3991.99920397,706.0,704.0,0.0,-2.0,buy:missing_bar,backfill_mismatch
2026-09-23 09:35:00,1,2026-09-24 02:25:10,2026-09-24 02:25:10,N,Y,705.0,705.0,701.0,703.0,31570.2312102,703.0,,0.0,,buy:rt,match
2026-09-23 09:40:00,1,2026-09-24 02:30:10,2026-09-24 02:30:10,N,Y,703.0,705.0,702.0,702.0,11712.45420825,702.0,703.0,0.0,1.0,buy:missing_bar,match
2026-09-23 09:45:00,1,2026-09-24 02:35:10,2026-09-24 02:35:10,N,Y,702.0,704.0,701.0,704.0,6364.08099431,704.0,,0.0,,buy:rt,match
2026-09-23 09:50:00,1,2026-09-24 02:40:11,2026-09-24 02:40:11,N,Y,704.0,705.0,702.0,702.0,17705.46556842,702.0,,0.0,,buy:rt,match
2026-09-23 09:55:00,1,2026-09-24 02:45:11,2026-09-24 02:45:11,N,Y,701.0,701.0,700.0,700.0,13694.36334702,700.0,701.0,0.0,1.0,buy:missing_bar,match
2026-09-23 10:00:00,1,2026-09-24 02:50:10,2026-09-24 02:50:10,N,Y,703.0,703.0,701.0,703.0,9089.39959018,703.0,,0.0,,buy:rt,match
2026-09-23 10:05:00,1,2026-09-24 02:55:10,2026-09-24 02:55:10,N,Y,706.0,706.0,704.0,704.0,2684.7574397,704.0,,0.0,,buy:rt,match
2026-09-23 10:10:00,1,2026-09-24 03:00:10,2026-09-24 03:00:10,N,Y,701.0,703.0,700.0,701.0,4157.76705529,701.0,,0.0,,buy:rt,match
2026-09-23 10:15:00,1,2026-09-24 03:05:10,2026-09-24 03:05:10,N,Y,699.0,701.0,698.0,700.0,82350.70538855,700.0,,0.0,,buy:rt,match
2026-09-23 10:20:00,1,2026-09-24 03:10:10,2026-09-24 03:10:10,N,Y,699.0,700.0,699.0,700.0,5070.84017465,700.0,,0.0,,buy:rt,match
2026-09-23 10:25:00,1,2026-09-24 03:15:10,2026-09-24 03:15:10,N,Y,700.0,700.0,698.0,698.0,6778.67300473,698.0,700.0,0.0,2.0,buy:missing_bar,backfill_mismatch
2026-09-23 10:30:00,1,2026-09-24 03:20:11,2026-09-24 03:20:11,N,Y,698.0,698.0,697.0,697.0,6763.96701382,697.0,,0.0,,buy:rt,match
2026-09-23 10:35:00,1,2026-09-24 03:25:11,2026-09-24 03:25:11,N,Y,696.0,697.0,695.0,696.0,7463.42690689,696.0,,0.0,,buy:rt,match
2026-09-23 10:40:00,1,2026-09-24 03:30:11,2026-09-24 03:30:11,N,Y,694.0,697.0,694.0,696.0,17112.85493139,696.0,,0.0,,buy:rt,match
2026-09-23 10:45:00,1,2026-09-24 03:35:11,2026-09-24 03:35:11,N,Y,695.0,695.0,692.0,694.0,17106.00035165,694.0,,0.0,,buy:rt,match
2026-09-23 10:50:00,1,2026-09-24 03:40:10,2026-09-24 03:40:10,N,Y,693.0,694.0,690.0,691.0,17876.97988478,691.0,692.0,0.0,1.0,buy:missing_bar,match
2026-09-23 10:55:00,1,2026-09-24 03:45:32,2026-09-24 03:45:32,N,Y,691.0,692.0,690.0,691.0,10889.2287779,691.0,,0.0,,buy:rt,match
2026-09-23 11:00:00,2,2026-09-24 03:45:32,2026-09-24 03:50:11,N,N,690.0,692.0,688.0,689.0,29077.13282278,689.0,690.0,0.0,1.0,buy:missing_bar,match
2026-09-23 11:05:00,1,2026-09-24 03:55:10,2026-09-24 03:55:10,N,Y,689.0,689.0,687.0,687.0,16545.34992903,687.0,689.0,0.0,2.0,buy:missing_bar,backfill_mismatch
2026-09-23 11:10:00,1,2026-09-24 04:00:10,2026-09-24 04:00:10,N,Y,688.0,689.0,687.0,689.0,1698.66570907,689.0,688.0,0.0,-1.0,buy:missing_bar,match
2026-09-23 11:15:00,1,2026-09-24 04:05:10,2026-09-24 04:05:10,N,Y,689.0,691.0,689.0,691.0,3452.31918116,691.0,689.0,0.0,-2.0,buy:missing_bar,backfill_mismatch
2026-09-23 11:20:00,1,2026-09-24 04:10:10,2026-09-24 04:10:10,N,Y,694.0,694.0,694.0,694.0,14.43001443,694.0,,0.0,,buy:rt,match
2026-09-23 11:25:00,1,2026-09-24 04:15:10,2026-09-24 04:15:10,N,Y,694.0,694.0,692.0,692.0,4613.61305316,692.0,,0.0,,buy:rt,match
2026-09-23 11:30:00,1,2026-09-24 04:20:11,2026-09-24 04:20:11,N,Y,691.0,692.0,691.0,692.0,2517.6138641,692.0,,0.0,,buy:rt,match
2026-09-23 11:35:00,1,2026-09-24 04:25:11,2026-09-24 04:25:11,N,Y,691.0,691.0,690.0,691.0,3907.01881377,691.0,690.0,0.0,-1.0,buy:missing_bar,match
2026-09-23 11:40:00,1,2026-09-24 04:30:11,2026-09-24 04:30:11,N,Y,691.0,693.0,691.0,691.0,8185.32612853,691.0,,0.0,,buy:rt,match
2026-09-23 11:45:00,1,2026-09-24 04:35:11,2026-09-24 04:35:11,N,Y,691.0,692.0,691.0,692.0,15291.3212672,692.0,,0.0,,buy:rt,match
2026-09-23 11:50:00,1,2026-09-24 04:40:10,2026-09-24 04:40:10,N,Y,692.0,692.0,692.0,692.0,978.90388553,692.0,,0.0,,buy:rt,match
2026-09-23 11:55:00,1,2026-09-24 04:45:10,2026-09-24 04:45:10,N,Y,692.0,695.0,692.0,695.0,9132.8196376,695.0,692.0,0.0,-3.0,buy:missing_bar,backfill_mismatch
2026-09-23 12:00:00,1,2026-09-24 04:50:10,2026-09-24 04:50:10,N,Y,694.0,694.0,693.0,693.0,2857.00582399,693.0,,0.0,,buy:rt,match
2026-09-23 12:05:00,1,2026-09-24 04:55:11,2026-09-24 04:55:11,N,Y,693.0,695.0,693.0,695.0,12715.25664489,695.0,693.0,0.0,-2.0,buy:missing_bar,backfill_mismatch
2026-09-23 12:10:00,2,2026-09-24 04:55:11,2026-09-24 05:00:05,N,N,696.0,700.0,696.0,698.0,14466.62983111,698.0,,0.0,,buy:rt,match
2026-09-23 12:15:00,2,2026-09-24 05:00:05,2026-09-24 05:05:10,N,N,699.0,700.0,698.0,700.0,10908.3411594,700.0,699.0,0.0,-1.0,buy:missing_bar,match
2026-09-23 12:20:00,2,2026-09-24 05:05:10,2026-09-24 05:10:10,N,N,701.0,704.0,699.0,700.0,24173.40565848,700.0,701.0,0.0,1.0,buy:missing_bar,match
2026-09-23 12:25:00,1,2026-09-24 05:15:05,2026-09-24 05:15:05,N,Y,699.0,700.0,698.0,698.0,3188.05042875,698.0,699.0,0.0,1.0,buy:missing_bar,match
2026-09-23 12:30:00,2,2026-09-24 05:15:05,2026-09-24 05:20:10,N,N,699.0,699.0,698.0,699.0,29602.34490819,699.0,,0.0,,buy:rt,match
2026-09-23 12:35:00,1,2026-09-24 05:25:10,2026-09-24 05:25:10,N,Y,698.0,699.0,698.0,699.0,6380.38769209,699.0,,0.0,,buy:rt,match
2026-09-23 12:40:00,1,2026-09-24 05:30:10,2026-09-24 05:30:10,N,Y,699.0,699.0,698.0,698.0,11640.51691238,698.0,,0.0,,buy:rt,match
2026-09-23 12:45:00,1,2026-09-24 05:35:11,2026-09-24 05:35:11,N,Y,698.0,700.0,698.0,698.0,3657.23118194,698.0,,0.0,,buy:rt,match
2026-09-23 12:50:00,1,2026-09-24 05:40:11,2026-09-24 05:40:11,N,Y,697.0,698.0,697.0,697.0,1670.83048876,697.0,,0.0,,buy:rt,match
2026-09-23 12:55:00,1,2026-09-24 05:45:10,2026-09-24 05:45:10,N,Y,697.0,698.0,696.0,698.0,7924.61496884,698.0,,0.0,,buy:rt,match
2026-09-23 13:00:00,1,2026-09-24 05:50:10,2026-09-24 05:50:10,N,Y,697.0,697.0,695.0,696.0,5907.09357417,696.0,,0.0,,buy:rt,match
2026-09-23 13:05:00,1,2026-09-24 05:55:10,2026-09-24 05:55:10,N,Y,695.0,697.0,695.0,697.0,1063.3220876,697.0,,0.0,,buy:rt,match
2026-09-23 13:10:00,2,2026-09-24 05:55:10,2026-09-24 06:00:10,N,N,697.0,697.0,696.0,696.0,7502.40526116,696.0,,0.0,,buy:rt,match
2026-09-23 13:15:00,1,2026-09-24 06:05:10,2026-09-24 06:05:10,N,Y,696.0,696.0,693.0,693.0,22992.20278296,693.0,,0.0,,buy:rt,match
2026-09-23 13:20:00,1,2026-09-24 06:10:10,2026-09-24 06:10:10,N,Y,696.0,697.0,696.0,697.0,6232.92943289,697.0,,0.0,,buy:rt,match
2026-09-23 13:25:00,1,2026-09-24 06:15:10,2026-09-24 06:15:10,N,Y,697.0,697.0,697.0,697.0,8177.19245782,697.0,,0.0,,buy:rt,match
2026-09-23 13:30:00,2,2026-09-24 06:15:10,2026-09-24 06:20:10,N,N,697.0,697.0,696.0,696.0,23323.77435756,696.0,,0.0,,buy:rt,match
2026-09-23 13:35:00,1,2026-09-24 06:25:10,2026-09-24 06:25:10,N,Y,696.0,696.0,692.0,693.0,175719.19087628,693.0,696.0,0.0,3.0,buy:missing_bar,backfill_mismatch
2026-09-23 13:40:00,1,2026-09-24 06:30:11,2026-09-24 06:30:11,N,Y,691.0,691.0,691.0,691.0,3503.81352071,691.0,,0.0,,buy:rt,match
2026-09-23 13:45:00,1,2026-09-24 06:35:11,2026-09-24 06:35:11,N,Y,691.0,691.0,691.0,691.0,1665.71599257,691.0,,0.0,,buy:rt,match
2026-09-23 13:50:00,2,2026-09-24 06:35:11,2026-09-24 06:40:11,N,N,692.0,693.0,692.0,692.0,10003.19266628,692.0,692.0,0.0,0.0,buy:missing_bar,match
2026-09-23 13:55:00,1,2026-09-24 06:45:10,2026-09-24 06:45:10,N,Y,692.0,692.0,692.0,692.0,892.42559322,692.0,,0.0,,buy:rt,match
2026-09-23 14:00:00,1,2026-09-24 06:50:06,2026-09-24 06:50:06,N,Y,692.0,692.0,689.0,690.0,35093.20250209,690.0,,0.0,,buy:rt,match
2026-09-23 14:05:00,2,2026-09-24 06:50:06,2026-09-24 06:55:11,N,N,689.0,690.0,688.0,688.0,9157.8901811,688.0,,0.0,,buy:rt,match
2026-09-23 14:10:00,2,2026-09-24 06:55:11,2026-09-24 07:00:10,N,N,688.0,689.0,688.0,689.0,22900.86518848,689.0,688.0,0.0,-1.0,buy:missing_bar,match
2026-09-23 14:15:00,1,2026-09-24 07:05:10,2026-09-24 07:05:10,N,Y,689.0,689.0,687.0,689.0,29922.59859549,689.0,,0.0,,buy:rt,match
2026-09-23 14:20:00,1,2026-09-24 07:10:10,2026-09-24 07:10:10,N,Y,689.0,689.0,687.0,689.0,10371.24307517,689.0,689.0,0.0,0.0,buy:missing_bar,match
2026-09-23 14:25:00,2,2026-09-24 07:10:10,2026-09-24 07:15:10,N,N,689.0,689.0,686.0,686.0,29204.33861369,686.0,689.0,0.0,3.0,buy:missing_bar,backfill_mismatch
2026-09-23 14:30:00,1,2026-09-24 07:20:10,2026-09-24 07:20:10,N,Y,688.0,688.0,686.0,686.0,2288.04074453,686.0,,0.0,,buy:rt,match
2026-09-23 14:35:00,1,2026-09-24 07:25:10,2026-09-24 07:25:10,N,Y,686.0,688.0,686.0,686.0,9430.3406497,686.0,,0.0,,buy:rt,match
2026-09-23 14:40:00,1,2026-09-24 07:30:06,2026-09-24 07:30:06,N,Y,688.0,689.0,688.0,689.0,98129.91746271,689.0,,0.0,,buy:rt,match
2026-09-23 14:45:00,2,2026-09-24 07:30:06,2026-09-24 07:35:10,N,N,689.0,691.0,686.0,686.0,36246.18020005,686.0,689.0,0.0,3.0,buy:missing_bar,backfill_mismatch
2026-09-23 14:50:00,1,2026-09-24 07:40:11,2026-09-24 07:40:11,N,Y,686.0,688.0,684.0,684.0,56385.37168724,684.0,688.0,0.0,4.0,buy:missing_bar,backfill_mismatch
2026-09-23 14:55:00,1,2026-09-24 07:45:10,2026-09-24 07:45:10,N,Y,684.0,686.0,683.0,684.0,84250.51288011,684.0,,0.0,,buy:rt,match
2026-09-23 15:00:00,1,2026-09-24 07:50:10,2026-09-24 07:50:10,N,Y,684.0,688.0,684.0,687.0,52283.02789479,687.0,,0.0,,buy:rt,match
2026-09-23 15:05:00,2,2026-09-24 07:50:10,2026-09-24 07:55:06,N,N,688.0,688.0,685.0,685.0,10096.48581508,685.0,,0.0,,buy:rt,match
2026-09-23 15:10:00,2,2026-09-24 07:55:06,2026-09-24 08:00:10,N,N,684.0,685.0,682.0,683.0,26508.45282153,683.0,684.0,0.0,1.0,buy:missing_bar,match
2026-09-23 15:15:00,1,2026-09-24 08:05:06,2026-09-24 08:05:06,N,Y,684.0,688.0,684.0,687.0,4779.95655602,687.0,,0.0,,buy:rt,match
2026-09-23 15:20:00,2,2026-09-24 08:05:06,2026-09-24 08:10:11,N,N,687.0,689.0,686.0,687.0,15151.27312024,687.0,,0.0,,buy:rt,match
2026-09-23 15:25:00,2,2026-09-24 08:10:11,2026-09-24 08:15:11,N,N,687.0,687.0,686.0,687.0,7213.62987958,687.0,,0.0,,buy:rt,match
2026-09-23 15:30:00,1,2026-09-24 08:20:11,2026-09-24 08:20:11,N,Y,686.0,690.0,685.0,690.0,7169.99612297,690.0,686.0,0.0,-4.0,buy:missing_bar,backfill_mismatch
2026-09-23 15:35:00,2,2026-09-24 08:20:11,2026-09-24 08:25:10,N,N,689.0,690.0,687.0,689.0,28075.4067997,689.0,,0.0,,buy:rt,match
2026-09-23 15:40:00,1,2026-09-24 08:30:06,2026-09-24 08:30:06,N,Y,689.0,690.0,689.0,690.0,9205.0999643,690.0,689.0,0.0,-1.0,buy:missing_bar,match
2026-09-23 15:45:00,2,2026-09-24 08:30:06,2026-09-24 08:35:10,N,N,689.0,689.0,689.0,689.0,1928.36758296,689.0,,0.0,,buy:rt,match
2026-09-23 15:50:00,1,2026-09-24 08:40:11,2026-09-24 08:40:11,N,Y,689.0,689.0,689.0,689.0,1192.01196198,689.0,,0.0,,buy:rt,match
2026-09-23 15:55:00,1,2026-09-24 08:45:11,2026-09-24 08:45:11,N,Y,689.0,689.0,688.0,688.0,2496.57137497,688.0,,0.0,,buy:rt,match
2026-09-23 16:00:00,1,2026-09-24 08:50:11,2026-09-24 08:50:11,N,Y,688.0,688.0,684.0,684.0,16472.3941251,684.0,688.0,0.0,4.0,buy:missing_bar,backfill_mismatch
2026-09-23 16:05:00,2,2026-09-24 08:50:11,2026-09-24 08:55:11,N,N,685.0,685.0,682.0,682.0,16321.40312411,682.0,,0.0,,buy:rt,match
2026-09-23 16:10:00,2,2026-09-24 08:55:11,2026-09-24 09:00:11,N,N,683.0,686.0,683.0,684.0,8262.16658273,684.0,,0.0,,buy:rt,match
2026-09-23 16:15:00,2,2026-09-24 09:00:11,2026-09-24 09:05:05,N,N,685.0,687.0,685.0,687.0,2761.34117287,687.0,685.0,0.0,-2.0,buy:missing_bar,backfill_mismatch
2026-09-23 16:20:00,2,2026-09-24 09:05:05,2026-09-24 09:10:10,N,N,687.0,687.0,685.0,685.0,5173.94364569,685.0,,0.0,,buy:rt,match
2026-09-23 16:25:00,1,2026-09-24 09:15:10,2026-09-24 09:15:10,N,Y,687.0,687.0,686.0,686.0,1427.58276425,686.0,,0.0,,buy:rt,match
2026-09-23 16:30:00,1,2026-09-24 09:20:11,2026-09-24 09:20:11,N,Y,686.0,687.0,682.0,682.0,16439.93568883,682.0,,0.0,,buy:rt,match
2026-09-23 16:35:00,1,2026-09-24 09:25:06,2026-09-24 09:25:06,N,Y,682.0,684.0,681.0,682.0,37668.90118689,682.0,682.0,0.0,0.0,buy:missing_bar,match
2026-09-23 16:40:00,2,2026-09-24 09:25:06,2026-09-24 09:30:06,N,N,682.0,682.0,681.0,682.0,4960.77389853,682.0,,0.0,,buy:rt,match
2026-09-23 16:45:00,2,2026-09-24 09:30:06,2026-09-24 09:35:05,N,N,680.0,684.0,680.0,681.0,4787.41563192,681.0,682.0,0.0,1.0,buy:missing_bar,match
2026-09-23 16:50:00,2,2026-09-24 09:35:05,2026-09-24 09:40:10,N,N,681.0,682.0,679.0,679.0,19738.42663059,679.0,,0.0,,buy:rt,match
2026-09-23 16:55:00,1,2026-09-24 09:45:06,2026-09-24 09:45:06,N,Y,679.0,682.0,679.0,681.0,2425.21105429,681.0,,0.0,,buy:rt,match
2026-09-23 17:00:00,2,2026-09-24 09:45:06,2026-09-24 09:50:10,N,N,680.0,683.0,679.0,679.0,27154.29806945,679.0,,0.0,,buy:rt,match
2026-09-23 17:05:00,1,2026-09-24 09:55:11,2026-09-24 09:55:11,N,Y,678.0,681.0,675.0,679.0,39812.29323288,679.0,677.0,0.0,-2.0,buy:missing_bar,backfill_mismatch
2026-09-23 17:10:00,2,2026-09-24 09:55:11,2026-09-24 10:00:11,N,N,679.0,682.0,678.0,678.0,17489.4745774,678.0,680.0,0.0,2.0,buy:missing_bar,backfill_mismatch
2026-09-23 17:15:00,1,2026-09-24 10:05:11,2026-09-24 10:05:11,N,Y,680.0,685.0,679.0,683.0,6044.63777449,683.0,680.0,0.0,-3.0,buy:missing_bar,backfill_mismatch
2026-09-23 17:20:00,1,2026-09-24 10:10:06,2026-09-24 10:10:06,N,Y,683.0,686.0,683.0,684.0,22173.90790955,684.0,,0.0,,buy:rt,match
2026-09-23 17:25:00,2,2026-09-24 10:10:06,2026-09-24 10:15:12,N,N,684.0,685.0,683.0,683.0,26340.35958666,683.0,684.0,0.0,1.0,buy:missing_bar,match
2026-09-23 17:30:00,2,2026-09-24 10:15:12,2026-09-24 10:20:10,N,N,685.0,686.0,684.0,684.0,5210.10701744,684.0,,0.0,,buy:rt,match
2026-09-23 17:35:00,1,2026-09-24 10:25:10,2026-09-24 10:25:10,N,Y,686.0,686.0,684.0,684.0,8191.6850758,684.0,,0.0,,buy:rt,match
2026-09-23 17:40:00,1,2026-09-24 10:30:10,2026-09-24 10:30:10,N,Y,686.0,686.0,686.0,686.0,11791.66828744,686.0,,0.0,,buy:rt,match
2026-09-23 17:45:00,1,2026-09-24 10:35:06,2026-09-24 10:35:06,N,Y,686.0,686.0,680.0,680.0,14023.72405384,680.0,,0.0,,buy:rt,match
2026-09-23 17:50:00,2,2026-09-24 10:35:06,2026-09-24 10:40:10,N,N,679.0,680.0,677.0,678.0,41950.02906993,678.0,679.0,0.0,1.0,buy:missing_bar,match
2026-09-23 17:55:00,1,2026-09-24 10:45:11,2026-09-24 10:45:11,N,Y,679.0,682.0,678.0,680.0,7106.7285439,680.0,,0.0,,buy:rt,match
2026-09-23 18:00:00,1,2026-09-24 10:50:11,2026-09-24 10:50:11,N,Y,680.0,683.0,680.0,682.0,49537.61543528,682.0,680.0,0.0,-2.0,buy:missing_bar,backfill_mismatch
2026-09-23 18:05:00,2,2026-09-24 10:56:27,2026-09-24 11:00:10,N,Y,682.0,684.0,682.0,684.0,31061.00153962,684.0,682.0,0.0,-2.0,buy:missing_bar,backfill_mismatch
2026-09-23 18:10:00,1,2026-09-24 11:05:10,2026-09-24 11:05:10,N,Y,684.0,684.0,683.0,683.0,4167.55338963,683.0,684.0,0.0,1.0,buy:missing_bar,match
2026-09-23 18:15:00,1,2026-09-24 11:10:10,2026-09-24 11:10:10,N,Y,684.0,685.0,684.0,684.0,5909.63361314,684.0,,0.0,,buy:rt,match
2026-09-23 18:20:00,1,2026-09-24 11:15:10,2026-09-24 11:15:10,N,Y,685.0,687.0,684.0,686.0,3425.87196348,686.0,,0.0,,buy:rt,match
2026-09-23 18:25:00,1,2026-09-24 11:20:11,2026-09-24 11:20:11,N,Y,686.0,688.0,685.0,687.0,1938.435427,687.0,,0.0,,buy:rt,match
2026-09-23 18:30:00,1,2026-09-24 11:25:06,2026-09-24 11:25:06,N,Y,688.0,690.0,686.0,687.0,11693.08761368,687.0,,0.0,,buy:rt,match
2026-09-23 18:35:00,2,2026-09-24 11:25:06,2026-09-24 11:30:10,N,N,687.0,687.0,687.0,687.0,10265.29625502,687.0,,0.0,,buy:rt,match
2026-09-23 18:40:00,1,2026-09-24 11:35:06,2026-09-24 11:35:06,N,Y,686.0,686.0,686.0,686.0,799.757621,686.0,686.0,0.0,0.0,buy:missing_bar,match
2026-09-23 18:45:00,2,2026-09-24 11:35:06,2026-09-24 11:40:10,N,N,686.0,686.0,686.0,686.0,8321.67145204,686.0,,0.0,,buy:rt,match
2026-09-23 18:50:00,1,2026-09-24 11:45:06,2026-09-24 11:45:06,N,Y,686.0,686.0,686.0,686.0,3636.14212105,686.0,,0.0,,buy:rt,match
2026-09-23 18:55:00,2,2026-09-24 11:45:06,2026-09-24 11:50:05,N,N,686.0,686.0,685.0,685.0,103356.87839626,685.0,686.0,0.0,1.0,buy:missing_bar,match
2026-09-23 19:00:00,2,2026-09-24 11:50:05,2026-09-24 11:55:05,N,N,684.0,688.0,683.0,688.0,15500.05464815,688.0,,0.0,,buy:rt,match
2026-09-23 19:05:00,2,2026-09-24 11:55:05,2026-09-24 12:00:10,N,N,688.0,688.0,685.0,685.0,32619.81842991,685.0,688.0,0.0,3.0,buy:missing_bar,backfill_mismatch
2026-09-23 19:10:00,1,2026-09-24 12:05:10,2026-09-24 12:05:10,N,Y,684.0,684.0,682.0,684.0,13687.39766512,684.0,,0.0,,buy:rt,match
2026-09-23 19:15:00,1,2026-09-24 12:10:10,2026-09-24 12:10:10,N,Y,684.0,686.0,684.0,686.0,1294.0,686.0,,0.0,,buy:rt,match
2026-09-23 19:20:00,1,2026-09-24 12:15:11,2026-09-24 12:15:11,N,Y,686.0,686.0,682.0,682.0,1375.50600768,682.0,,0.0,,buy:rt,match
2026-09-23 19:25:00,1,2026-09-24 12:20:11,2026-09-24 12:20:11,N,Y,681.0,684.0,681.0,682.0,3691.09302993,682.0,,0.0,,buy:rt,match
2026-09-23 19:30:00,1,2026-09-24 12:25:10,2026-09-24 12:25:10,N,Y,685.0,685.0,680.0,682.0,19513.8659125,682.0,,0.0,,buy:rt,match
2026-09-23 19:35:00,1,2026-09-24 12:30:10,2026-09-24 12:30:10,N,Y,681.0,684.0,681.0,684.0,490.59874543,684.0,,0.0,,buy:rt,match
2026-09-23 19:40:00,1,2026-09-24 12:35:10,2026-09-24 12:35:10,N,Y,685.0,686.0,684.0,684.0,4112.79306882,684.0,,0.0,,buy:rt,match
2026-09-23 19:45:00,1,2026-09-24 12:40:10,2026-09-24 12:40:10,N,Y,685.0,685.0,684.0,684.0,8111.82267274,684.0,,0.0,,buy:rt,match
2026-09-23 19:50:00,2,2026-09-24 12:45:40,2026-09-24 12:50:10,N,Y,684.0,685.0,683.0,685.0,48057.76086936,685.0,684.0,0.0,-1.0,buy:missing_bar,match
2026-09-23 19:55:00,1,2026-09-24 12:55:10,2026-09-24 12:55:10,N,Y,684.0,685.0,683.0,685.0,1498.32707657,685.0,683.0,0.0,-2.0,buy:missing_bar,backfill_mismatch
2026-09-23 20:00:00,1,2026-09-24 13:00:10,2026-09-24 13:00:10,N,Y,684.0,684.0,684.0,684.0,9033.94720153,684.0,,0.0,,buy:rt,match
2026-09-23 20:05:00,1,2026-09-24 13:05:06,2026-09-24 13:05:06,N,Y,683.0,683.0,682.0,682.0,12498.35531651,682.0,,0.0,,buy:rt,match
2026-09-23 20:15:00,2,2026-09-24 13:05:06,2026-09-24 13:10:10,N,N,681.0,681.0,679.0,679.0,54281.91498554,679.0,681.0,0.0,2.0,buy:missing_bar,backfill_mismatch
2026-09-23 20:20:00,2,2026-09-24 13:10:10,2026-09-24 13:15:05,N,N,678.0,678.0,673.0,676.0,57155.44031673,676.0,,0.0,,buy:rt,match
2026-09-23 20:25:00,2,2026-09-24 13:15:05,2026-09-24 13:20:10,N,N,676.0,676.0,673.0,674.0,47624.51674377,674.0,,0.0,,buy:rt,match
2026-09-23 20:30:00,1,2026-09-24 13:25:10,2026-09-24 13:25:10,N,Y,674.0,677.0,674.0,675.0,16880.16227387,675.0,,0.0,,buy:rt,match
2026-09-23 20:35:00,1,2026-09-24 13:30:06,2026-09-24 13:30:06,N,Y,676.0,676.0,675.0,675.0,60565.24432615,675.0,676.0,0.0,1.0,buy:missing_bar,match
2026-09-23 20:40:00,2,2026-09-24 13:30:06,2026-09-24 13:35:10,N,N,677.0,677.0,675.0,676.0,12491.38428215,676.0,,0.0,,buy:rt,match
2026-09-23 20:45:00,1,2026-09-24 13:40:06,2026-09-24 13:40:06,N,Y,677.0,678.0,676.0,678.0,6538.9285816,678.0,677.0,0.0,-1.0,buy:missing_bar,match
2026-09-23 20:50:00,2,2026-09-24 13:40:06,2026-09-24 13:45:10,N,N,679.0,679.0,679.0,679.0,1185.24312209,679.0,,0.0,,buy:rt,match
2026-09-23 20:55:00,1,2026-09-24 13:50:11,2026-09-24 13:50:11,N,Y,679.0,679.0,678.0,678.0,4093.83390514,678.0,,0.0,,buy:rt,match
2026-09-23 21:00:00,1,2026-09-24 13:55:11,2026-09-24 13:55:11,N,Y,678.0,679.0,673.0,674.0,47501.30039777,674.0,,0.0,,buy:rt,match
2026-09-23 21:05:00,1,2026-09-24 14:00:11,2026-09-24 14:00:11,N,Y,674.0,683.0,674.0,681.0,29171.22861442,681.0,674.0,0.0,-7.0,buy:missing_bar,backfill_mismatch
2026-09-23 21:10:00,1,2026-09-24 14:05:11,2026-09-24 14:05:11,N,Y,682.0,682.0,680.0,680.0,1246.55890487,680.0,,0.0,,buy:rt,match
2026-09-23 21:15:00,1,2026-09-24 14:10:10,2026-09-24 14:10:10,N,Y,678.0,678.0,677.0,677.0,5259.14827808,677.0,,0.0,,buy:rt,match
2026-09-23 21:20:00,1,2026-09-24 14:15:10,2026-09-24 14:15:10,N,Y,679.0,679.0,679.0,679.0,257.99167501,679.0,,0.0,,buy:rt,match
2026-09-23 21:25:00,1,2026-09-24 14:20:10,2026-09-24 14:20:10,N,Y,682.0,682.0,680.0,680.0,21667.78331207,680.0,,0.0,,buy:rt,match
2026-09-23 21:30:00,1,2026-09-24 14:25:10,2026-09-24 14:25:10,N,Y,680.0,683.0,680.0,680.0,35155.70224318,680.0,680.0,0.0,0.0,buy:missing_bar,match
2026-09-23 21:35:00,1,2026-09-24 14:30:10,2026-09-24 14:30:10,N,Y,680.0,684.0,680.0,684.0,9759.90794304,684.0,,0.0,,buy:rt,match
2026-09-23 21:40:00,1,2026-09-24 14:35:10,2026-09-24 14:35:10,N,Y,682.0,683.0,680.0,680.0,17405.21590036,680.0,,0.0,,buy:rt,match
2026-09-23 21:45:00,1,2026-09-24 14:40:10,2026-09-24 14:40:10,N,Y,680.0,682.0,680.0,682.0,6816.81889655,682.0,,0.0,,buy:rt,match
2026-09-23 21:50:00,2,2026-09-24 14:40:10,2026-09-24 14:45:10,N,N,681.0,681.0,678.0,680.0,725.47801743,680.0,,0.0,,buy:rt,match
2026-09-23 21:55:00,1,2026-09-24 14:50:10,2026-09-24 14:50:10,N,Y,680.0,682.0,679.0,682.0,503.07287614,682.0,,0.0,,buy:rt,match
2026-09-23 22:00:00,1,2026-09-24 14:55:10,2026-09-24 14:55:10,N,Y,682.0,682.0,677.0,678.0,17560.16296582,678.0,,0.0,,buy:rt,match
2026-09-23 22:05:00,1,2026-09-24 15:00:10,2026-09-24 15:00:10,N,Y,678.0,678.0,671.0,673.0,35953.82377606,673.0,,0.0,,buy:rt,match
2026-09-23 22:10:00,1,2026-09-24 15:05:11,2026-09-24 15:05:11,N,Y,673.0,675.0,672.0,674.0,19634.18698727,674.0,673.0,0.0,-1.0,buy:missing_bar,match
2026-09-23 22:15:00,1,2026-09-24 15:10:10,2026-09-24 15:10:10,N,Y,674.0,677.0,674.0,675.0,23124.05845031,675.0,,0.0,,buy:rt,match
2026-09-23 22:20:00,1,2026-09-24 15:15:10,2026-09-24 15:15:10,N,Y,675.0,678.0,675.0,678.0,2049.44379009,678.0,,0.0,,buy:rt,match
2026-09-23 22:25:00,1,2026-09-24 15:20:10,2026-09-24 15:20:10,N,Y,677.0,679.0,677.0,677.0,4977.12470973,677.0,,0.0,,buy:rt,match
2026-09-23 22:30:00,1,2026-09-24 15:25:10,2026-09-24 15:25:10,N,Y,678.0,679.0,677.0,677.0,4349.24825879,677.0,,0.0,,buy:rt,match
2026-09-23 22:35:00,1,2026-09-24 15:30:10,2026-09-24 15:30:10,N,Y,677.0,679.0,676.0,677.0,14476.82421168,677.0,,0.0,,buy:rt,match
2026-09-23 22:40:00,1,2026-09-24 15:35:11,2026-09-24 15:35:11,N,Y,678.0,680.0,678.0,680.0,108.34206769,680.0,,0.0,,buy:rt,match
2026-09-23 22:45:00,1,2026-09-24 15:40:11,2026-09-24 15:40:11,N,Y,678.0,678.0,676.0,676.0,37477.23166316,676.0,,0.0,,buy:rt,match
2026-09-23 22:50:00,1,2026-09-24 15:45:11,2026-09-24 15:45:11,N,Y,676.0,677.0,674.0,676.0,59148.63628025,676.0,676.0,0.0,0.0,buy:missing_bar,match
2026-09-23 22:55:00,1,2026-09-24 15:50:10,2026-09-24 15:50:10,N,Y,676.0,677.0,676.0,677.0,17662.57897592,677.0,,0.0,,buy:rt,match
2026-09-23 23:00:00,1,2026-09-24 15:55:10,2026-09-24 15:55:10,N,Y,677.0,680.0,676.0,677.0,4238.34022696,677.0,,0.0,,buy:rt,match
2026-09-23 23:05:00,1,2026-09-24 16:00:10,2026-09-24 16:00:10,N,Y,677.0,677.0,667.0,671.0,61540.90986212,671.0,,0.0,,buy:rt,match
2026-09-23 23:10:00,1,2026-09-24 16:05:10,2026-09-24 16:05:10,N,Y,670.0,670.0,628.0,652.0,592368.39156354,652.0,669.0,0.0,17.0,buy:missing_bar,backfill_mismatch
2026-09-23 23:15:00,1,2026-09-24 16:10:10,2026-09-24 16:10:10,N,Y,651.0,652.0,646.0,647.0,120357.97251573,647.0,652.0,0.0,5.0,buy:missing_bar,backfill_mismatch
2026-09-23 23:20:00,2,2026-09-24 16:15:10,2026-09-24 16:20:11,N,Y,646.0,654.0,646.0,653.0,95978.46260919,653.0,647.0,0.0,-6.0,buy:missing_bar,backfill_mismatch
2026-09-23 23:25:00,1,2026-09-24 16:25:11,2026-09-24 16:25:11,N,Y,653.0,655.0,650.0,650.0,54644.16621065,650.0,653.0,0.0,3.0,buy:missing_bar,backfill_mismatch
2026-09-23 23:30:00,1,2026-09-24 16:30:11,2026-09-24 16:30:11,N,Y,650.0,658.0,647.0,658.0,83151.88584054,658.0,650.0,0.0,-8.0,buy:missing_bar,backfill_mismatch
2026-09-23 23:35:00,1,2026-09-24 16:35:10,2026-09-24 16:35:10,N,Y,658.0,660.0,655.0,656.0,40867.38866572,656.0,,0.0,,buy:rt,match
2026-09-23 23:40:00,1,2026-09-24 16:40:11,2026-09-24 16:40:11,N,Y,656.0,656.0,654.0,654.0,16751.93822872,654.0,,0.0,,buy:rt,match
2026-09-23 23:45:00,2,2026-09-24 16:40:11,2026-09-24 16:45:10,N,N,655.0,655.0,650.0,652.0,15349.48536931,652.0,655.0,0.0,3.0,buy:missing_bar,backfill_mismatch
2026-09-23 23:50:00,1,2026-09-24 16:50:10,2026-09-24 16:50:10,N,Y,652.0,656.0,651.0,656.0,42756.8198829,656.0,,0.0,,buy:rt,match
2026-09-23 23:55:00,1,2026-09-24 16:55:10,2026-09-24 16:55:10,N,Y,654.0,658.0,652.0,654.0,11082.90062882,654.0,654.0,0.0,0.0,buy:missing_bar,match
2026-09-24 00:00:00,2,2026-09-24 16:55:10,2026-09-24 17:00:11,N,N,655.0,657.0,650.0,652.0,28242.9608108,652.0,655.0,0.0,3.0,buy:missing_bar,backfill_mismatch
2026-09-24 00:05:00,1,2026-09-24 17:05:10,2026-09-24 17:05:10,N,Y,651.0,653.0,650.0,652.0,11084.80808751,652.0,651.0,0.0,-1.0,buy:missing_bar,match
2026-09-24 00:10:00,1,2026-09-24 17:10:10,2026-09-24 17:10:10,N,Y,651.0,653.0,651.0,652.0,26573.54267409,652.0,651.0,0.0,-1.0,buy:missing_bar,match
2026-09-24 00:15:00,2,2026-09-24 17:10:10,2026-09-24 17:15:10,N,N,652.0,654.0,651.0,651.0,31728.75009215,651.0,,0.0,,buy:rt,match
2026-09-24 00:20:00,1,2026-09-24 17:20:10,2026-09-24 17:20:10,N,Y,652.0,652.0,645.0,646.0,49621.53623942,646.0,652.0,0.0,6.0,buy:missing_bar,backfill_mismatch
2026-09-24 00:25:00,1,2026-09-24 17:25:10,2026-09-24 17:25:10,N,Y,646.0,647.0,644.0,644.0,11612.90807038,644.0,,0.0,,buy:rt,match
2026-09-24 00:30:00,2,2026-09-24 17:25:10,2026-09-24 17:30:10,N,N,644.0,647.0,641.0,644.0,64045.27198045,644.0,,0.0,,buy:rt,match
2026-09-24 00:35:00,2,2026-09-24 17:30:10,2026-09-24 17:35:10,N,N,642.0,643.0,639.0,640.0,28142.33419974,640.0,641.0,0.0,1.0,buy:missing_bar,match
2026-09-24 00:40:00,2,2026-09-24 17:35:10,2026-09-24 17:40:10,N,N,639.0,641.0,638.0,639.0,33953.15891185,639.0,,0.0,,buy:rt,match
2026-09-24 00:45:00,1,2026-09-24 17:45:05,2026-09-24 17:45:05,N,Y,640.0,642.0,636.0,637.0,59144.52788684,637.0,,0.0,,buy:rt,match
2026-09-24 00:50:00,2,2026-09-24 17:45:05,2026-09-24 17:50:06,N,N,637.0,640.0,636.0,638.0,94945.62942074,638.0,637.0,0.0,-1.0,buy:missing_bar,match
2026-09-24 00:55:00,2,2026-09-24 17:50:06,2026-09-24 17:55:10,N,N,642.0,643.0,638.0,638.0,40189.73094822,638.0,,0.0,,buy:rt,match
2026-09-24 01:00:00,1,2026-09-24 18:00:10,2026-09-24 18:00:10,N,Y,638.0,638.0,626.0,633.0,204410.32513292,633.0,638.0,0.0,5.0,buy:missing_bar,backfill_mismatch
2026-09-24 01:05:00,1,2026-09-24 18:05:10,2026-09-24 18:05:10,N,Y,632.0,639.0,632.0,639.0,69401.98850424,639.0,632.0,0.0,-7.0,buy:missing_bar,backfill_mismatch
2026-09-24 01:10:00,2,2026-09-24 18:05:10,2026-09-24 18:10:10,N,N,639.0,639.0,637.0,638.0,21397.66605339,638.0,639.0,0.0,1.0,buy:missing_bar,match
2026-09-24 01:15:00,1,2026-09-24 18:15:10,2026-09-24 18:15:10,N,Y,639.0,643.0,639.0,640.0,11551.60535871,640.0,,0.0,,buy:rt,match
2026-09-24 01:20:00,1,2026-09-24 18:20:10,2026-09-24 18:20:10,N,Y,640.0,641.0,639.0,639.0,707.44288852,639.0,,0.0,,buy:rt,match
2026-09-24 01:25:00,2,2026-09-24 18:20:10,2026-09-24 18:25:10,N,N,640.0,640.0,639.0,639.0,3622.76940968,639.0,,0.0,,buy:rt,match
2026-09-24 01:30:00,1,2026-09-24 18:30:10,2026-09-24 18:30:10,N,Y,639.0,641.0,638.0,638.0,42376.90953621,638.0,639.0,0.0,1.0,buy:missing_bar,match
2026-09-24 01:35:00,1,2026-09-24 18:35:10,2026-09-24 18:35:10,N,Y,638.0,639.0,636.0,639.0,4090.52479597,639.0,638.0,0.0,-1.0,buy:missing_bar,match
2026-09-24 01:40:00,1,2026-09-24 18:40:10,2026-09-24 18:40:10,N,Y,638.0,638.0,636.0,637.0,17566.37685321,637.0,,0.0,,buy:rt,match
2026-09-24 01:45:00,1,2026-09-24 18:45:06,2026-09-24 18:45:06,N,Y,639.0,639.0,636.0,636.0,34683.22209624,636.0,,0.0,,buy:rt,match
2026-09-24 01:50:00,2,2026-09-24 18:45:06,2026-09-24 18:50:10,N,N,636.0,638.0,635.0,638.0,1561.46443029,638.0,636.0,0.0,-2.0,buy:missing_bar,backfill_mismatch
2026-09-24 01:55:00,1,2026-09-24 18:55:11,2026-09-24 18:55:11,N,Y,638.0,639.0,637.0,639.0,15910.73084052,639.0,638.0,0.0,-1.0,buy:missing_bar,match
2026-09-24 02:00:00,1,2026-09-24 19:00:11,2026-09-24 19:00:11,N,Y,639.0,643.0,636.0,640.0,83842.66408875,640.0,640.0,0.0,0.0,buy:missing_bar,match
2026-09-24 02:05:00,2,2026-09-24 19:00:11,2026-09-24 19:05:11,N,N,637.0,637.0,634.0,635.0,28032.36638171,635.0,637.0,0.0,2.0,buy:missing_bar,backfill_mismatch
2026-09-24 02:10:00,1,2026-09-24 19:10:11,2026-09-24 19:10:11,N,Y,635.0,638.0,635.0,638.0,15497.79191418,638.0,635.0,0.0,-3.0,buy:missing_bar,backfill_mismatch
2026-09-24 02:15:00,1,2026-09-24 19:15:10,2026-09-24 19:15:10,N,Y,637.0,642.0,637.0,642.0,215.10247887,642.0,,0.0,,buy:rt,match
2026-09-24 02:20:00,1,2026-09-24 19:20:10,2026-09-24 19:20:10,N,Y,640.0,640.0,639.0,639.0,788.24361312,639.0,,0.0,,buy:rt,match
2026-09-24 02:25:00,1,2026-09-24 19:25:10,2026-09-24 19:25:10,N,Y,640.0,640.0,640.0,640.0,368.0990625,640.0,,0.0,,buy:rt,match
2026-09-24 02:30:00,1,2026-09-24 19:30:10,2026-09-24 19:30:10,N,Y,641.0,641.0,639.0,639.0,17440.78731741,639.0,,0.0,,buy:rt,match
2026-09-24 02:35:00,2,2026-09-24 19:30:10,2026-09-24 19:35:10,N,N,638.0,638.0,638.0,638.0,1302.84759078,638.0,,0.0,,buy:rt,match
2026-09-24 02:40:00,2,2026-09-24 19:35:10,2026-09-24 19:40:10,N,N,638.0,640.0,638.0,640.0,19001.464526,640.0,,0.0,,buy:rt,match
2026-09-24 02:45:00,1,2026-09-24 19:45:10,2026-09-24 19:45:10,N,Y,641.0,641.0,641.0,641.0,77.26869794,641.0,,0.0,,buy:rt,match
2026-09-24 02:50:00,1,2026-09-24 19:50:10,2026-09-24 19:50:10,N,Y,640.0,640.0,639.0,639.0,4836.82359252,639.0,,0.0,,buy:rt,match
2026-09-24 02:55:00,1,2026-09-24 19:55:10,2026-09-24 19:55:10,N,Y,640.0,641.0,640.0,641.0,7453.94007911,641.0,,0.0,,buy:rt,match
2026-09-24 03:00:00,1,2026-09-24 20:00:11,2026-09-24 20:00:11,N,Y,641.0,641.0,635.0,635.0,6237.96062336,635.0,,0.0,,buy:rt,match
2026-09-24 03:05:00,1,2026-09-24 20:05:11,2026-09-24 20:05:11,N,Y,636.0,638.0,636.0,637.0,725.93994999,637.0,,0.0,,buy:rt,match
2026-09-24 03:10:00,1,2026-09-24 20:10:10,2026-09-24 20:10:10,N,Y,636.0,636.0,635.0,635.0,548.75559066,635.0,,0.0,,buy:rt,match
2026-09-24 03:15:00,1,2026-09-24 20:15:06,2026-09-24 20:15:06,N,Y,636.0,636.0,636.0,636.0,15.72327044,636.0,,0.0,,buy:rt,match
2026-09-24 03:20:00,2,2026-09-24 20:15:06,2026-09-24 20:20:11,N,N,634.0,634.0,632.0,633.0,1661.1806883,633.0,,0.0,,buy:rt,match
2026-09-24 03:25:00,1,2026-09-24 20:30:10,2026-09-24 20:30:10,N,Y,633.0,635.0,632.0,632.0,7141.63762647,632.0,,0.0,,buy:rt,match
2026-09-24 03:30:00,1,2026-09-24 20:35:10,2026-09-24 20:35:10,N,Y,631.0,631.0,630.0,630.0,2432.65945,630.0,,0.0,,buy:rt,match
2026-09-24 03:35:00,1,2026-09-24 20:40:10,2026-09-24 20:40:10,N,Y,632.0,632.0,630.0,630.0,8960.24888221,630.0,,0.0,,buy:rt,match
2026-09-24 03:40:00,1,2026-09-24 20:45:10,2026-09-24 20:45:10,N,Y,630.0,633.0,630.0,633.0,1351.20099328,633.0,,0.0,,buy:rt,match
2026-09-24 03:45:00,1,2026-09-24 20:50:11,2026-09-24 20:50:11,N,Y,633.0,634.0,631.0,633.0,4557.06480975,633.0,632.0,0.0,-1.0,buy:missing_bar,match
2026-09-24 03:50:00,1,2026-09-24 20:55:06,2026-09-24 20:55:06,N,Y,635.0,635.0,635.0,635.0,3874.08976377,635.0,,0.0,,buy:rt,match
2026-09-24 03:55:00,2,2026-09-24 20:55:06,2026-09-24 21:00:11,N,N,634.0,634.0,632.0,632.0,8933.44023025,632.0,,0.0,,buy:rt,match
2026-09-24 04:00:00,2,2026-09-24 21:00:11,2026-09-24 21:05:06,N,N,632.0,632.0,626.0,626.0,36917.46776094,626.0,,0.0,,buy:rt,match
2026-09-24 04:05:00,2,2026-09-24 21:05:06,2026-09-24 21:10:10,N,N,627.0,631.0,627.0,628.0,37965.1995269,628.0,,0.0,,buy:rt,match
2026-09-24 04:10:00,1,2026-09-24 21:15:11,2026-09-24 21:15:11,N,Y,629.0,629.0,629.0,629.0,4007.56170977,629.0,,0.0,,buy:rt,match
2026-09-24 04:15:00,1,2026-09-24 21:20:11,2026-09-24 21:20:11,N,Y,629.0,629.0,628.0,628.0,598.2485,628.0,,0.0,,buy:rt,match
2026-09-24 04:20:00,1,2026-09-24 21:25:10,2026-09-24 21:25:10,N,Y,630.0,632.0,630.0,632.0,18873.08583223,632.0,,0.0,,buy:rt,match
2026-09-24 04:25:00,1,2026-09-24 21:30:10,2026-09-24 21:30:10,N,Y,633.0,633.0,631.0,631.0,429.48922336,631.0,,0.0,,buy:rt,match
2026-09-24 04:30:00,1,2026-09-24 21:35:10,2026-09-24 21:35:10,N,Y,631.0,631.0,631.0,631.0,20.0,631.0,,0.0,,buy:rt,match
2026-09-24 04:35:00,1,2026-09-24 21:40:10,2026-09-24 21:40:10,N,Y,631.0,631.0,630.0,630.0,1068.899497,630.0,,0.0,,buy:rt,match
2026-09-24 04:40:00,1,2026-09-24 21:45:10,2026-09-24 21:45:10,N,Y,631.0,631.0,630.0,630.0,3020.82242762,630.0,,0.0,,buy:rt,match
2026-09-24 04:45:00,1,2026-09-24 21:50:10,2026-09-24 21:50:10,N,Y,630.0,632.0,630.0,632.0,952.3426,632.0,,0.0,,buy:rt,match
2026-09-24 04:50:00,1,2026-09-24 21:55:11,2026-09-24 21:55:11,N,Y,631.0,632.0,631.0,631.0,36909.83705384,631.0,,0.0,,buy:rt,match
2026-09-24 04:55:00,1,2026-09-24 22:00:11,2026-09-24 22:00:11,N,Y,631.0,632.0,631.0,631.0,8562.35156476,631.0,631.0,0.0,0.0,buy:missing_bar,match
2026-09-24 05:00:00,1,2026-09-24 22:05:11,2026-09-24 22:05:11,N,Y,631.0,631.0,627.0,627.0,70106.10551762,627.0,631.0,0.0,4.0,buy:missing_bar,backfill_mismatch
2026-09-24 05:05:00,1,2026-09-24 22:10:07,2026-09-24 22:10:07,N,Y,627.0,629.0,627.0,629.0,3900.87943262,629.0,627.0,0.0,-2.0,buy:missing_bar,backfill_mismatch
2026-09-24 05:10:00,2,2026-09-24 22:10:07,2026-09-24 22:15:11,N,N,629.0,629.0,628.0,628.0,2122.59475357,628.0,,0.0,,buy:rt,match
2026-09-24 05:15:00,1,2026-09-24 22:20:10,2026-09-24 22:20:10,N,Y,628.0,629.0,627.0,628.0,5082.16705007,628.0,628.0,0.0,0.0,buy:missing_bar,match
2026-09-24 05:20:00,1,2026-09-24 22:25:10,2026-09-24 22:25:10,N,Y,627.0,627.0,624.0,625.0,24649.36129029,625.0,,0.0,,buy:rt,match
2026-09-24 05:25:00,1,2026-09-24 22:30:10,2026-09-24 22:30:10,N,Y,624.0,624.0,622.0,622.0,11162.00008165,622.0,,0.0,,buy:rt,match
2026-09-24 05:30:00,1,2026-09-24 22:35:10,2026-09-24 22:35:10,N,Y,624.0,624.0,623.0,624.0,2861.70874333,624.0,,0.0,,buy:rt,match
2026-09-24 05:35:00,1,2026-09-24 22:40:10,2026-09-24 22:40:10,N,Y,624.0,624.0,623.0,624.0,8721.29465836,624.0,,0.0,,buy:rt,match
2026-09-24 05:40:00,2,2026-09-24 22:40:10,2026-09-24 22:45:10,N,N,624.0,624.0,623.0,624.0,23486.50815372,624.0,,0.0,,buy:rt,match
2026-09-24 05:45:00,2,2026-09-24 22:45:10,2026-09-24 22:50:10,N,N,624.0,624.0,623.0,623.0,6904.930195,623.0,,0.0,,buy:rt,match
2026-09-24 05:50:00,1,2026-09-24 22:55:10,2026-09-24 22:55:10,N,Y,625.0,625.0,624.0,625.0,415.29246842,625.0,,0.0,,buy:rt,match
2026-09-24 05:55:00,1,2026-09-24 23:00:11,2026-09-24 23:00:11,N,Y,624.0,627.0,624.0,627.0,7411.28588186,627.0,625.0,0.0,-2.0,buy:missing_bar,backfill_mismatch
2026-09-24 06:00:00,1,2026-09-24 23:05:11,2026-09-24 23:05:11,N,Y,627.0,629.0,626.0,626.0,13435.95719598,626.0,,0.0,,buy:rt,match
2026-09-24 06:05:00,1,2026-09-24 23:10:11,2026-09-24 23:10:11,N,Y,629.0,630.0,629.0,629.0,1005.72953633,629.0,,0.0,,buy:rt,match
2026-09-24 06:10:00,2,2026-09-24 23:10:11,2026-09-24 23:15:11,N,N,631.0,631.0,630.0,630.0,4040.97476473,630.0,,0.0,,buy:rt,match
2026-09-24 06:15:00,1,2026-09-24 23:20:06,2026-09-24 23:20:06,N,Y,630.0,630.0,628.0,628.0,3242.262572,628.0,630.0,0.0,2.0,buy:missing_bar,backfill_mismatch
2026-09-24 06:20:00,2,2026-09-24 23:20:06,2026-09-24 23:25:11,N,N,629.0,629.0,629.0,629.0,11404.0467596,629.0,,0.0,,buy:rt,match
2026-09-24 06:25:00,2,2026-09-24 23:25:11,2026-09-24 23:30:06,N,N,630.0,630.0,630.0,630.0,251.64556962,630.0,,0.0,,buy:rt,match
2026-09-24 06:30:00,2,2026-09-24 23:30:06,2026-09-24 23:35:11,N,N,632.0,632.0,632.0,632.0,205.07294303,632.0,,0.0,,buy:rt,match
2026-09-24 06:35:00,1,2026-09-24 23:40:11,2026-09-24 23:40:11,N,Y,632.0,632.0,631.0,631.0,1533.407225,631.0,632.0,0.0,1.0,buy:missing_bar,match
2026-09-24 06:40:00,1,2026-09-24 23:45:11,2026-09-24 23:45:11,N,Y,632.0,633.0,632.0,632.0,26919.94928791,632.0,,0.0,,buy:rt,match
2026-09-24 06:45:00,2,2026-09-24 23:45:11,2026-09-24 23:50:06,N,N,632.0,632.0,631.0,631.0,8788.3180872,631.0,,0.0,,buy:rt,match
2026-09-24 06:50:00,2,2026-09-24 23:50:06,2026-09-24 23:55:06,N,N,631.0,631.0,629.0,629.0,14781.18578651,629.0,630.0,0.0,1.0,buy:missing_bar,match
2026-09-24 06:55:00,2,2026-09-24 23:55:06,2026-09-25 00:00:11,N,N,629.0,629.0,628.0,628.0,17994.09392161,628.0,629.0,0.0,1.0,buy:missing_bar,match
2026-09-24 07:00:00,1,2026-09-25 00:05:11,2026-09-25 00:05:11,N,Y,628.0,628.0,628.0,628.0,733.6954711,628.0,,0.0,,buy:rt,match
2026-09-24 07:05:00,1,2026-09-25 00:10:11,2026-09-25 00:10:11,N,Y,630.0,633.0,628.0,628.0,111671.23301347,628.0,,0.0,,buy:rt,match
2026-09-24 07:10:00,1,2026-09-25 00:15:11,2026-09-25 00:15:11,N,Y,628.0,630.0,628.0,629.0,16905.21584038,629.0,628.0,0.0,-1.0,buy:missing_bar,match
2026-09-24 07:15:00,1,2026-09-25 00:20:10,2026-09-25 00:20:10,N,Y,629.0,630.0,629.0,630.0,18144.50946109,630.0,,0.0,,buy:rt,match
2026-09-24 07:20:00,1,2026-09-25 00:25:10,2026-09-25 00:25:10,N,Y,631.0,631.0,627.0,627.0,33018.82368575,627.0,,0.0,,buy:rt,match
2026-09-24 07:25:00,1,2026-09-25 00:30:10,2026-09-25 00:30:10,N,Y,627.0,627.0,626.0,626.0,7068.82450643,626.0,,0.0,,buy:rt,match
2026-09-24 07:30:00,1,2026-09-25 00:35:10,2026-09-25 00:35:10,N,Y,626.0,626.0,624.0,625.0,31154.97571933,625.0,626.0,0.0,1.0,buy:missing_bar,match
2026-09-24 07:35:00,1,2026-09-25 00:40:11,2026-09-25 00:40:11,N,Y,625.0,625.0,624.0,624.0,8307.91108851,624.0,,0.0,,buy:rt,match
2026-09-24 07:40:00,1,2026-09-25 00:45:11,2026-09-25 00:45:11,N,Y,624.0,624.0,622.0,623.0,40624.16028418,623.0,,0.0,,buy:rt,match
2026-09-24 07:45:00,1,2026-09-25 00:50:06,2026-09-25 00:50:06,N,Y,624.0,625.0,624.0,625.0,13892.50265985,625.0,,0.0,,buy:rt,match
2026-09-24 07:50:00,2,2026-09-25 00:50:06,2026-09-25 00:55:06,N,N,626.0,626.0,624.0,625.0,15308.3465037,625.0,626.0,0.0,1.0,buy:missing_bar,match
2026-09-24 07:55:00,2,2026-09-25 00:55:06,2026-09-25 01:00:11,N,N,625.0,625.0,622.0,622.0,26347.17813497,622.0,625.0,0.0,3.0,buy:missing_bar,backfill_mismatch
2026-09-24 08:00:00,1,2026-09-25 01:05:06,2026-09-25 01:05:06,N,Y,622.0,625.0,618.0,624.0,80620.1057658,624.0,,0.0,,buy:rt,match
2026-09-24 08:05:00,2,2026-09-25 01:05:06,2026-09-25 01:10:06,N,N,623.0,625.0,623.0,624.0,14563.222912,624.0,623.0,0.0,-1.0,buy:missing_bar,match
2026-09-24 08:10:00,2,2026-09-25 01:10:06,2026-09-25 01:15:06,N,N,624.0,624.0,622.0,624.0,32721.01228984,624.0,623.0,0.0,-1.0,buy:missing_bar,match
2026-09-24 08:15:00,2,2026-09-25 01:15:06,2026-09-25 01:20:06,N,N,623.0,624.0,623.0,623.0,19262.66810947,623.0,,0.0,,buy:rt,match
2026-09-24 08:20:00,2,2026-09-25 01:20:06,2026-09-25 01:25:11,N,N,624.0,625.0,623.0,624.0,16957.35972378,624.0,624.0,0.0,0.0,buy:missing_bar,match
2026-09-24 08:25:00,1,2026-09-25 01:30:11,2026-09-25 01:30:11,N,Y,623.0,624.0,622.0,622.0,1961.62326128,622.0,,0.0,,buy:rt,match
2026-09-24 08:30:00,2,2026-09-25 01:30:11,2026-09-25 01:35:11,N,N,622.0,623.0,620.0,620.0,13049.06601117,620.0,622.0,0.0,2.0,buy:missing_bar,backfill_mismatch
2026-09-24 08:35:00,1,2026-09-25 01:40:10,2026-09-25 01:40:10,N,Y,621.0,621.0,620.0,621.0,8839.38402088,621.0,,0.0,,buy:rt,match
2026-09-24 08:40:00,1,2026-09-25 01:45:10,2026-09-25 01:45:10,N,Y,622.0,622.0,620.0,620.0,26901.12690154,620.0,,0.0,,buy:rt,match
2026-09-24 08:45:00,1,2026-09-25 01:50:05,2026-09-25 01:50:05,N,Y,620.0,622.0,620.0,621.0,18706.91545281,621.0,,0.0,,buy:rt,match
2026-09-24 08:50:00,2,2026-09-25 01:50:05,2026-09-25 01:55:10,N,N,620.0,621.0,618.0,621.0,33543.0054163,621.0,620.0,0.0,-1.0,buy:missing_bar,match
2026-09-24 08:55:00,1,2026-09-25 02:00:05,2026-09-25 02:00:05,N,Y,620.0,623.0,619.0,623.0,49023.38167711,623.0,620.0,0.0,-3.0,buy:missing_bar,backfill_mismatch
2026-09-24 09:00:00,2,2026-09-25 02:00:05,2026-09-25 02:05:10,N,N,621.0,623.0,621.0,622.0,30733.15588243,622.0,621.0,0.0,-1.0,buy:missing_bar,match
2026-09-24 09:05:00,2,2026-09-25 02:05:10,2026-09-25 02:10:10,N,N,624.0,625.0,621.0,623.0,17482.57418845,623.0,624.0,0.0,1.0,buy:missing_bar,match
2026-09-24 09:10:00,1,2026-09-25 02:15:10,2026-09-25 02:15:10,N,Y,623.0,623.0,622.0,623.0,3941.93288254,623.0,,0.0,,buy:rt,match
2026-09-24 09:15:00,1,2026-09-25 02:20:10,2026-09-25 02:20:10,N,Y,622.0,624.0,622.0,624.0,18489.62151319,624.0,,0.0,,buy:rt,match
2026-09-24 09:20:00,1,2026-09-25 02:25:10,2026-09-25 02:25:10,N,Y,623.0,624.0,622.0,623.0,21764.76033684,623.0,,0.0,,buy:rt,match
2026-09-24 09:25:00,1,2026-09-25 02:30:11,2026-09-25 02:30:11,N,Y,623.0,625.0,622.0,625.0,13504.79900983,625.0,623.0,0.0,-2.0,buy:missing_bar,backfill_mismatch
2026-09-24 09:30:00,2,2026-09-25 02:30:11,2026-09-25 02:35:10,N,N,624.0,626.0,623.0,623.0,12190.33238066,623.0,623.0,0.0,0.0,buy:missing_bar,match
2026-09-24 09:35:00,1,2026-09-25 02:40:10,2026-09-25 02:40:10,N,Y,622.0,623.0,621.0,622.0,71829.79849379,622.0,621.0,0.0,-1.0,buy:missing_bar,match
2026-09-24 09:40:00,1,2026-09-25 02:45:10,2026-09-25 02:45:10,N,Y,622.0,622.0,621.0,621.0,9977.82749401,621.0,,0.0,,buy:rt,match
2026-09-24 09:45:00,1,2026-09-25 02:50:10,2026-09-25 02:50:10,N,Y,621.0,622.0,620.0,620.0,23630.03828683,620.0,621.0,0.0,1.0,buy:missing_bar,match
2026-09-24 09:50:00,1,2026-09-25 02:55:10,2026-09-25 02:55:10,N,Y,619.0,621.0,614.0,618.0,155713.80211695,618.0,,0.0,,buy:rt,match
2026-09-24 09:55:00,1,2026-09-25 03:00:11,2026-09-25 03:00:11,N,Y,617.0,619.0,617.0,619.0,27864.70790282,619.0,618.0,0.0,-1.0,buy:missing_bar,match
2026-09-24 10:00:00,1,2026-09-25 03:05:11,2026-09-25 03:05:11,N,Y,620.0,621.0,620.0,621.0,3985.04797862,621.0,,0.0,,buy:rt,match
2026-09-24 10:05:00,1,2026-09-25 03:10:10,2026-09-25 03:10:10,N,Y,621.0,623.0,621.0,623.0,3801.70218769,623.0,,0.0,,buy:rt,match
2026-09-24 10:10:00,1,2026-09-25 03:15:10,2026-09-25 03:15:10,N,Y,622.0,623.0,622.0,623.0,18902.92773066,623.0,622.0,0.0,-1.0,buy:missing_bar,match
2026-09-24 10:15:00,1,2026-09-25 03:20:10,2026-09-25 03:20:10,N,Y,623.0,623.0,621.0,623.0,27971.47254606,623.0,623.0,0.0,0.0,buy:missing_bar,match
2026-09-24 10:20:00,1,2026-09-25 03:25:10,2026-09-25 03:25:10,N,Y,623.0,623.0,621.0,622.0,8948.15819593,622.0,,0.0,,buy:rt,match
2026-09-24 10:25:00,1,2026-09-25 03:30:10,2026-09-25 03:30:10,N,Y,622.0,622.0,622.0,622.0,96.4630225,622.0,,0.0,,buy:rt,match
2026-09-24 10:30:00,1,2026-09-25 03:35:11,2026-09-25 03:35:11,N,Y,623.0,624.0,622.0,624.0,736.19162641,624.0,,0.0,,buy:rt,match
2026-09-24 10:35:00,1,2026-09-25 03:40:11,2026-09-25 03:40:11,N,Y,624.0,626.0,624.0,625.0,3456.69398999,625.0,624.0,0.0,-1.0,buy:missing_bar,match
2026-09-24 10:40:00,1,2026-09-25 03:45:10,2026-09-25 03:45:10,N,Y,624.0,624.0,621.0,621.0,31487.89957461,621.0,,0.0,,buy:rt,match
2026-09-24 10:45:00,1,2026-09-25 03:50:10,2026-09-25 03:50:10,N,Y,621.0,621.0,620.0,620.0,7568.7831452,620.0,,0.0,,buy:rt,match
2026-09-24 10:55:00,1,2026-09-25 03:55:10,2026-09-25 03:55:10,N,Y,622.0,622.0,621.0,622.0,16517.0177945,622.0,622.0,0.0,0.0,buy:missing_bar,match
2026-09-24 11:00:00,1,2026-09-25 04:00:10,2026-09-25 04:00:10,N,Y,621.0,621.0,617.0,617.0,14249.32709904,617.0,,0.0,,buy:rt,match
2026-09-24 11:05:00,1,2026-09-25 04:05:10,2026-09-25 04:05:10,N,Y,619.0,619.0,616.0,617.0,12566.00647337,617.0,,0.0,,buy:rt,match
2026-09-24 11:10:00,1,2026-09-25 04:10:11,2026-09-25 04:10:11,N,Y,620.0,622.0,620.0,622.0,9122.28212991,622.0,,0.0,,buy:rt,match
2026-09-24 11:15:00,1,2026-09-25 04:15:10,2026-09-25 04:15:10,N,Y,623.0,628.0,623.0,628.0,737.61470003,628.0,,0.0,,buy:rt,match
2026-09-24 11:20:00,1,2026-09-25 04:20:06,2026-09-25 04:20:06,N,Y,629.0,630.0,629.0,630.0,45893.04712663,630.0,,0.0,,buy:rt,match
2026-09-24 11:25:00,2,2026-09-25 04:20:06,2026-09-25 04:25:10,N,N,630.0,630.0,629.0,629.0,10109.99461347,629.0,630.0,0.0,1.0,buy:missing_bar,match
2026-09-24 11:30:00,1,2026-09-25 04:30:10,2026-09-25 04:30:10,N,Y,629.0,629.0,629.0,629.0,256.487,629.0,,0.0,,buy:rt,match
2026-09-24 11:35:00,1,2026-09-25 04:35:10,2026-09-25 04:35:10,N,Y,629.0,635.0,629.0,634.0,40299.80838412,634.0,629.0,0.0,-5.0,buy:missing_bar,backfill_mismatch
2026-09-24 11:40:00,1,2026-09-25 04:40:05,2026-09-25 04:40:05,N,Y,634.0,634.0,633.0,633.0,15095.15296853,633.0,,0.0,,buy:rt,match
2026-09-24 11:45:00,2,2026-09-25 04:40:05,2026-09-25 04:45:10,N,N,633.0,636.0,632.0,636.0,20195.0473289,636.0,632.0,0.0,-4.0,buy:missing_bar,backfill_mismatch
2026-09-24 11:50:00,1,2026-09-25 04:50:10,2026-09-25 04:50:10,N,Y,636.0,637.0,635.0,635.0,69443.58177645,635.0,636.0,0.0,1.0,buy:missing_bar,match
2026-09-24 11:55:00,2,2026-09-25 04:50:10,2026-09-25 04:55:10,N,N,635.0,635.0,633.0,633.0,8606.31367797,633.0,635.0,0.0,2.0,buy:missing_bar,backfill_mismatch
2026-09-24 12:00:00,111,2026-09-25 05:00:10,2026-09-25 21:55:10,Y,N,635.0,637.0,635.0,637.0,40486.08650696,637.0,637.0,0.0,0.0,buy:changed_close,match
2026-09-24 12:05:00,112,2026-09-25 05:05:10,2026-09-25 22:00:10,Y,N,636.0,636.0,634.0,634.0,48753.64111237,634.0,634.0,0.0,0.0,buy:changed_close,match
2026-09-24 12:10:00,113,2026-09-25 05:10:11,2026-09-25 22:05:07,Y,N,634.0,635.0,633.0,635.0,505.11901679,635.0,635.0,0.0,0.0,buy:changed_close,match
2026-09-24 12:15:00,114,2026-09-25 05:15:11,2026-09-25 22:10:10,Y,N,634.0,634.0,634.0,634.0,1851.34834157,634.0,634.0,0.0,0.0,buy:changed_close,match
2026-09-24 12:20:00,115,2026-09-25 05:20:10,2026-09-25 22:15:10,Y,N,634.0,634.0,630.0,630.0,1920.87356387,630.0,630.0,0.0,0.0,buy:changed_close,match
2026-09-24 12:25:00,116,2026-09-25 05:25:10,2026-09-25 22:20:11,Y,N,632.0,632.0,632.0,632.0,3364.99446201,632.0,632.0,0.0,0.0,buy:changed_close,match
2026-09-24 12:30:00,117,2026-09-25 05:30:10,2026-09-25 22:25:05,Y,N,632.0,632.0,630.0,630.0,8748.15350746,630.0,630.0,0.0,0.0,buy:changed_close,match
2026-09-24 12:35:00,118,2026-09-25 05:35:05,2026-09-25 22:30:05,Y,N,629.0,630.0,629.0,630.0,3401.39778572,630.0,630.0,0.0,0.0,buy:changed_close,match
2026-09-24 12:45:00,120,2026-09-25 05:35:05,2026-09-25 22:35:11,Y,N,630.0,631.0,630.0,630.0,6221.53629738,630.0,630.0,0.0,0.0,buy:changed_close,match
2026-09-24 12:50:00,120,2026-09-25 05:45:10,2026-09-25 22:40:10,Y,N,630.0,631.0,629.0,631.0,44494.81653654,631.0,631.0,0.0,0.0,buy:changed_close,match
2026-09-24 12:55:00,121,2026-09-25 05:50:10,2026-09-25 22:45:10,Y,N,629.0,629.0,628.0,628.0,2425.90208367,628.0,628.0,0.0,0.0,buy:changed_close,match
2026-09-24 13:00:00,122,2026-09-25 05:55:11,2026-09-25 22:50:05,Y,N,628.0,628.0,628.0,628.0,5051.94264639,628.0,628.0,0.0,0.0,buy:changed_close,match
2026-09-24 13:05:00,123,2026-09-25 06:00:06,2026-09-25 22:55:06,Y,N,628.0,632.0,628.0,632.0,12128.36115349,632.0,632.0,0.0,0.0,buy:changed_close,match
2026-09-24 13:10:00,125,2026-09-25 06:00:06,2026-09-25 23:00:05,Y,N,635.0,635.0,632.0,632.0,403.76870454,632.0,632.0,0.0,0.0,buy:changed_close,match
2026-09-24 13:15:00,125,2026-09-25 06:10:10,2026-09-25 23:05:05,Y,N,632.0,632.0,631.0,631.0,2086.77183619,631.0,631.0,0.0,0.0,buy:changed_close,match
2026-09-24 13:20:00,126,2026-09-25 06:15:10,2026-09-25 23:10:05,Y,N,633.0,634.0,633.0,634.0,3938.33953208,634.0,634.0,0.0,0.0,buy:changed_close,match
2026-09-24 13:25:00,127,2026-09-25 06:20:10,2026-09-25 23:15:05,Y,N,634.0,635.0,634.0,635.0,43719.26911676,635.0,635.0,0.0,0.0,buy:changed_close,match
2026-09-24 13:30:00,128,2026-09-25 06:25:10,2026-09-25 23:20:10,Y,N,634.0,635.0,634.0,635.0,16708.64919217,635.0,635.0,0.0,0.0,buy:changed_close,match
2026-09-24 13:35:00,129,2026-09-25 06:30:10,2026-09-25 23:25:10,Y,N,635.0,635.0,633.0,634.0,11795.82606313,634.0,634.0,0.0,0.0,buy:changed_close,match
2026-09-24 13:40:00,130,2026-09-25 06:35:11,2026-09-25 23:30:10,Y,N,635.0,636.0,635.0,635.0,3220.25483424,635.0,635.0,0.0,0.0,buy:changed_close,match
2026-09-24 13:45:00,131,2026-09-25 06:40:06,2026-09-25 23:35:10,Y,N,635.0,635.0,635.0,635.0,19422.88608908,635.0,635.0,0.0,0.0,buy:changed_close,match
2026-09-24 13:50:00,133,2026-09-25 06:40:06,2026-09-25 23:40:10,Y,N,635.0,635.0,635.0,635.0,15071.34414002,635.0,635.0,0.0,0.0,buy:changed_close,match
2026-09-24 13:55:00,133,2026-09-25 06:50:11,2026-09-25 23:45:10,Y,N,636.0,638.0,636.0,638.0,20256.04145661,638.0,638.0,0.0,0.0,buy:changed_close,match
2026-09-24 14:00:00,134,2026-09-25 06:55:06,2026-09-25 23:50:10,Y,N,637.0,639.0,637.0,639.0,98261.98672391,639.0,639.0,0.0,0.0,buy:changed_close,match
2026-09-24 14:05:00,136,2026-09-25 06:55:06,2026-09-25 23:55:10,Y,N,640.0,641.0,640.0,641.0,5739.59222227,641.0,641.0,0.0,0.0,buy:changed_close,match
2026-09-24 14:10:00,137,2026-09-25 07:00:06,2026-09-26 00:00:05,Y,N,641.0,641.0,640.0,640.0,6479.64812315,640.0,640.0,0.0,0.0,buy:changed_close,match
2026-09-24 14:15:00,137,2026-09-25 07:10:10,2026-09-26 00:05:05,Y,N,639.0,639.0,638.0,639.0,6868.5496871,639.0,639.0,0.0,0.0,buy:changed_close,match
2026-09-24 14:20:00,138,2026-09-25 07:15:10,2026-09-26 00:10:10,Y,N,638.0,639.0,638.0,639.0,4810.48513301,639.0,639.0,0.0,0.0,buy:changed_close,match
2026-09-24 14:25:00,139,2026-09-25 07:20:10,2026-09-26 00:15:05,Y,N,638.0,638.0,637.0,638.0,14620.15881314,638.0,638.0,0.0,0.0,buy:changed_close,match
2026-09-24 14:30:00,140,2026-09-25 07:25:10,2026-09-26 00:20:05,Y,N,638.0,638.0,637.0,637.0,5376.76142645,637.0,637.0,0.0,0.0,buy:changed_close,match
2026-09-24 14:35:00,142,2026-09-25 07:25:10,2026-09-26 00:25:10,Y,N,636.0,636.0,636.0,636.0,1219.17248551,636.0,636.0,0.0,0.0,buy:changed_close,match
2026-09-24 14:40:00,143,2026-09-25 07:30:11,2026-09-26 00:30:11,Y,N,636.0,637.0,636.0,637.0,6489.51255821,637.0,637.0,0.0,0.0,buy:changed_close,match
2026-09-24 14:45:00,143,2026-09-25 07:40:10,2026-09-26 00:35:06,Y,N,636.0,638.0,636.0,637.0,2808.42367847,637.0,637.0,0.0,0.0,buy:changed_close,match
2026-09-24 14:50:00,144,2026-09-25 07:45:10,2026-09-26 00:40:06,Y,N,635.0,636.0,635.0,635.0,16548.52264226,635.0,635.0,0.0,0.0,buy:changed_close,match
2026-09-24 14:55:00,145,2026-09-25 07:50:10,2026-09-26 00:45:10,Y,N,635.0,635.0,634.0,634.0,4317.05755086,634.0,634.0,0.0,0.0,buy:changed_close,match
2026-09-24 15:00:00,147,2026-09-25 07:50:10,2026-09-26 00:50:10,Y,N,634.0,635.0,633.0,635.0,11147.23139195,635.0,635.0,0.0,0.0,buy:changed_close,match
2026-09-24 15:05:00,148,2026-09-25 07:55:05,2026-09-26 00:55:10,Y,N,635.0,639.0,635.0,639.0,1283.42760579,639.0,639.0,0.0,0.0,buy:changed_close,match
2026-09-24 15:10:00,148,2026-09-25 08:05:10,2026-09-26 01:00:11,Y,N,640.0,640.0,640.0,640.0,1712.32549236,640.0,640.0,0.0,0.0,buy:changed_close,match
2026-09-24 15:15:00,149,2026-09-25 08:10:10,2026-09-26 01:05:11,Y,N,637.0,638.0,637.0,638.0,10729.98876507,638.0,638.0,0.0,0.0,buy:changed_close,match
2026-09-24 15:20:00,150,2026-09-25 08:15:10,2026-09-26 01:10:05,Y,N,639.0,639.0,638.0,638.0,2284.31736676,638.0,638.0,0.0,0.0,buy:changed_close,match
2026-09-24 15:25:00,151,2026-09-25 08:20:11,2026-09-26 01:15:11,Y,N,639.0,640.0,638.0,640.0,1326.57855993,640.0,640.0,0.0,0.0,buy:changed_close,match
2026-09-24 15:30:00,152,2026-09-25 08:25:11,2026-09-26 01:20:11,Y,N,638.0,638.0,638.0,638.0,1114.97263205,638.0,638.0,0.0,0.0,buy:changed_close,match
2026-09-24 15:35:00,153,2026-09-25 08:30:10,2026-09-26 01:25:10,Y,N,639.0,639.0,639.0,639.0,23.7655074,639.0,639.0,0.0,0.0,buy:changed_close,match
2026-09-24 15:40:00,155,2026-09-25 08:35:26,2026-09-26 01:30:05,Y,N,639.0,639.0,639.0,639.0,312.98904539,639.0,639.0,0.0,0.0,buy:changed_close,match
2026-09-24 15:45:00,155,2026-09-25 08:45:10,2026-09-26 01:35:10,Y,N,640.0,640.0,640.0,640.0,7.8203125,640.0,640.0,0.0,0.0,buy:changed_close,match
2026-09-24 15:50:00,156,2026-09-25 08:50:10,2026-09-26 01:40:10,Y,N,640.0,641.0,640.0,641.0,23599.06790649,641.0,641.0,0.0,0.0,buy:changed_close,match
2026-09-24 15:55:00,157,2026-09-25 08:55:10,2026-09-26 01:45:11,Y,N,642.0,642.0,642.0,642.0,7.96105919,642.0,642.0,0.0,0.0,buy:changed_close,match
2026-09-24 16:00:00,158,2026-09-25 09:00:11,2026-09-26 01:50:10,Y,N,641.0,641.0,637.0,637.0,16542.7773569,637.0,637.0,0.0,0.0,buy:changed_close,match
2026-09-24 16:05:00,159,2026-09-25 09:05:11,2026-09-26 01:55:10,Y,N,637.0,641.0,637.0,641.0,12258.07207947,641.0,641.0,0.0,0.0,buy:changed_close,match
2026-09-24 16:15:00,160,2026-09-25 09:10:11,2026-09-26 02:00:10,Y,N,641.0,641.0,640.0,640.0,45544.602984,640.0,640.0,0.0,0.0,buy:changed_close,match
2026-09-24 16:20:00,161,2026-09-25 09:15:10,2026-09-26 02:05:10,Y,N,640.0,640.0,637.0,638.0,12918.51437343,638.0,638.0,0.0,0.0,buy:changed_close,match
2026-09-24 16:25:00,162,2026-09-25 09:20:10,2026-09-26 02:10:05,Y,N,638.0,638.0,638.0,638.0,244.43504306,638.0,638.0,0.0,0.0,buy:changed_close,match
2026-09-24 16:30:00,164,2026-09-25 09:20:10,2026-09-26 02:15:10,Y,N,641.0,641.0,641.0,641.0,7.97347893,641.0,641.0,0.0,0.0,buy:changed_close,match
2026-09-24 16:35:00,164,2026-09-25 09:30:05,2026-09-26 02:20:10,Y,N,641.0,641.0,641.0,641.0,2676.39664964,641.0,641.0,0.0,0.0,buy:changed_close,match
2026-09-24 16:40:00,167,2026-09-25 09:30:05,2026-09-26 02:30:10,Y,N,641.0,641.0,639.0,640.0,27487.77505876,640.0,640.0,0.0,0.0,buy:changed_close,match
2026-09-24 16:45:00,168,2026-09-25 09:35:10,2026-09-26 02:35:10,Y,N,641.0,641.0,641.0,641.0,39.17472697,641.0,641.0,0.0,0.0,buy:changed_close,match
2026-09-24 16:50:00,170,2026-09-25 09:40:05,2026-09-26 02:45:11,Y,N,640.0,640.0,640.0,640.0,4511.42876699,640.0,640.0,0.0,0.0,buy:changed_close,match
2026-09-24 16:55:00,170,2026-09-25 09:50:10,2026-09-26 02:50:11,Y,N,641.0,641.0,640.0,640.0,4706.99949421,640.0,640.0,0.0,0.0,buy:changed_close,match
2026-09-24 17:00:00,172,2026-09-25 09:50:10,2026-09-26 02:55:10,Y,N,640.0,641.0,639.0,640.0,3978.78598094,640.0,640.0,0.0,0.0,buy:changed_close,match
2026-09-24 17:05:00,173,2026-09-25 09:55:06,2026-09-26 03:00:10,Y,N,640.0,641.0,638.0,638.0,11193.74798835,638.0,638.0,0.0,0.0,buy:changed_close,match
2026-09-24 17:10:00,173,2026-09-25 10:05:10,2026-09-26 03:05:10,Y,N,639.0,640.0,638.0,639.0,14397.65826414,639.0,639.0,0.0,0.0,buy:changed_close,match
2026-09-24 17:15:00,174,2026-09-25 10:10:10,2026-09-26 03:10:10,Y,N,639.0,640.0,639.0,640.0,23249.29022009,640.0,640.0,0.0,0.0,buy:changed_close,match
2026-09-24 17:20:00,176,2026-09-25 10:10:10,2026-09-26 03:15:10,Y,N,640.0,640.0,638.0,639.0,1091.45555478,639.0,639.0,0.0,0.0,buy:changed_close,match
2026-09-24 17:25:00,176,2026-09-25 10:20:10,2026-09-26 03:20:10,Y,N,639.0,639.0,634.0,634.0,24875.78280849,634.0,634.0,0.0,0.0,buy:changed_close,match
2026-09-24 17:30:00,178,2026-09-25 10:25:10,2026-09-26 03:30:10,Y,N,634.0,636.0,633.0,633.0,21095.10927203,633.0,633.0,0.0,0.0,buy:changed_close,match
2026-09-24 17:35:00,179,2026-09-25 10:30:11,2026-09-26 03:35:10,Y,N,633.0,634.0,632.0,632.0,8882.00463485,632.0,632.0,0.0,0.0,buy:changed_close,match
2026-09-24 17:40:00,181,2026-09-25 10:30:11,2026-09-26 03:40:10,Y,N,634.0,634.0,631.0,631.0,13814.61220575,631.0,631.0,0.0,0.0,buy:changed_close,match
2026-09-24 17:45:00,181,2026-09-25 10:40:06,2026-09-26 03:45:10,Y,N,631.0,632.0,628.0,630.0,44109.23559209,630.0,630.0,0.0,0.0,buy:changed_close,match
2026-09-24 17:50:00,184,2026-09-25 10:40:06,2026-09-26 03:55:11,Y,N,628.0,634.0,628.0,634.0,8312.39782229,634.0,634.0,0.0,0.0,buy:changed_close,match
2026-09-24 17:55:00,184,2026-09-25 10:50:11,2026-09-26 04:00:06,Y,N,633.0,634.0,633.0,634.0,1104.10094636,634.0,634.0,0.0,0.0,buy:changed_close,match
2026-09-24 18:00:00,185,2026-09-25 10:55:10,2026-09-26 04:05:11,Y,N,634.0,634.0,631.0,631.0,6260.97572403,631.0,631.0,0.0,0.0,buy:changed_close,match
2026-09-24 18:05:00,186,2026-09-25 11:00:10,2026-09-26 04:10:11,Y,N,631.0,631.0,630.0,631.0,10161.55924334,631.0,631.0,0.0,0.0,buy:changed_close,match
2026-09-24 18:10:00,187,2026-09-25 11:05:05,2026-09-26 04:15:06,Y,N,630.0,630.0,625.0,625.0,17060.59199484,625.0,625.0,0.0,0.0,buy:changed_close,match
2026-09-24 18:15:00,189,2026-09-25 11:05:05,2026-09-26 04:20:05,Y,N,625.0,625.0,622.0,623.0,88791.89343352,623.0,623.0,0.0,0.0,buy:changed_close,match
2026-09-24 18:20:00,189,2026-09-25 11:15:10,2026-09-26 04:25:06,Y,N,623.0,625.0,623.0,624.0,9302.53111219,624.0,624.0,0.0,0.0,buy:changed_close,match
2026-09-24 18:25:00,190,2026-09-25 11:20:10,2026-09-26 04:30:07,Y,N,624.0,624.0,623.0,624.0,59126.67697848,624.0,624.0,0.0,0.0,buy:changed_close,match
2026-09-24 18:30:00,191,2026-09-25 11:25:11,2026-09-26 04:35:10,Y,N,622.0,622.0,619.0,620.0,25797.50563313,620.0,620.0,0.0,0.0,buy:changed_close,match
2026-09-24 18:35:00,192,2026-09-25 11:30:10,2026-09-26 04:40:10,Y,N,620.0,624.0,620.0,623.0,16162.83617005,623.0,623.0,0.0,0.0,buy:changed_close,match
2026-09-24 18:40:00,193,2026-09-25 11:35:10,2026-09-26 04:45:06,Y,N,624.0,624.0,623.0,624.0,10818.33260297,624.0,624.0,0.0,0.0,buy:changed_close,match
2026-09-24 18:45:00,194,2026-09-25 11:40:05,2026-09-26 04:50:05,Y,N,623.0,624.0,622.0,622.0,345.94157702,622.0,622.0,0.0,0.0,buy:changed_close,match
2026-09-24 18:50:00,196,2026-09-25 11:40:05,2026-09-26 04:55:10,Y,N,623.0,627.0,623.0,626.0,19293.97650132,626.0,626.0,0.0,0.0,buy:changed_close,match
2026-09-24 18:55:00,196,2026-09-25 11:50:10,2026-09-26 05:00:06,Y,N,625.0,625.0,625.0,625.0,3703.33753123,625.0,625.0,0.0,0.0,buy:changed_close,match
2026-09-24 19:00:00,197,2026-09-25 11:55:05,2026-09-26 05:05:10,Y,N,624.0,626.0,624.0,624.0,596.15640752,624.0,624.0,0.0,0.0,buy:changed_close,match
2026-09-24 19:05:00,199,2026-09-25 11:55:05,2026-09-26 05:10:11,Y,N,624.0,624.0,620.0,622.0,4178.79351369,622.0,622.0,0.0,0.0,buy:changed_close,match
2026-09-24 19:10:00,199,2026-09-25 12:05:10,2026-09-26 05:15:11,Y,N,623.0,624.0,623.0,624.0,3491.28401603,624.0,624.0,0.0,0.0,buy:changed_close,match
2026-09-24 19:15:00,201,2026-09-25 12:05:10,2026-09-26 05:20:06,Y,N,623.0,623.0,623.0,623.0,12.51863284,623.0,623.0,0.0,0.0,buy:changed_close,match
2026-09-24 19:20:00,201,2026-09-25 12:15:11,2026-09-26 05:25:11,Y,N,622.0,622.0,622.0,622.0,1087.65510578,622.0,622.0,0.0,0.0,buy:changed_close,match
2026-09-24 19:25:00,202,2026-09-25 12:20:11,2026-09-26 05:30:11,Y,N,622.0,622.0,622.0,622.0,12.54701949,622.0,622.0,0.0,0.0,buy:changed_close,match
2026-09-24 19:30:00,203,2026-09-25 12:25:11,2026-09-26 05:35:11,Y,N,623.0,623.0,621.0,621.0,616.55565233,621.0,621.0,0.0,0.0,buy:changed_close,match
2026-09-24 19:35:00,205,2026-09-25 12:25:11,2026-09-26 05:40:06,Y,N,621.0,623.0,621.0,622.0,4058.02667942,622.0,622.0,0.0,0.0,buy:changed_close,match
2026-09-24 19:40:00,205,2026-09-25 12:35:10,2026-09-26 05:45:06,Y,N,623.0,624.0,623.0,623.0,1778.37683142,623.0,623.0,0.0,0.0,buy:changed_close,match
2026-09-24 19:45:00,206,2026-09-25 12:40:10,2026-09-26 05:50:06,Y,N,623.0,623.0,623.0,623.0,94.0,623.0,623.0,0.0,0.0,buy:changed_close,match
2026-09-24 19:50:00,206,2026-09-25 12:50:34,2026-09-26 05:55:06,Y,N,625.0,625.0,625.0,625.0,8.008,625.0,625.0,0.0,0.0,buy:changed_close,match
2026-09-25 12:45:00,2,2026-09-26 05:55:06,2026-09-26 06:00:10,N,N,665.0,666.0,663.0,666.0,12685.59447941,666.0,,0.0,,buy:rt,match
2026-09-25 12:50:00,1,2026-09-26 06:05:11,2026-09-26 06:05:11,N,Y,667.0,667.0,667.0,667.0,11834.9042,667.0,,0.0,,buy:rt,match
2026-09-25 12:55:00,2,2026-09-26 06:05:11,2026-09-26 06:10:11,N,N,670.0,670.0,668.0,668.0,3602.42491787,668.0,670.0,0.0,2.0,buy:missing_bar,backfill_mismatch
2026-09-25 13:00:00,1,2026-09-26 06:15:06,2026-09-26 06:15:06,N,Y,668.0,669.0,666.0,667.0,1453.13276389,667.0,,0.0,,buy:rt,match
2026-09-25 13:05:00,2,2026-09-26 06:15:06,2026-09-26 06:20:11,N,N,670.0,670.0,669.0,669.0,717.02275492,669.0,,0.0,,buy:rt,match
2026-09-25 13:10:00,1,2026-09-26 06:25:11,2026-09-26 06:25:11,N,Y,668.0,668.0,668.0,668.0,2989.53662183,668.0,,0.0,,buy:rt,match
2026-09-25 13:15:00,1,2026-09-26 06:30:10,2026-09-26 06:30:10,N,Y,667.0,671.0,667.0,671.0,3666.80706141,671.0,667.0,0.0,-4.0,buy:missing_bar,backfill_mismatch
2026-09-25 13:20:00,1,2026-09-26 06:35:10,2026-09-26 06:35:10,N,Y,671.0,671.0,670.0,671.0,7908.81688251,671.0,671.0,0.0,0.0,buy:missing_bar,match
2026-09-25 13:30:00,1,2026-09-26 06:40:10,2026-09-26 06:40:10,N,Y,673.0,673.0,671.0,673.0,522.62903471,673.0,673.0,0.0,0.0,buy:missing_bar,match
2026-09-25 13:40:00,1,2026-09-26 06:45:10,2026-09-26 06:45:10,N,Y,677.0,678.0,676.0,677.0,528.45763214,677.0,677.0,0.0,0.0,buy:missing_bar,match
2026-09-25 13:45:00,1,2026-09-26 06:50:10,2026-09-26 06:50:10,N,Y,679.0,679.0,677.0,677.0,1150.13619059,677.0,,0.0,,buy:rt,match
2026-09-25 13:50:00,1,2026-09-26 06:55:11,2026-09-26 06:55:11,N,Y,677.0,678.0,677.0,678.0,6658.47479078,678.0,677.0,0.0,-1.0,buy:missing_bar,match
2026-09-25 13:55:00,1,2026-09-26 07:00:11,2026-09-26 07:00:11,N,Y,679.0,679.0,677.0,677.0,3036.32722083,677.0,,0.0,,buy:rt,match
2026-09-25 14:00:00,2,2026-09-26 07:00:11,2026-09-26 07:05:06,N,N,676.0,678.0,675.0,675.0,349.01806491,675.0,676.0,0.0,1.0,buy:missing_bar,match
2026-09-25 14:05:00,2,2026-09-26 07:05:06,2026-09-26 07:10:10,N,N,675.0,676.0,675.0,676.0,1398.2941869,676.0,,0.0,,buy:rt,match
2026-09-25 14:10:00,1,2026-09-26 07:15:11,2026-09-26 07:15:11,N,Y,679.0,679.0,676.0,676.0,8370.07737261,676.0,,0.0,,buy:rt,match
2026-09-25 14:15:00,1,2026-09-26 07:20:11,2026-09-26 07:20:11,N,Y,676.0,677.0,676.0,677.0,7750.07559495,677.0,,0.0,,buy:rt,match
2026-09-25 14:20:00,1,2026-09-26 07:25:11,2026-09-26 07:25:11,N,Y,676.0,676.0,675.0,675.0,10777.96474814,675.0,,0.0,,buy:rt,match
2026-09-25 14:25:00,2,2026-09-26 07:25:11,2026-09-26 07:30:06,N,N,675.0,676.0,675.0,675.0,2525.40466052,675.0,,0.0,,buy:rt,match
2026-09-25 14:30:00,2,2026-09-26 07:30:06,2026-09-26 07:35:11,N,N,676.0,676.0,674.0,674.0,59.91423194,674.0,,0.0,,buy:rt,match
2026-09-25 14:35:00,1,2026-09-26 07:40:11,2026-09-26 07:40:11,N,Y,675.0,679.0,675.0,679.0,14517.89906101,679.0,,0.0,,buy:rt,match
2026-09-25 14:40:00,2,2026-09-26 07:40:11,2026-09-26 07:45:11,N,N,677.0,677.0,677.0,677.0,7.39290989,677.0,,0.0,,buy:rt,match
2026-09-25 14:45:00,1,2026-09-26 07:50:11,2026-09-26 07:50:11,N,Y,677.0,679.0,676.0,679.0,180.08598015,679.0,,0.0,,buy:rt,match
2026-09-25 14:50:00,1,2026-09-26 07:55:05,2026-09-26 07:55:05,N,Y,678.0,678.0,678.0,678.0,1000.0,678.0,,0.0,,buy:rt,match
2026-09-25 14:55:00,2,2026-09-26 07:55:05,2026-09-26 08:00:10,N,N,677.0,677.0,676.0,676.0,16.0,676.0,,0.0,,buy:rt,match
2026-09-25 15:00:00,2,2026-09-26 08:00:10,2026-09-26 08:05:05,N,N,678.0,680.0,678.0,680.0,8932.48593793,680.0,,0.0,,buy:rt,match
2026-09-25 15:05:00,2,2026-09-26 08:05:05,2026-09-26 08:10:05,N,N,679.0,679.0,679.0,679.0,162.0029455,679.0,,0.0,,buy:rt,match
2026-09-25 15:10:00,2,2026-09-26 08:10:05,2026-09-26 08:15:11,N,N,678.0,678.0,676.0,677.0,1633.4493669,677.0,,0.0,,buy:rt,match
2026-09-25 15:15:00,2,2026-09-26 08:15:11,2026-09-26 08:20:06,N,N,680.0,681.0,680.0,681.0,3359.51118667,681.0,,0.0,,buy:rt,match
2026-09-25 15:20:00,2,2026-09-26 08:20:06,2026-09-26 08:25:06,N,N,682.0,685.0,682.0,685.0,4031.37304072,685.0,,0.0,,buy:rt,match
2026-09-25 15:25:00,2,2026-09-26 08:25:06,2026-09-26 08:30:11,N,N,685.0,686.0,683.0,686.0,2522.85330419,686.0,,0.0,,buy:rt,match
2026-09-25 15:30:00,1,2026-09-26 08:35:10,2026-09-26 08:35:10,N,Y,685.0,687.0,685.0,687.0,2879.9429445,687.0,,0.0,,buy:rt,match
2026-09-25 15:35:00,1,2026-09-26 08:40:10,2026-09-26 08:40:10,N,Y,684.0,684.0,681.0,682.0,11484.99461294,682.0,,0.0,,buy:rt,match
2026-09-25 15:40:00,1,2026-09-26 08:45:10,2026-09-26 08:45:10,N,Y,682.0,683.0,682.0,683.0,49926.00894098,683.0,,0.0,,buy:rt,match
2026-09-25 15:45:00,1,2026-09-26 08:50:05,2026-09-26 08:50:05,N,Y,684.0,684.0,681.0,681.0,11536.87082975,681.0,684.0,0.0,3.0,buy:missing_bar,backfill_mismatch
2026-09-25 15:50:00,2,2026-09-26 08:50:05,2026-09-26 08:55:10,N,N,684.0,684.0,683.0,683.0,7124.72106458,683.0,,0.0,,buy:rt,match
2026-09-25 15:55:00,2,2026-09-26 08:55:10,2026-09-26 09:00:06,N,N,683.0,683.0,682.0,682.0,1723.21857837,682.0,,0.0,,buy:rt,match
2026-09-25 16:00:00,2,2026-09-26 09:00:06,2026-09-26 09:05:06,N,N,683.0,683.0,682.0,683.0,2334.24009548,683.0,,0.0,,buy:rt,match
2026-09-25 16:05:00,2,2026-09-26 09:05:06,2026-09-26 09:10:11,N,N,684.0,685.0,679.0,681.0,43067.28875935,681.0,,0.0,,buy:rt,match
2026-09-25 16:10:00,2,2026-09-26 09:10:11,2026-09-26 09:15:11,N,N,683.0,683.0,682.0,682.0,3792.91719593,682.0,,0.0,,buy:rt,match
2026-09-25 16:15:00,2,2026-09-26 09:15:11,2026-09-26 09:20:11,N,N,684.0,691.0,684.0,688.0,62454.19865761,688.0,,0.0,,buy:rt,match
2026-09-25 16:20:00,2,2026-09-26 09:20:11,2026-09-26 09:25:05,N,N,687.0,691.0,686.0,691.0,29914.51370183,691.0,,0.0,,buy:rt,match
2026-09-25 16:25:00,2,2026-09-26 09:25:05,2026-09-26 09:30:05,N,N,691.0,694.0,690.0,693.0,80559.14147966,693.0,,0.0,,buy:rt,match
2026-09-25 16:30:00,2,2026-09-26 09:30:05,2026-09-26 09:35:11,N,N,693.0,693.0,689.0,689.0,43128.33913612,689.0,,0.0,,buy:rt,match
2026-09-25 16:35:00,2,2026-09-26 09:35:11,2026-09-26 09:40:10,N,N,688.0,688.0,684.0,685.0,7381.31088645,685.0,,0.0,,buy:rt,match
2026-09-25 16:40:00,1,2026-09-26 09:45:10,2026-09-26 09:45:10,N,Y,686.0,687.0,686.0,687.0,51621.75205276,687.0,,0.0,,buy:rt,match
2026-09-25 16:45:00,1,2026-09-26 09:50:10,2026-09-26 09:50:10,N,Y,687.0,691.0,687.0,691.0,4318.64059101,691.0,,0.0,,buy:rt,match
2026-09-25 16:50:00,2,2026-09-26 09:50:10,2026-09-26 09:55:10,N,N,691.0,692.0,691.0,692.0,9770.02981724,692.0,691.0,0.0,-1.0,buy:missing_bar,match
2026-09-25 16:55:00,2,2026-09-26 09:55:10,2026-09-26 10:00:05,N,N,692.0,692.0,690.0,691.0,113285.98786977,691.0,692.0,0.0,1.0,buy:missing_bar,match
2026-09-25 17:00:00,2,2026-09-26 10:00:05,2026-09-26 10:05:05,N,N,690.0,691.0,689.0,691.0,83013.50185119,691.0,691.0,0.0,0.0,buy:missing_bar,match
2026-09-25 17:05:00,2,2026-09-26 10:05:05,2026-09-26 10:10:10,N,N,691.0,691.0,686.0,690.0,30342.35253943,690.0,691.0,0.0,1.0,buy:missing_bar,match
2026-09-25 17:10:00,1,2026-09-26 10:15:05,2026-09-26 10:15:05,N,Y,691.0,693.0,690.0,690.0,1069.11795867,690.0,691.0,0.0,1.0,buy:missing_bar,match
2026-09-25 17:15:00,2,2026-09-26 10:15:05,2026-09-26 10:20:11,N,N,692.0,694.0,692.0,693.0,21309.78187663,693.0,,0.0,,buy:rt,match
2026-09-25 17:20:00,2,2026-09-26 10:20:11,2026-09-26 10:25:06,N,N,693.0,694.0,692.0,692.0,176768.02866218,692.0,693.0,0.0,1.0,buy:missing_bar,match
2026-09-25 17:25:00,2,2026-09-26 10:25:06,2026-09-26 10:30:10,N,N,692.0,694.0,692.0,694.0,27361.59288606,694.0,692.0,0.0,-2.0,buy:missing_bar,backfill_mismatch
2026-09-25 17:30:00,1,2026-09-26 10:35:10,2026-09-26 10:35:10,N,Y,695.0,697.0,694.0,697.0,16540.29726264,697.0,,0.0,,buy:rt,match
2026-09-25 17:35:00,1,2026-09-26 10:40:10,2026-09-26 10:40:10,N,Y,695.0,696.0,694.0,696.0,2911.35707764,696.0,,0.0,,buy:rt,match
2026-09-25 17:40:00,1,2026-09-26 10:45:10,2026-09-26 10:45:10,N,Y,696.0,700.0,695.0,699.0,138939.97955376,699.0,697.0,0.0,-2.0,buy:missing_bar,backfill_mismatch
2026-09-25 17:45:00,1,2026-09-26 10:50:10,2026-09-26 10:50:10,N,Y,699.0,702.0,698.0,701.0,61396.89179792,701.0,699.0,0.0,-2.0,buy:missing_bar,backfill_mismatch
2026-09-25 17:50:00,1,2026-09-26 10:55:05,2026-09-26 10:55:05,N,Y,701.0,706.0,700.0,706.0,60524.01309219,706.0,700.0,0.0,-6.0,buy:missing_bar,backfill_mismatch
2026-09-25 17:55:00,2,2026-09-26 10:55:05,2026-09-26 11:00:10,N,N,706.0,706.0,704.0,706.0,40972.15870361,706.0,706.0,0.0,0.0,buy:missing_bar,match
2026-09-25 18:00:00,2,2026-09-26 11:00:10,2026-09-26 11:05:10,N,N,706.0,707.0,704.0,704.0,126481.93827581,704.0,706.0,0.0,2.0,buy:missing_bar,backfill_mismatch
2026-09-25 18:05:00,2,2026-09-26 11:05:10,2026-09-26 11:10:10,N,N,703.0,708.0,703.0,707.0,73135.26007995,707.0,,0.0,,buy:rt,match
2026-09-25 18:10:00,1,2026-09-26 11:15:10,2026-09-26 11:15:10,N,Y,707.0,710.0,705.0,708.0,97791.54965569,708.0,707.0,0.0,-1.0,buy:missing_bar,match
2026-09-25 18:15:00,2,2026-09-26 11:15:10,2026-09-26 11:20:10,N,N,708.0,708.0,704.0,705.0,70076.35190089,705.0,707.0,0.0,2.0,buy:missing_bar,backfill_mismatch
2026-09-25 18:20:00,2,2026-09-26 11:20:10,2026-09-26 11:25:10,N,N,704.0,706.0,702.0,706.0,53075.42772172,706.0,,0.0,,buy:rt,match
2026-09-25 18:25:00,1,2026-09-26 11:30:05,2026-09-26 11:30:05,N,Y,705.0,711.0,705.0,711.0,81529.31602767,711.0,,0.0,,buy:rt,match
2026-09-25 18:30:00,2,2026-09-26 11:30:05,2026-09-26 11:35:10,N,N,711.0,712.0,709.0,709.0,114952.34016135,709.0,711.0,0.0,2.0,buy:missing_bar,backfill_mismatch
2026-09-25 18:35:00,1,2026-09-26 11:40:10,2026-09-26 11:40:10,N,Y,709.0,717.0,709.0,717.0,112764.72053857,717.0,709.0,0.0,-8.0,buy:missing_bar,backfill_mismatch
2026-09-25 18:40:00,2,2026-09-26 11:40:10,2026-09-26 11:45:06,N,N,715.0,720.0,715.0,718.0,287409.33045519,718.0,716.0,0.0,-2.0,buy:missing_bar,backfill_mismatch
2026-09-25 18:45:00,2,2026-09-26 11:45:06,2026-09-26 11:50:10,N,N,718.0,730.0,717.0,730.0,233094.59598052,730.0,718.0,0.0,-12.0,buy:missing_bar,backfill_mismatch
2026-09-25 18:50:00,1,2026-09-26 11:55:10,2026-09-26 11:55:10,N,Y,728.0,729.0,724.0,724.0,240088.18321105,724.0,727.0,0.0,3.0,buy:missing_bar,backfill_mismatch
2026-09-25 18:55:00,1,2026-09-26 12:00:11,2026-09-26 12:00:11,N,Y,726.0,727.0,723.0,723.0,124387.36038243,723.0,,0.0,,buy:rt,match
2026-09-25 19:00:00,2,2026-09-26 12:00:11,2026-09-26 12:05:11,N,N,723.0,729.0,721.0,727.0,189768.8610215,727.0,723.0,0.0,-4.0,buy:missing_bar,backfill_mismatch
2026-09-25 19:05:00,1,2026-09-26 12:10:10,2026-09-26 12:10:10,N,Y,726.0,729.0,724.0,728.0,139627.91172168,728.0,726.0,0.0,-2.0,buy:missing_bar,backfill_mismatch
2026-09-25 19:10:00,1,2026-09-26 12:15:05,2026-09-26 12:15:05,N,Y,728.0,729.0,723.0,727.0,170806.70289671,727.0,728.0,0.0,1.0,buy:missing_bar,match
2026-09-25 19:15:00,2,2026-09-26 12:15:05,2026-09-26 12:20:10,N,N,725.0,726.0,719.0,719.0,118238.20700552,719.0,,0.0,,buy:rt,match
2026-09-25 19:20:00,1,2026-09-26 12:25:10,2026-09-26 12:25:10,N,Y,719.0,728.0,719.0,728.0,86866.69630551,728.0,719.0,0.0,-9.0,buy:missing_bar,backfill_mismatch
2026-09-25 19:25:00,1,2026-09-26 12:30:05,2026-09-26 12:30:05,N,Y,729.0,738.0,729.0,736.0,247745.62763902,736.0,730.0,0.0,-6.0,buy:missing_bar,backfill_mismatch
2026-09-25 19:30:00,2,2026-09-26 12:30:05,2026-09-26 12:35:10,N,N,736.0,739.0,733.0,736.0,109983.15891186,736.0,736.0,0.0,0.0,buy:missing_bar,match
2026-09-25 19:35:00,1,2026-09-26 12:40:10,2026-09-26 12:40:10,N,Y,736.0,745.0,736.0,741.0,297974.89691529,741.0,738.0,0.0,-3.0,buy:missing_bar,backfill_mismatch
2026-09-25 19:40:00,1,2026-09-26 12:45:05,2026-09-26 12:45:05,N,Y,741.0,744.0,739.0,739.0,215636.24641342,739.0,742.0,0.0,3.0,buy:missing_bar,backfill_mismatch
2026-09-25 19:45:00,2,2026-09-26 12:45:05,2026-09-26 12:50:10,N,N,739.0,746.0,737.0,744.0,111863.19955889,744.0,,0.0,,buy:rt,match
2026-09-25 19:50:00,2,2026-09-26 12:50:10,2026-09-26 12:55:05,N,N,743.0,746.0,739.0,743.0,74293.10773831,743.0,,0.0,,buy:rt,match
2026-09-25 19:55:00,2,2026-09-26 12:55:05,2026-09-26 13:00:10,N,N,743.0,745.0,740.0,744.0,104697.77613521,744.0,742.0,0.0,-2.0,buy:missing_bar,backfill_mismatch
2026-09-25 20:00:00,1,2026-09-26 13:05:10,2026-09-26 13:05:10,N,Y,745.0,747.0,739.0,741.0,120330.77563179,741.0,745.0,0.0,4.0,buy:missing_bar,backfill_mismatch
2026-09-25 20:05:00,1,2026-09-26 13:10:05,2026-09-26 13:10:05,N,Y,740.0,751.0,740.0,747.0,227113.82086594,747.0,740.0,0.0,-7.0,buy:missing_bar,backfill_mismatch
2026-09-25 20:10:00,2,2026-09-26 13:10:05,2026-09-26 13:15:10,N,N,748.0,753.0,747.0,750.0,73505.8765185,750.0,,0.0,,buy:rt,match
2026-09-25 20:15:00,1,2026-09-26 13:20:10,2026-09-26 13:20:10,N,Y,750.0,751.0,745.0,745.0,110746.41280375,745.0,750.0,0.0,5.0,buy:missing_bar,backfill_mismatch
2026-09-25 20:20:00,1,2026-09-26 13:25:05,2026-09-26 13:25:05,N,Y,746.0,749.0,729.0,732.0,298636.68577287,732.0,746.0,0.0,14.0,buy:missing_bar,backfill_mismatch
2026-09-25 20:25:00,2,2026-09-26 13:25:05,2026-09-26 13:30:10,N,N,733.0,735.0,725.0,727.0,127983.00117572,727.0,733.0,0.0,6.0,buy:missing_bar,backfill_mismatch
2026-09-25 20:30:00,1,2026-09-26 13:35:05,2026-09-26 13:35:05,N,Y,727.0,729.0,722.0,724.0,360777.0522109,724.0,727.0,0.0,3.0,buy:missing_bar,backfill_mismatch
2026-09-25 20:35:00,2,2026-09-26 13:35:05,2026-09-26 13:40:10,N,N,726.0,735.0,726.0,734.0,69307.67526886,734.0,728.0,0.0,-6.0,buy:missing_bar,backfill_mismatch
2026-09-25 20:40:00,2,2026-09-26 13:40:10,2026-09-26 13:45:10,N,N,733.0,736.0,732.0,733.0,89356.10588862,733.0,733.0,0.0,0.0,buy:missing_bar,match
2026-09-25 20:45:00,1,2026-09-26 13:50:10,2026-09-26 13:50:10,N,Y,733.0,734.0,730.0,730.0,34058.99702946,730.0,,0.0,,buy:rt,match
2026-09-25 20:50:00,2,2026-09-26 13:50:10,2026-09-26 13:55:10,N,N,730.0,737.0,729.0,733.0,56331.7212623,733.0,730.0,0.0,-3.0,buy:missing_bar,backfill_mismatch
2026-09-25 20:55:00,1,2026-09-26 14:00:10,2026-09-26 14:00:10,N,Y,733.0,735.0,732.0,733.0,22171.63230939,733.0,733.0,0.0,0.0,buy:missing_bar,match
2026-09-25 21:00:00,2,2026-09-26 14:00:10,2026-09-26 14:05:10,N,N,733.0,738.0,730.0,732.0,54567.62654785,732.0,733.0,0.0,1.0,buy:missing_bar,match
2026-09-25 21:05:00,2,2026-09-26 14:05:10,2026-09-26 14:10:05,N,N,731.0,735.0,728.0,732.0,14297.76470493,732.0,,0.0,,buy:rt,match
2026-09-25 21:10:00,2,2026-09-26 14:10:05,2026-09-26 14:15:10,N,N,735.0,735.0,729.0,735.0,59685.167897,735.0,735.0,0.0,0.0,buy:missing_bar,match
2026-09-25 21:15:00,1,2026-09-26 14:20:10,2026-09-26 14:20:10,N,Y,736.0,736.0,725.0,729.0,74027.3621414,729.0,,0.0,,buy:rt,match
2026-09-25 21:20:00,1,2026-09-26 14:25:10,2026-09-26 14:25:10,N,Y,727.0,734.0,727.0,734.0,30188.08180061,734.0,,0.0,,buy:rt,match
2026-09-25 21:25:00,1,2026-09-26 14:30:11,2026-09-26 14:30:11,N,Y,734.0,735.0,732.0,734.0,21518.76374954,734.0,,0.0,,buy:rt,match
2026-09-25 21:30:00,1,2026-09-26 14:35:11,2026-09-26 14:35:11,N,Y,734.0,735.0,730.0,731.0,41173.21805994,731.0,734.0,0.0,3.0,buy:missing_bar,backfill_mismatch
2026-09-25 21:35:00,1,2026-09-26 14:40:11,2026-09-26 14:40:11,N,Y,730.0,732.0,729.0,732.0,21608.14331383,732.0,730.0,0.0,-2.0,buy:missing_bar,backfill_mismatch
2026-09-25 21:40:00,1,2026-09-26 14:45:10,2026-09-26 14:45:10,N,Y,730.0,730.0,724.0,724.0,42757.52300357,724.0,,0.0,,buy:rt,match
2026-09-25 21:45:00,1,2026-09-26 14:50:11,2026-09-26 14:50:11,N,Y,726.0,730.0,726.0,729.0,61690.87117141,729.0,727.0,0.0,-2.0,buy:missing_bar,backfill_mismatch
2026-09-25 21:50:00,2,2026-09-26 14:50:11,2026-09-26 14:55:11,N,N,729.0,730.0,728.0,728.0,23136.6573975,728.0,,0.0,,buy:rt,match
2026-09-25 21:55:00,2,2026-09-26 14:55:11,2026-09-26 15:00:06,N,N,728.0,732.0,727.0,731.0,11441.47994475,731.0,,0.0,,buy:rt,match
2026-09-25 22:00:00,2,2026-09-26 15:00:06,2026-09-26 15:05:10,N,N,731.0,736.0,726.0,734.0,51871.78761235,734.0,,0.0,,buy:rt,match
2026-09-25 22:05:00,1,2026-09-26 15:10:10,2026-09-26 15:10:10,N,Y,734.0,736.0,733.0,735.0,51343.9887535,735.0,734.0,0.0,-1.0,buy:missing_bar,match
2026-09-25 22:10:00,1,2026-09-26 15:15:06,2026-09-26 15:15:06,N,Y,735.0,735.0,731.0,731.0,35274.29861595,731.0,,0.0,,buy:rt,match
2026-09-25 22:15:00,2,2026-09-26 15:15:06,2026-09-26 15:20:10,N,N,733.0,733.0,729.0,729.0,10709.87370656,729.0,,0.0,,buy:rt,match
2026-09-25 22:20:00,1,2026-09-26 15:25:10,2026-09-26 15:25:10,N,Y,728.0,729.0,726.0,727.0,105789.39453862,727.0,,0.0,,buy:rt,match
2026-09-25 22:25:00,1,2026-09-26 15:30:11,2026-09-26 15:30:11,N,Y,726.0,726.0,718.0,722.0,188541.61491655,722.0,726.0,0.0,4.0,buy:missing_bar,backfill_mismatch
2026-09-25 22:30:00,1,2026-09-26 15:35:11,2026-09-26 15:35:11,N,Y,722.0,725.0,719.0,725.0,39695.85756085,725.0,721.0,0.0,-4.0,buy:missing_bar,backfill_mismatch
2026-09-25 22:35:00,1,2026-09-26 15:40:11,2026-09-26 15:40:11,N,Y,725.0,732.0,725.0,725.0,13920.28324538,725.0,725.0,0.0,0.0,buy:missing_bar,match
2026-09-25 22:40:00,2,2026-09-26 15:40:11,2026-09-26 15:45:11,N,N,725.0,726.0,722.0,723.0,26370.77813564,723.0,,0.0,,buy:rt,match
2026-09-25 22:45:00,1,2026-09-26 15:50:06,2026-09-26 15:50:06,N,Y,721.0,723.0,717.0,719.0,54289.97048401,719.0,,0.0,,buy:rt,match
2026-09-25 22:50:00,2,2026-09-26 15:50:06,2026-09-26 15:55:11,N,N,719.0,725.0,719.0,725.0,36154.15635911,725.0,719.0,0.0,-6.0,buy:missing_bar,backfill_mismatch
2026-09-25 22:55:00,1,2026-09-26 16:00:11,2026-09-26 16:00:11,N,Y,724.0,726.0,722.0,726.0,11509.54032596,726.0,725.0,0.0,-1.0,buy:missing_bar,match
2026-09-25 23:00:00,1,2026-09-26 16:05:10,2026-09-26 16:05:10,N,Y,726.0,728.0,714.0,716.0,102811.14119842,716.0,726.0,0.0,10.0,buy:missing_bar,backfill_mismatch
2026-09-25 23:05:00,1,2026-09-26 16:10:10,2026-09-26 16:10:10,N,Y,717.0,726.0,716.0,726.0,27378.08670204,726.0,717.0,0.0,-9.0,buy:missing_bar,backfill_mismatch
2026-09-25 23:10:00,1,2026-09-26 16:15:10,2026-09-26 16:15:10,N,Y,726.0,727.0,723.0,723.0,46884.85391326,723.0,726.0,0.0,3.0,buy:missing_bar,backfill_mismatch
2026-09-25 23:15:00,1,2026-09-26 16:20:10,2026-09-26 16:20:10,N,Y,723.0,724.0,718.0,719.0,17976.47579846,719.0,723.0,0.0,4.0,buy:missing_bar,backfill_mismatch
2026-09-25 23:20:00,1,2026-09-26 16:25:10,2026-09-26 16:25:10,N,Y,719.0,726.0,719.0,723.0,11171.18995105,723.0,719.0,0.0,-4.0,buy:missing_bar,backfill_mismatch
2026-09-25 23:25:00,2,2026-09-26 16:25:10,2026-09-26 16:30:10,N,N,723.0,725.0,723.0,725.0,29656.1157534,725.0,,0.0,,buy:rt,match
2026-09-25 23:30:00,1,2026-09-26 16:35:10,2026-09-26 16:35:10,N,Y,725.0,729.0,725.0,729.0,26362.1409502,729.0,,0.0,,buy:rt,match
2026-09-25 23:35:00,2,2026-09-26 16:35:10,2026-09-26 16:40:10,N,N,728.0,728.0,724.0,724.0,21616.58643499,724.0,728.0,0.0,4.0,buy:missing_bar,backfill_mismatch
2026-09-25 23:40:00,1,2026-09-26 16:45:10,2026-09-26 16:45:10,N,Y,722.0,722.0,720.0,720.0,13314.25383326,720.0,,0.0,,buy:rt,match
2026-09-25 23:45:00,1,2026-09-26 16:50:05,2026-09-26 16:50:05,N,Y,719.0,722.0,719.0,720.0,32715.66397542,720.0,,0.0,,buy:rt,match
2026-09-25 23:50:00,2,2026-09-26 16:50:05,2026-09-26 16:55:10,N,N,720.0,722.0,718.0,722.0,16982.05778621,722.0,,0.0,,buy:rt,match
2026-09-25 23:55:00,1,2026-09-26 17:00:10,2026-09-26 17:00:10,N,Y,722.0,732.0,722.0,728.0,199808.48537933,728.0,722.0,0.0,-6.0,buy:missing_bar,backfill_mismatch
2026-09-26 00:00:00,2,2026-09-26 17:00:10,2026-09-26 17:05:05,N,N,728.0,730.0,726.0,727.0,18528.3010739,727.0,727.0,0.0,0.0,buy:missing_bar,match
2026-09-26 00:05:00,2,2026-09-26 17:05:05,2026-09-26 17:10:10,N,N,726.0,732.0,726.0,730.0,26590.99463415,730.0,727.0,0.0,-3.0,buy:missing_bar,backfill_mismatch
2026-09-26 00:10:00,2,2026-09-26 17:10:10,2026-09-26 17:15:10,N,N,730.0,739.0,730.0,739.0,45930.55852387,739.0,730.0,0.0,-9.0,buy:missing_bar,backfill_mismatch
2026-09-26 00:15:00,2,2026-09-26 17:15:10,2026-09-26 17:20:10,N,N,739.0,739.0,731.0,733.0,46965.29273335,733.0,739.0,0.0,6.0,buy:missing_bar,backfill_mismatch
2026-09-26 00:20:00,2,2026-09-26 17:20:10,2026-09-26 17:25:10,N,N,734.0,739.0,732.0,735.0,93688.14053094,735.0,734.0,0.0,-1.0,buy:missing_bar,match
2026-09-26 00:25:00,2,2026-09-26 17:25:10,2026-09-26 17:30:10,N,N,735.0,736.0,733.0,735.0,16487.49591344,735.0,735.0,0.0,0.0,buy:missing_bar,match
2026-09-26 00:30:00,1,2026-09-26 17:35:10,2026-09-26 17:35:10,N,Y,736.0,738.0,732.0,732.0,35470.36143529,732.0,736.0,0.0,4.0,buy:missing_bar,backfill_mismatch
2026-09-26 00:35:00,1,2026-09-26 17:40:06,2026-09-26 17:40:06,N,Y,732.0,732.0,730.0,730.0,12542.21842136,730.0,732.0,0.0,2.0,buy:missing_bar,backfill_mismatch
2026-09-26 00:40:00,2,2026-09-26 17:40:06,2026-09-26 17:45:10,N,N,730.0,732.0,728.0,728.0,56238.48929483,728.0,730.0,0.0,2.0,buy:missing_bar,backfill_mismatch
2026-09-26 00:45:00,1,2026-09-26 17:50:11,2026-09-26 17:50:11,N,Y,727.0,728.0,725.0,726.0,35006.16685867,726.0,,0.0,,buy:rt,match
2026-09-26 00:50:00,1,2026-09-26 17:55:05,2026-09-26 17:55:05,N,Y,726.0,726.0,722.0,723.0,13019.76606861,723.0,,0.0,,buy:rt,match
2026-09-26 00:55:00,2,2026-09-26 17:55:05,2026-09-26 18:00:10,N,N,727.0,728.0,724.0,727.0,191.17717027,727.0,,0.0,,buy:rt,match
2026-09-26 01:00:00,2,2026-09-26 18:00:10,2026-09-26 18:05:10,N,N,728.0,735.0,728.0,733.0,6923.28387665,733.0,728.0,0.0,-5.0,buy:missing_bar,backfill_mismatch
2026-09-26 01:05:00,1,2026-09-26 18:10:10,2026-09-26 18:10:10,N,Y,736.0,739.0,732.0,733.0,11430.99247137,733.0,,0.0,,buy:rt,match
2026-09-26 01:10:00,1,2026-09-26 18:15:10,2026-09-26 18:15:10,N,Y,733.0,734.0,731.0,734.0,7781.17179772,734.0,731.0,0.0,-3.0,buy:missing_bar,backfill_mismatch
2026-09-26 01:15:00,1,2026-09-26 18:20:06,2026-09-26 18:20:06,N,Y,734.0,734.0,734.0,734.0,4001.82878587,734.0,,0.0,,buy:rt,match
2026-09-26 01:20:00,2,2026-09-26 18:20:06,2026-09-26 18:25:11,N,N,732.0,735.0,732.0,735.0,2172.81252189,735.0,,0.0,,buy:rt,match
2026-09-26 01:25:00,1,2026-09-26 18:30:11,2026-09-26 18:30:11,N,Y,738.0,741.0,738.0,739.0,44255.48416773,739.0,,0.0,,buy:rt,match
2026-09-26 01:30:00,2,2026-09-26 18:30:11,2026-09-26 18:35:11,N,N,739.0,744.0,736.0,736.0,40319.54873848,736.0,739.0,0.0,3.0,buy:missing_bar,backfill_mismatch
2026-09-26 01:35:00,1,2026-09-26 18:40:06,2026-09-26 18:40:06,N,Y,738.0,739.0,736.0,738.0,12622.39669935,738.0,,0.0,,buy:rt,match
2026-09-26 01:40:00,2,2026-09-26 18:40:06,2026-09-26 18:45:10,N,N,739.0,743.0,739.0,742.0,6871.23738592,742.0,,0.0,,buy:rt,match
2026-09-26 01:45:00,1,2026-09-26 18:50:11,2026-09-26 18:50:11,N,Y,740.0,742.0,734.0,736.0,16916.20930767,736.0,740.0,0.0,4.0,buy:missing_bar,backfill_mismatch
2026-09-26 01:50:00,2,2026-09-26 18:50:11,2026-09-26 18:55:10,N,N,738.0,738.0,738.0,738.0,4528.64525652,738.0,738.0,0.0,0.0,buy:missing_bar,match
2026-09-26 01:55:00,1,2026-09-26 19:00:10,2026-09-26 19:00:10,N,Y,737.0,737.0,734.0,736.0,6789.65424871,736.0,737.0,0.0,1.0,buy:missing_bar,match
2026-09-26 02:00:00,1,2026-09-26 19:05:10,2026-09-26 19:05:10,N,Y,735.0,736.0,735.0,735.0,1388.80039927,735.0,,0.0,,buy:rt,match
2026-09-26 02:05:00,1,2026-09-26 19:10:10,2026-09-26 19:10:10,N,Y,735.0,735.0,733.0,733.0,6173.68712441,733.0,,0.0,,buy:rt,match
2026-09-26 02:10:00,1,2026-09-26 19:15:05,2026-09-26 19:15:05,N,Y,735.0,735.0,730.0,730.0,22859.59304927,730.0,735.0,0.0,5.0,buy:missing_bar,backfill_mismatch
2026-09-26 02:15:00,2,2026-09-26 19:15:05,2026-09-26 19:20:10,N,N,732.0,732.0,732.0,732.0,8.62704918,732.0,,0.0,,buy:rt,match
2026-09-26 02:25:00,1,2026-09-26 19:25:10,2026-09-26 19:25:10,N,Y,728.0,728.0,726.0,726.0,1680.6402539,726.0,728.0,0.0,2.0,buy:missing_bar,backfill_mismatch
2026-09-26 02:30:00,1,2026-09-26 19:30:10,2026-09-26 19:30:10,N,Y,724.0,727.0,723.0,726.0,2701.22129216,726.0,,0.0,,buy:rt,match
2026-09-26 02:40:00,1,2026-09-26 19:35:12,2026-09-26 19:35:12,N,Y,727.0,729.0,727.0,729.0,7976.14433263,729.0,727.0,0.0,-2.0,buy:missing_bar,backfill_mismatch
2026-09-26 02:45:00,2,2026-09-26 19:35:12,2026-09-26 19:40:10,N,N,729.0,729.0,729.0,729.0,2817.50754457,729.0,,0.0,,buy:rt,match
2026-09-26 02:50:00,2,2026-09-26 19:40:10,2026-09-26 19:45:10,N,N,725.0,725.0,725.0,725.0,9.77931034,725.0,,0.0,,buy:rt,match
2026-09-26 02:55:00,1,2026-09-26 19:50:10,2026-09-26 19:50:10,N,Y,725.0,725.0,724.0,724.0,1057.85788508,724.0,,0.0,,buy:rt,match
2026-09-26 03:00:00,2,2026-09-26 19:50:10,2026-09-26 19:55:05,N,N,723.0,725.0,722.0,722.0,46799.29152586,722.0,,0.0,,buy:rt,match
2026-09-26 03:05:00,2,2026-09-26 19:55:05,2026-09-26 20:00:10,N,N,725.0,725.0,724.0,724.0,10129.06143612,724.0,,0.0,,buy:rt,match
2026-09-26 03:10:00,2,2026-09-26 20:00:10,2026-09-26 20:05:10,N,N,727.0,728.0,727.0,727.0,1429.99829086,727.0,,0.0,,buy:rt,match
2026-09-26 03:15:00,1,2026-09-26 20:10:05,2026-09-26 20:10:05,N,Y,727.0,728.0,727.0,728.0,88.40435337,728.0,,0.0,,buy:rt,match
2026-09-26 03:25:00,2,2026-09-26 20:10:05,2026-09-26 20:15:10,N,N,727.0,727.0,726.0,726.0,12000.92944322,726.0,727.0,0.0,1.0,buy:missing_bar,match
2026-09-26 03:30:00,1,2026-09-26 20:20:10,2026-09-26 20:20:10,N,Y,730.0,730.0,730.0,730.0,302.0,730.0,,0.0,,buy:rt,match
2026-09-26 03:35:00,1,2026-09-26 20:25:06,2026-09-26 20:25:06,N,Y,730.0,730.0,730.0,730.0,132.0,730.0,,0.0,,buy:rt,match
2026-09-26 03:40:00,2,2026-09-26 20:25:06,2026-09-26 20:30:06,N,N,731.0,731.0,731.0,731.0,9833.48829617,731.0,,0.0,,buy:rt,match
2026-09-26 03:50:00,2,2026-09-26 20:30:06,2026-09-26 20:35:10,N,N,730.0,742.0,730.0,736.0,12288.11520366,736.0,730.0,0.0,-6.0,buy:missing_bar,backfill_mismatch
2026-09-26 03:55:00,2,2026-09-26 20:35:10,2026-09-26 20:40:05,N,N,736.0,740.0,735.0,740.0,1863.08995282,740.0,736.0,0.0,-4.0,buy:missing_bar,backfill_mismatch
2026-09-26 04:00:00,2,2026-09-26 20:40:05,2026-09-26 20:45:10,N,N,743.0,752.0,740.0,751.0,85398.11083994,751.0,743.0,0.0,-8.0,buy:missing_bar,backfill_mismatch
2026-09-26 04:05:00,1,2026-09-26 20:50:10,2026-09-26 20:50:10,N,Y,750.0,755.0,747.0,755.0,54998.16238062,755.0,,0.0,,buy:rt,match
2026-09-26 04:10:00,1,2026-09-26 20:55:11,2026-09-26 20:55:11,N,Y,754.0,757.0,750.0,757.0,95430.13090874,757.0,753.0,0.0,-4.0,buy:missing_bar,backfill_mismatch
2026-09-26 04:15:00,1,2026-09-26 21:00:06,2026-09-26 21:00:06,N,Y,756.0,759.0,752.0,757.0,16206.38827016,757.0,756.0,0.0,-1.0,buy:missing_bar,match
2026-09-26 04:20:00,2,2026-09-26 21:00:06,2026-09-26 21:05:11,N,N,758.0,764.0,758.0,764.0,51743.00858116,764.0,758.0,0.0,-6.0,buy:missing_bar,backfill_mismatch
2026-09-26 04:25:00,2,2026-09-26 21:05:11,2026-09-26 21:10:10,N,N,764.0,769.0,763.0,764.0,30569.24709626,764.0,764.0,0.0,0.0,buy:missing_bar,match
2026-09-26 04:30:00,1,2026-09-26 21:15:11,2026-09-26 21:15:11,N,Y,764.0,767.0,762.0,766.0,8391.40596307,766.0,764.0,0.0,-2.0,buy:missing_bar,backfill_mismatch
2026-09-26 04:35:00,1,2026-09-26 21:20:11,2026-09-26 21:20:11,N,Y,763.0,766.0,760.0,760.0,18579.15377328,760.0,,0.0,,buy:rt,match
2026-09-26 04:40:00,1,2026-09-26 21:25:11,2026-09-26 21:25:11,N,Y,759.0,760.0,757.0,760.0,40724.70238955,760.0,,0.0,,buy:rt,match
2026-09-26 04:45:00,1,2026-09-26 21:30:10,2026-09-26 21:30:10,N,Y,759.0,760.0,756.0,756.0,79550.98984448,756.0,759.0,0.0,3.0,buy:missing_bar,backfill_mismatch
2026-09-26 04:50:00,1,2026-09-26 21:35:10,2026-09-26 21:35:10,N,Y,756.0,757.0,752.0,756.0,20241.87720789,756.0,756.0,0.0,0.0,buy:missing_bar,match
2026-09-26 04:55:00,1,2026-09-26 21:40:05,2026-09-26 21:40:05,N,Y,756.0,759.0,754.0,759.0,65883.56311603,759.0,,0.0,,buy:rt,match
2026-09-26 05:00:00,2,2026-09-26 21:40:05,2026-09-26 21:45:05,N,N,760.0,764.0,756.0,762.0,54077.12014343,762.0,760.0,0.0,-2.0,buy:missing_bar,backfill_mismatch
2026-09-26 05:05:00,2,2026-09-26 21:45:05,2026-09-26 21:50:06,N,N,759.0,761.0,759.0,761.0,5379.03076159,761.0,,0.0,,buy:rt,match
2026-09-26 05:10:00,2,2026-09-26 21:50:06,2026-09-26 21:55:06,N,N,761.0,765.0,761.0,764.0,8994.19400991,764.0,,0.0,,buy:rt,match
2026-09-26 05:15:00,2,2026-09-26 21:55:06,2026-09-26 22:00:11,N,N,763.0,764.0,761.0,764.0,13378.01207937,764.0,,0.0,,buy:rt,match
2026-09-26 05:20:00,1,2026-09-26 22:05:11,2026-09-26 22:05:11,N,Y,764.0,766.0,762.0,766.0,14266.90738915,766.0,764.0,0.0,-2.0,buy:missing_bar,backfill_mismatch
2026-09-26 05:25:00,1,2026-09-26 22:10:06,2026-09-26 22:10:06,N,Y,766.0,770.0,766.0,770.0,32302.82354239,770.0,,0.0,,buy:rt,match
2026-09-26 05:30:00,2,2026-09-26 22:10:06,2026-09-26 22:15:10,N,N,769.0,770.0,765.0,769.0,26137.98033421,769.0,769.0,0.0,0.0,buy:missing_bar,match
2026-09-26 05:35:00,1,2026-09-26 22:20:10,2026-09-26 22:20:10,N,Y,769.0,772.0,768.0,772.0,141560.41524362,772.0,,0.0,,buy:rt,match
2026-09-26 05:40:00,1,2026-09-26 22:25:10,2026-09-26 22:25:10,N,Y,772.0,772.0,770.0,772.0,28605.10646718,772.0,772.0,0.0,0.0,buy:missing_bar,match
2026-09-26 05:45:00,1,2026-09-26 22:30:10,2026-09-26 22:30:10,N,Y,772.0,776.0,770.0,774.0,45426.41657051,774.0,772.0,0.0,-2.0,buy:missing_bar,backfill_mismatch
2026-09-26 05:50:00,1,2026-09-26 22:35:11,2026-09-26 22:35:11,N,Y,774.0,775.0,766.0,772.0,92274.18300049,772.0,775.0,0.0,3.0,buy:missing_bar,backfill_mismatch
2026-09-26 05:55:00,2,2026-09-26 22:35:11,2026-09-26 22:40:11,N,N,767.0,769.0,765.0,766.0,52880.71935923,766.0,767.0,0.0,1.0,buy:missing_bar,match
2026-09-26 06:00:00,1,2026-09-26 22:45:08,2026-09-26 22:45:08,N,Y,766.0,767.0,762.0,763.0,24882.51068081,763.0,,0.0,,buy:rt,match
2026-09-26 06:05:00,2,2026-09-26 22:45:08,2026-09-26 22:50:05,N,N,765.0,765.0,763.0,763.0,8470.93328631,763.0,765.0,0.0,2.0,buy:missing_bar,backfill_mismatch
2026-09-26 06:10:00,2,2026-09-26 22:50:05,2026-09-26 22:55:11,N,N,764.0,764.0,764.0,764.0,1216.53520042,764.0,,0.0,,buy:rt,match
2026-09-26 06:15:00,1,2026-09-26 23:00:11,2026-09-26 23:00:11,N,Y,764.0,764.0,757.0,759.0,1541.47694199,759.0,764.0,0.0,5.0,buy:missing_bar,backfill_mismatch
2026-09-26 06:20:00,1,2026-09-26 23:05:06,2026-09-26 23:05:06,N,Y,761.0,763.0,757.0,762.0,14314.5147222,762.0,,0.0,,buy:rt,match
2026-09-26 06:25:00,2,2026-09-26 23:05:06,2026-09-26 23:10:11,N,N,761.0,763.0,761.0,763.0,13024.82758248,763.0,,0.0,,buy:rt,match
2026-09-26 06:30:00,2,2026-09-26 23:10:11,2026-09-26 23:15:10,N,N,763.0,763.0,761.0,761.0,13998.00433405,761.0,,0.0,,buy:rt,match
2026-09-26 06:35:00,1,2026-09-26 23:20:11,2026-09-26 23:20:11,N,Y,761.0,763.0,761.0,763.0,5883.86877235,763.0,,0.0,,buy:rt,match
2026-09-26 06:40:00,1,2026-09-26 23:25:06,2026-09-26 23:25:06,N,Y,763.0,763.0,759.0,759.0,7050.915085,759.0,,0.0,,buy:rt,match
2026-09-26 06:45:00,2,2026-09-26 23:25:06,2026-09-26 23:30:11,N,N,759.0,761.0,759.0,761.0,4918.738727,761.0,,0.0,,buy:rt,match
2026-09-26 06:50:00,2,2026-09-26 23:30:11,2026-09-26 23:35:10,N,N,761.0,761.0,759.0,760.0,15170.43731509,760.0,,0.0,,buy:rt,match
2026-09-26 06:55:00,1,2026-09-26 23:40:05,2026-09-26 23:40:05,N,Y,760.0,760.0,757.0,757.0,9329.51869941,757.0,,0.0,,buy:rt,match
2026-09-26 07:00:00,2,2026-09-26 23:40:05,2026-09-26 23:45:10,N,N,758.0,758.0,756.0,757.0,16089.92523359,757.0,758.0,0.0,1.0,buy:missing_bar,match
2026-09-26 07:05:00,1,2026-09-26 23:50:10,2026-09-26 23:50:10,N,Y,761.0,767.0,761.0,767.0,35220.28299841,767.0,761.0,0.0,-6.0,buy:missing_bar,backfill_mismatch
2026-09-26 07:10:00,1,2026-09-26 23:55:06,2026-09-26 23:55:06,N,Y,767.0,770.0,767.0,768.0,16880.80136422,768.0,,0.0,,buy:rt,match
2026-09-26 07:15:00,2,2026-09-26 23:55:06,2026-09-27 00:00:11,N,N,767.0,770.0,765.0,768.0,10265.32309166,768.0,,0.0,,buy:rt,match
2026-09-26 07:20:00,1,2026-09-27 00:05:06,2026-09-27 00:05:06,N,Y,770.0,771.0,766.0,766.0,34280.3821247,766.0,,0.0,,buy:rt,match
2026-09-26 07:25:00,2,2026-09-27 00:05:06,2026-09-27 00:10:11,N,N,767.0,768.0,763.0,765.0,18139.62312306,765.0,767.0,0.0,2.0,buy:missing_bar,backfill_mismatch
2026-09-26 07:30:00,2,2026-09-27 00:10:11,2026-09-27 00:15:10,N,N,765.0,771.0,765.0,768.0,12985.50589644,768.0,765.0,0.0,-3.0,buy:missing_bar,backfill_mismatch
2026-09-26 07:35:00,2,2026-09-27 00:15:10,2026-09-27 00:20:05,N,N,768.0,770.0,768.0,770.0,42622.27936702,770.0,,0.0,,buy:rt,match
2026-09-26 07:40:00,2,2026-09-27 00:20:05,2026-09-27 00:25:10,N,N,770.0,774.0,770.0,773.0,22766.7813241,773.0,770.0,0.0,-3.0,buy:missing_bar,backfill_mismatch
2026-09-26 07:45:00,1,2026-09-27 00:30:05,2026-09-27 00:30:05,N,Y,773.0,774.0,771.0,771.0,15488.17944737,771.0,,0.0,,buy:rt,match
2026-09-26 07:50:00,2,2026-09-27 00:30:05,2026-09-27 00:35:05,N,N,771.0,773.0,771.0,772.0,31226.69142094,772.0,,0.0,,buy:rt,match
2026-09-26 07:55:00,2,2026-09-27 00:35:05,2026-09-27 00:40:05,N,N,770.0,772.0,770.0,772.0,31382.51223416,772.0,770.0,0.0,-2.0,buy:missing_bar,backfill_mismatch
2026-09-26 08:00:00,2,2026-09-27 00:40:05,2026-09-27 00:45:05,N,N,771.0,777.0,771.0,777.0,34969.01292491,777.0,771.0,0.0,-6.0,buy:missing_bar,backfill_mismatch
2026-09-26 08:05:00,2,2026-09-27 00:45:05,2026-09-27 00:50:10,N,N,777.0,778.0,774.0,774.0,30286.5289379,774.0,777.0,0.0,3.0,buy:missing_bar,backfill_mismatch
2026-09-26 08:10:00,1,2026-09-27 00:55:10,2026-09-27 00:55:10,N,Y,775.0,779.0,773.0,778.0,18226.45725242,778.0,775.0,0.0,-3.0,buy:missing_bar,backfill_mismatch
2026-09-26 08:15:00,1,2026-09-27 01:00:10,2026-09-27 01:00:10,N,Y,777.0,777.0,773.0,773.0,12441.34567071,773.0,777.0,0.0,4.0,buy:missing_bar,backfill_mismatch
2026-09-26 08:20:00,1,2026-09-27 01:05:05,2026-09-27 01:05:05,N,Y,774.0,776.0,771.0,775.0,32919.03419557,775.0,774.0,0.0,-1.0,buy:missing_bar,match
2026-09-26 08:25:00,2,2026-09-27 01:05:05,2026-09-27 01:10:10,N,N,774.0,774.0,771.0,772.0,23861.75075408,772.0,774.0,0.0,2.0,buy:missing_bar,backfill_mismatch
2026-09-26 08:30:00,1,2026-09-27 01:15:10,2026-09-27 01:15:10,N,Y,771.0,774.0,770.0,770.0,13475.96453176,770.0,,0.0,,buy:rt,match
2026-09-26 08:35:00,1,2026-09-27 01:20:10,2026-09-27 01:20:10,N,Y,770.0,772.0,770.0,770.0,21741.26092684,770.0,,0.0,,buy:rt,match
2026-09-26 08:40:00,2,2026-09-27 01:20:10,2026-09-27 01:25:10,N,N,772.0,773.0,771.0,773.0,12304.72628566,773.0,,0.0,,buy:rt,match
2026-09-26 08:45:00,1,2026-09-27 01:30:10,2026-09-27 01:30:10,N,Y,773.0,774.0,773.0,774.0,3539.91353489,774.0,,0.0,,buy:rt,match
2026-09-26 08:50:00,1,2026-09-27 01:35:05,2026-09-27 01:35:05,N,Y,774.0,777.0,773.0,776.0,29224.53263403,776.0,774.0,0.0,-2.0,buy:missing_bar,backfill_mismatch
2026-09-26 08:55:00,2,2026-09-27 01:35:05,2026-09-27 01:40:10,N,N,776.0,776.0,770.0,775.0,10425.49474297,775.0,776.0,0.0,1.0,buy:missing_bar,match
2026-09-26 09:00:00,1,2026-09-27 01:45:11,2026-09-27 01:45:11,N,Y,775.0,775.0,770.0,773.0,57731.02423082,773.0,775.0,0.0,2.0,buy:missing_bar,backfill_mismatch
2026-09-26 09:05:00,1,2026-09-27 01:50:06,2026-09-27 01:50:06,N,Y,774.0,781.0,771.0,781.0,34573.29842715,781.0,774.0,0.0,-7.0,buy:missing_bar,backfill_mismatch
2026-09-26 09:10:00,2,2026-09-27 01:50:06,2026-09-27 01:55:10,N,N,778.0,780.0,777.0,778.0,14414.56760571,778.0,778.0,0.0,0.0,buy:missing_bar,match
2026-09-26 09:15:00,1,2026-09-27 02:00:11,2026-09-27 02:00:11,N,Y,780.0,781.0,778.0,780.0,17795.50731763,780.0,780.0,0.0,0.0,buy:missing_bar,match
2026-09-26 09:20:00,2,2026-09-27 02:00:11,2026-09-27 02:05:05,N,N,780.0,784.0,778.0,783.0,32656.41476909,783.0,778.0,0.0,-5.0,buy:missing_bar,backfill_mismatch
2026-09-26 09:25:00,2,2026-09-27 02:05:05,2026-09-27 02:10:10,N,N,782.0,784.0,774.0,775.0,42836.40370628,775.0,782.0,0.0,7.0,buy:missing_bar,backfill_mismatch
2026-09-26 09:30:00,1,2026-09-27 02:15:06,2026-09-27 02:15:06,N,Y,776.0,777.0,765.0,767.0,97044.06768506,767.0,777.0,0.0,10.0,buy:missing_bar,backfill_mismatch
2026-09-26 09:35:00,2,2026-09-27 02:15:06,2026-09-27 02:20:10,N,N,766.0,769.0,765.0,769.0,111264.63839423,769.0,767.0,0.0,-2.0,buy:missing_bar,backfill_mismatch
2026-09-26 09:40:00,1,2026-09-27 02:25:10,2026-09-27 02:25:10,N,Y,768.0,772.0,768.0,771.0,54317.12856625,771.0,,0.0,,buy:rt,match
2026-09-26 09:45:00,1,2026-09-27 02:30:10,2026-09-27 02:30:10,N,Y,773.0,775.0,771.0,774.0,15622.34317801,774.0,,0.0,,buy:rt,match
2026-09-26 09:50:00,2,2026-09-27 02:35:56,2026-09-27 02:40:11,N,Y,774.0,776.0,773.0,774.0,10737.39281104,774.0,774.0,0.0,0.0,buy:missing_bar,match
2026-09-26 09:55:00,2,2026-09-27 02:40:11,2026-09-27 02:45:11,N,N,774.0,775.0,772.0,774.0,15180.45773099,774.0,774.0,0.0,0.0,buy:missing_bar,match
2026-09-26 10:00:00,1,2026-09-27 02:50:11,2026-09-27 02:50:11,N,Y,774.0,774.0,766.0,766.0,56112.87125588,766.0,774.0,0.0,8.0,buy:missing_bar,backfill_mismatch
2026-09-26 10:05:00,1,2026-09-27 02:55:11,2026-09-27 02:55:11,N,Y,766.0,770.0,766.0,767.0,27209.8582695,767.0,767.0,0.0,0.0,buy:missing_bar,match
2026-09-26 10:10:00,1,2026-09-27 03:00:05,2026-09-27 03:00:05,N,Y,768.0,770.0,767.0,768.0,23919.68924476,768.0,,0.0,,buy:rt,match
2026-09-26 10:15:00,2,2026-09-27 03:00:05,2026-09-27 03:05:06,N,N,768.0,771.0,767.0,770.0,20327.72437088,770.0,768.0,0.0,-2.0,buy:missing_bar,backfill_mismatch
2026-09-26 10:20:00,2,2026-09-27 03:05:06,2026-09-27 03:10:11,N,N,769.0,775.0,769.0,770.0,4296.02478732,770.0,769.0,0.0,-1.0,buy:missing_bar,match
2026-09-26 10:25:00,1,2026-09-27 03:15:10,2026-09-27 03:15:10,N,Y,769.0,771.0,769.0,769.0,9007.12951066,769.0,769.0,0.0,0.0,buy:missing_bar,match
2026-09-26 10:30:00,1,2026-09-27 03:20:10,2026-09-27 03:20:10,N,Y,769.0,770.0,769.0,770.0,38844.72211222,770.0,,0.0,,buy:rt,match
2026-09-26 10:35:00,1,2026-09-27 03:25:10,2026-09-27 03:25:10,N,Y,769.0,769.0,769.0,769.0,6754.36737723,769.0,,0.0,,buy:rt,match
2026-09-26 10:40:00,1,2026-09-27 03:30:10,2026-09-27 03:30:10,N,Y,772.0,773.0,772.0,773.0,8464.29034927,773.0,,0.0,,buy:rt,match
2026-09-26 10:45:00,1,2026-09-27 03:35:10,2026-09-27 03:35:10,N,Y,772.0,772.0,767.0,767.0,9623.42205046,767.0,,0.0,,buy:rt,match
2026-09-26 10:50:00,1,2026-09-27 03:40:06,2026-09-27 03:40:06,N,Y,766.0,769.0,765.0,769.0,88009.67303359,769.0,,0.0,,buy:rt,match
2026-09-26 10:55:00,2,2026-09-27 03:40:06,2026-09-27 03:45:10,N,N,771.0,771.0,764.0,766.0,25167.38958219,766.0,771.0,0.0,5.0,buy:missing_bar,backfill_mismatch
2026-09-26 11:00:00,1,2026-09-27 03:50:11,2026-09-27 03:50:11,N,Y,767.0,767.0,762.0,764.0,22832.70801828,764.0,767.0,0.0,3.0,buy:missing_bar,backfill_mismatch
2026-09-26 11:05:00,1,2026-09-27 03:55:06,2026-09-27 03:55:06,N,Y,766.0,769.0,765.0,767.0,8380.39262461,767.0,766.0,0.0,-1.0,buy:missing_bar,match
2026-09-26 11:10:00,2,2026-09-27 03:55:06,2026-09-27 04:00:10,N,N,767.0,768.0,767.0,768.0,5580.04949436,768.0,,0.0,,buy:rt,match
2026-09-26 11:15:00,1,2026-09-27 04:05:10,2026-09-27 04:05:10,N,Y,769.0,769.0,767.0,768.0,5588.77810264,768.0,769.0,0.0,1.0,buy:missing_bar,match
2026-09-26 11:20:00,1,2026-09-27 04:10:10,2026-09-27 04:10:10,N,Y,768.0,769.0,764.0,769.0,22490.63091728,769.0,768.0,0.0,-1.0,buy:missing_bar,match
2026-09-26 11:25:00,1,2026-09-27 04:15:10,2026-09-27 04:15:10,N,Y,770.0,770.0,770.0,770.0,76.45259939,770.0,,0.0,,buy:rt,match
2026-09-26 11:30:00,1,2026-09-27 04:20:10,2026-09-27 04:20:10,N,Y,769.0,770.0,767.0,768.0,19184.10528598,768.0,769.0,0.0,1.0,buy:missing_bar,match
2026-09-26 11:35:00,2,2026-09-27 04:25:11,2026-09-27 04:30:11,N,Y,770.0,773.0,770.0,770.0,13713.18867546,770.0,,0.0,,buy:rt,match
2026-09-26 11:40:00,1,2026-09-27 04:35:10,2026-09-27 04:35:10,N,Y,770.0,772.0,770.0,770.0,1495.4812471,770.0,770.0,0.0,0.0,buy:missing_bar,match
2026-09-26 11:45:00,1,2026-09-27 04:40:10,2026-09-27 04:40:10,N,Y,771.0,774.0,771.0,773.0,3553.18366142,773.0,771.0,0.0,-2.0,buy:missing_bar,backfill_mismatch
2026-09-26 11:50:00,1,2026-09-27 04:45:10,2026-09-27 04:45:10,N,Y,773.0,773.0,769.0,769.0,4541.63902948,769.0,,0.0,,buy:rt,match
2026-09-26 11:55:00,1,2026-09-27 04:50:10,2026-09-27 04:50:10,N,Y,771.0,772.0,771.0,772.0,3039.28163832,772.0,,0.0,,buy:rt,match
2026-09-26 12:00:00,1,2026-09-27 04:55:10,2026-09-27 04:55:10,N,Y,772.0,777.0,772.0,777.0,28726.99753504,777.0,772.0,0.0,-5.0,buy:missing_bar,backfill_mismatch
2026-09-26 12:05:00,1,2026-09-27 05:00:10,2026-09-27 05:00:10,N,Y,777.0,777.0,775.0,776.0,22036.36793876,776.0,,0.0,,buy:rt,match
2026-09-26 12:10:00,1,2026-09-27 05:05:10,2026-09-27 05:05:10,N,Y,773.0,775.0,771.0,775.0,4399.65149178,775.0,,0.0,,buy:rt,match
2026-09-26 12:15:00,1,2026-09-27 05:10:06,2026-09-27 05:10:06,N,Y,773.0,775.0,772.0,772.0,5162.42405674,772.0,773.0,0.0,1.0,buy:missing_bar,match
2026-09-26 12:20:00,2,2026-09-27 05:10:06,2026-09-27 05:15:11,N,N,774.0,776.0,774.0,776.0,20083.25082482,776.0,,0.0,,buy:rt,match
2026-09-26 12:25:00,1,2026-09-27 05:20:11,2026-09-27 05:20:11,N,Y,777.0,780.0,776.0,779.0,17900.05654468,779.0,,0.0,,buy:rt,match
2026-09-26 12:30:00,1,2026-09-27 05:25:06,2026-09-27 05:25:06,N,Y,778.0,778.0,776.0,776.0,9275.76229718,776.0,778.0,0.0,2.0,buy:missing_bar,backfill_mismatch
2026-09-26 12:35:00,2,2026-09-27 05:25:06,2026-09-27 05:30:10,N,N,776.0,783.0,775.0,783.0,18923.284839,783.0,,0.0,,buy:rt,match
2026-09-26 12:40:00,1,2026-09-27 05:35:10,2026-09-27 05:35:10,N,Y,781.0,781.0,778.0,779.0,45740.36780882,779.0,,0.0,,buy:rt,match
2026-09-26 12:45:00,1,2026-09-27 05:40:05,2026-09-27 05:40:05,N,Y,779.0,788.0,778.0,786.0,88094.51541038,786.0,779.0,0.0,-7.0,buy:missing_bar,backfill_mismatch
2026-09-26 12:50:00,2,2026-09-27 05:40:05,2026-09-27 05:45:05,N,N,787.0,788.0,782.0,784.0,95795.31176954,784.0,788.0,0.0,4.0,buy:missing_bar,backfill_mismatch
2026-09-26 12:55:00,2,2026-09-27 05:45:05,2026-09-27 05:50:10,N,N,784.0,786.0,783.0,784.0,21197.12431023,784.0,784.0,0.0,0.0,buy:missing_bar,match
2026-09-26 13:00:00,1,2026-09-27 05:55:10,2026-09-27 05:55:10,N,Y,785.0,788.0,783.0,785.0,32547.45171389,785.0,,0.0,,buy:rt,match
2026-09-26 13:05:00,1,2026-09-27 06:00:10,2026-09-27 06:00:10,N,Y,786.0,791.0,786.0,791.0,10236.10748778,791.0,,0.0,,buy:rt,match
2026-09-26 13:10:00,1,2026-09-27 06:05:10,2026-09-27 06:05:10,N,Y,791.0,792.0,787.0,788.0,28290.55959019,788.0,791.0,0.0,3.0,buy:missing_bar,backfill_mismatch
2026-09-26 13:15:00,1,2026-09-27 06:10:10,2026-09-27 06:10:10,N,Y,788.0,788.0,785.0,786.0,27298.14037886,786.0,,0.0,,buy:rt,match
2026-09-26 13:20:00,1,2026-09-27 06:15:11,2026-09-27 06:15:11,N,Y,786.0,786.0,781.0,783.0,24502.63725158,783.0,,0.0,,buy:rt,match
2026-09-26 13:25:00,2,2026-09-27 06:15:11,2026-09-27 06:20:11,N,N,782.0,783.0,780.0,782.0,34061.94465612,782.0,782.0,0.0,0.0,buy:missing_bar,match
2026-09-26 13:30:00,2,2026-09-27 06:25:51,2026-09-27 06:30:11,N,Y,782.0,782.0,779.0,779.0,5619.5621411,779.0,,0.0,,buy:rt,match
2026-09-26 13:35:00,1,2026-09-27 06:35:11,2026-09-27 06:35:11,N,Y,779.0,782.0,776.0,778.0,26405.5929423,778.0,779.0,0.0,1.0,buy:missing_bar,match
2026-09-26 13:40:00,1,2026-09-27 06:40:10,2026-09-27 06:40:10,N,Y,779.0,783.0,779.0,781.0,1337.35261863,781.0,779.0,0.0,-2.0,buy:missing_bar,backfill_mismatch
2026-09-26 13:45:00,1,2026-09-27 06:45:10,2026-09-27 06:45:10,N,Y,781.0,784.0,776.0,784.0,20013.19270369,784.0,,0.0,,buy:rt,match
2026-09-26 13:50:00,1,2026-09-27 06:50:10,2026-09-27 06:50:10,N,Y,784.0,786.0,782.0,783.0,20626.09392335,783.0,784.0,0.0,1.0,buy:missing_bar,match
2026-09-26 13:55:00,1,2026-09-27 06:55:10,2026-09-27 06:55:10,N,Y,783.0,783.0,783.0,783.0,467.26508126,783.0,,0.0,,buy:rt,match
2026-09-26 14:00:00,1,2026-09-27 07:00:10,2026-09-27 07:00:10,N,Y,783.0,784.0,782.0,782.0,19178.98412934,782.0,783.0,0.0,1.0,buy:missing_bar,match
2026-09-26 14:05:00,2,2026-09-27 07:00:10,2026-09-27 07:05:10,N,N,781.0,786.0,781.0,786.0,5812.73330839,786.0,781.0,0.0,-5.0,buy:missing_bar,backfill_mismatch
2026-09-26 14:10:00,1,2026-09-27 07:10:10,2026-09-27 07:10:10,N,Y,785.0,785.0,782.0,785.0,5176.90566122,785.0,785.0,0.0,0.0,buy:missing_bar,match
2026-09-26 14:15:00,1,2026-09-27 07:15:05,2026-09-27 07:15:05,N,Y,783.0,783.0,781.0,782.0,19460.44684051,782.0,,0.0,,buy:rt,match
2026-09-26 14:20:00,2,2026-09-27 07:15:05,2026-09-27 07:20:10,N,N,782.0,783.0,778.0,778.0,26804.53098311,778.0,,0.0,,buy:rt,match
2026-09-26 14:25:00,1,2026-09-27 07:25:10,2026-09-27 07:25:10,N,Y,777.0,777.0,774.0,774.0,11815.93613427,774.0,,0.0,,buy:rt,match
2026-09-26 14:30:00,2,2026-09-27 07:25:10,2026-09-27 07:30:10,N,N,775.0,778.0,773.0,778.0,11512.15634415,778.0,,0.0,,buy:rt,match
2026-09-26 14:35:00,1,2026-09-27 07:35:10,2026-09-27 07:35:10,N,Y,775.0,778.0,774.0,778.0,28382.55865183,778.0,,0.0,,buy:rt,match
2026-09-26 14:40:00,1,2026-09-27 07:40:12,2026-09-27 07:40:12,N,Y,780.0,785.0,780.0,784.0,10644.77750761,784.0,,0.0,,buy:rt,match
2026-09-26 14:45:00,2,2026-09-27 07:40:12,2026-09-27 07:45:10,N,N,782.0,784.0,781.0,782.0,7043.51510078,782.0,,0.0,,buy:rt,match
2026-09-26 14:50:00,1,2026-09-27 07:50:10,2026-09-27 07:50:10,N,Y,781.0,781.0,779.0,779.0,712.20655053,779.0,781.0,0.0,2.0,buy:missing_bar,backfill_mismatch
2026-09-26 14:55:00,1,2026-09-27 07:55:10,2026-09-27 07:55:10,N,Y,778.0,780.0,778.0,780.0,4627.6690467,780.0,778.0,0.0,-2.0,buy:missing_bar,backfill_mismatch
2026-09-26 15:00:00,1,2026-09-27 08:00:11,2026-09-27 08:00:11,N,Y,779.0,779.0,776.0,777.0,20696.22289509,777.0,779.0,0.0,2.0,buy:missing_bar,backfill_mismatch
2026-09-26 15:05:00,1,2026-09-27 08:05:11,2026-09-27 08:05:11,N,Y,778.0,784.0,778.0,784.0,20930.98952578,784.0,,0.0,,buy:rt,match
2026-09-26 15:10:00,1,2026-09-27 08:10:11,2026-09-27 08:10:11,N,Y,783.0,785.0,781.0,783.0,12717.96239127,783.0,,0.0,,buy:rt,match
2026-09-26 15:15:00,1,2026-09-27 08:15:10,2026-09-27 08:15:10,N,Y,783.0,785.0,781.0,783.0,18122.86126246,783.0,783.0,0.0,0.0,buy:missing_bar,match
2026-09-26 15:20:00,1,2026-09-27 08:20:10,2026-09-27 08:20:10,N,Y,784.0,785.0,782.0,785.0,20173.22057043,785.0,,0.0,,buy:rt,match
2026-09-26 15:25:00,1,2026-09-27 08:25:10,2026-09-27 08:25:10,N,Y,784.0,784.0,784.0,784.0,3319.82337416,784.0,,0.0,,buy:rt,match
2026-09-26 15:30:00,1,2026-09-27 08:30:10,2026-09-27 08:30:10,N,Y,786.0,796.0,786.0,793.0,46955.05106569,793.0,,0.0,,buy:rt,match
2026-09-26 15:35:00,1,2026-09-27 08:35:05,2026-09-27 08:35:05,N,Y,793.0,793.0,791.0,791.0,26989.48757305,791.0,,0.0,,buy:rt,match
2026-09-26 15:40:00,2,2026-09-27 08:35:05,2026-09-27 08:40:10,N,N,792.0,792.0,788.0,788.0,29743.92758859,788.0,792.0,0.0,4.0,buy:missing_bar,backfill_mismatch
2026-09-26 15:45:00,1,2026-09-27 08:45:10,2026-09-27 08:45:10,N,Y,790.0,790.0,789.0,790.0,10953.68121669,790.0,,0.0,,buy:rt,match
2026-09-26 15:50:00,1,2026-09-27 08:50:10,2026-09-27 08:50:10,N,Y,789.0,790.0,786.0,786.0,40448.48939013,786.0,789.0,0.0,3.0,buy:missing_bar,backfill_mismatch
2026-09-26 15:55:00,1,2026-09-27 08:55:10,2026-09-27 08:55:10,N,Y,787.0,788.0,784.0,785.0,18206.78999495,785.0,,0.0,,buy:rt,match
2026-09-26 16:00:00,1,2026-09-27 09:00:07,2026-09-27 09:00:07,N,Y,788.0,788.0,785.0,786.0,2430.08516902,786.0,,0.0,,buy:rt,match
2026-09-26 16:05:00,2,2026-09-27 09:00:07,2026-09-27 09:05:11,N,N,787.0,790.0,785.0,790.0,5475.03005705,790.0,,0.0,,buy:rt,match
2026-09-26 16:10:00,1,2026-09-27 09:10:05,2026-09-27 09:10:05,N,Y,790.0,792.0,789.0,789.0,8887.84838062,789.0,,0.0,,buy:rt,match
2026-09-26 16:15:00,2,2026-09-27 09:10:05,2026-09-27 09:15:10,N,N,789.0,790.0,789.0,790.0,2576.7971385,790.0,,0.0,,buy:rt,match
2026-09-26 16:20:00,1,2026-09-27 09:20:05,2026-09-27 09:20:05,N,Y,790.0,790.0,789.0,790.0,2394.73759933,790.0,,0.0,,buy:rt,match
2026-09-26 16:25:00,2,2026-09-27 09:20:05,2026-09-27 09:25:10,N,N,790.0,792.0,788.0,790.0,1431.55822253,790.0,790.0,0.0,0.0,buy:missing_bar,match
2026-09-26 16:30:00,1,2026-09-27 09:30:10,2026-09-27 09:30:10,N,Y,790.0,790.0,788.0,788.0,6316.84838592,788.0,,0.0,,buy:rt,match
2026-09-26 16:35:00,1,2026-09-27 09:35:05,2026-09-27 09:35:05,N,Y,788.0,790.0,788.0,788.0,5288.97853698,788.0,788.0,0.0,0.0,buy:missing_bar,match
2026-09-26 16:40:00,2,2026-09-27 09:35:05,2026-09-27 09:40:10,N,N,788.0,790.0,787.0,790.0,12736.32321978,790.0,,0.0,,buy:rt,match
2026-09-26 16:45:00,1,2026-09-27 09:45:10,2026-09-27 09:45:10,N,Y,790.0,795.0,790.0,794.0,6430.45523097,794.0,,0.0,,buy:rt,match
2026-09-26 16:50:00,2,2026-09-27 09:45:10,2026-09-27 09:50:06,N,N,793.0,793.0,791.0,791.0,3141.3720558,791.0,793.0,0.0,2.0,buy:missing_bar,backfill_mismatch
2026-09-26 16:55:00,2,2026-09-27 09:50:06,2026-09-27 09:55:10,N,N,792.0,792.0,789.0,791.0,14168.09474244,791.0,,0.0,,buy:rt,match
2026-09-26 17:00:00,1,2026-09-27 10:00:06,2026-09-27 10:00:06,N,Y,791.0,792.0,789.0,790.0,8924.82607166,790.0,792.0,0.0,2.0,buy:missing_bar,backfill_mismatch
2026-09-26 17:05:00,2,2026-09-27 10:00:06,2026-09-27 10:05:10,N,N,791.0,794.0,791.0,792.0,27431.72861448,792.0,791.0,0.0,-1.0,buy:missing_bar,match
2026-09-26 17:10:00,1,2026-09-27 10:10:10,2026-09-27 10:10:10,N,Y,792.0,797.0,775.0,781.0,87575.5826819,781.0,792.0,0.0,11.0,buy:missing_bar,backfill_mismatch
2026-09-26 17:15:00,1,2026-09-27 10:15:10,2026-09-27 10:15:10,N,Y,781.0,782.0,778.0,780.0,118959.45377934,780.0,781.0,0.0,1.0,buy:missing_bar,match
2026-09-26 17:20:00,1,2026-09-27 10:20:10,2026-09-27 10:20:10,N,Y,779.0,780.0,775.0,779.0,109498.60533027,779.0,779.0,0.0,0.0,buy:missing_bar,match
2026-09-26 17:25:00,2,2026-09-27 10:25:25,2026-09-27 10:30:11,N,Y,778.0,781.0,778.0,781.0,15597.46781862,781.0,779.0,0.0,-2.0,buy:missing_bar,backfill_mismatch
2026-09-26 17:30:00,1,2026-09-27 10:35:06,2026-09-27 10:35:06,N,Y,781.0,787.0,781.0,784.0,9604.29543097,784.0,,0.0,,buy:rt,match
2026-09-26 17:35:00,2,2026-09-27 10:35:06,2026-09-27 10:40:06,N,N,787.0,791.0,785.0,791.0,9901.99041985,791.0,,0.0,,buy:rt,match
2026-09-26 17:40:00,2,2026-09-27 10:40:06,2026-09-27 10:45:10,N,N,790.0,793.0,788.0,789.0,28988.12116525,789.0,790.0,0.0,1.0,buy:missing_bar,match
2026-09-26 17:45:00,2,2026-09-27 10:45:10,2026-09-27 10:50:06,N,N,789.0,790.0,789.0,790.0,2024.30320376,790.0,,0.0,,buy:rt,match
2026-09-26 17:50:00,2,2026-09-27 10:50:06,2026-09-27 10:55:07,N,N,790.0,790.0,788.0,788.0,18724.96986258,788.0,,0.0,,buy:rt,match
2026-09-26 17:55:00,2,2026-09-27 10:55:07,2026-09-27 11:00:11,N,N,788.0,789.0,785.0,785.0,7268.29009638,785.0,788.0,0.0,3.0,buy:missing_bar,backfill_mismatch
2026-09-26 18:00:00,1,2026-09-27 11:05:10,2026-09-27 11:05:10,N,Y,785.0,786.0,784.0,785.0,15978.56495385,785.0,,0.0,,buy:rt,match
2026-09-26 18:05:00,1,2026-09-27 11:10:10,2026-09-27 11:10:10,N,Y,785.0,785.0,783.0,785.0,8294.51772613,785.0,,0.0,,buy:rt,match
2026-09-26 18:10:00,1,2026-09-27 11:15:11,2026-09-27 11:15:11,N,Y,785.0,785.0,778.0,780.0,27846.53279147,780.0,,0.0,,buy:rt,match
2026-09-26 18:15:00,2,2026-09-27 11:15:11,2026-09-27 11:20:11,N,N,780.0,780.0,777.0,780.0,11926.06105172,780.0,,0.0,,buy:rt,match
2026-09-26 18:20:00,1,2026-09-27 11:25:11,2026-09-27 11:25:11,N,Y,778.0,778.0,775.0,775.0,43320.73347182,775.0,778.0,0.0,3.0,buy:missing_bar,backfill_mismatch
2026-09-26 18:25:00,1,2026-09-27 11:30:10,2026-09-27 11:30:10,N,Y,777.0,779.0,776.0,778.0,21504.83821834,778.0,,0.0,,buy:rt,match
2026-09-26 18:30:00,1,2026-09-27 11:35:05,2026-09-27 11:35:05,N,Y,781.0,782.0,779.0,782.0,1181.05542042,782.0,781.0,0.0,-1.0,buy:missing_bar,match
2026-09-26 18:35:00,2,2026-09-27 11:35:05,2026-09-27 11:40:11,N,N,786.0,786.0,784.0,784.0,934.71026147,784.0,,0.0,,buy:rt,match
2026-09-26 18:40:00,2,2026-09-27 11:40:11,2026-09-27 11:45:06,N,N,785.0,788.0,785.0,786.0,52374.45310594,786.0,785.0,0.0,-1.0,buy:missing_bar,match
2026-09-26 18:45:00,2,2026-09-27 11:45:06,2026-09-27 11:50:10,N,N,789.0,792.0,789.0,791.0,66679.29392912,791.0,,0.0,,buy:rt,match
2026-09-26 18:50:00,1,2026-09-27 11:55:06,2026-09-27 11:55:06,N,Y,791.0,792.0,788.0,788.0,18367.92927487,788.0,791.0,0.0,3.0,buy:missing_bar,backfill_mismatch
2026-09-26 18:55:00,2,2026-09-27 11:55:06,2026-09-27 12:00:06,N,N,791.0,793.0,791.0,792.0,30754.06271167,792.0,,0.0,,buy:rt,match
2026-09-26 19:00:00,2,2026-09-27 12:00:06,2026-09-27 12:05:06,N,N,791.0,796.0,791.0,796.0,9390.49466206,796.0,,0.0,,buy:rt,match
2026-09-26 19:05:00,2,2026-09-27 12:05:06,2026-09-27 12:10:06,N,N,795.0,795.0,795.0,795.0,3974.82427069,795.0,,0.0,,buy:rt,match
2026-09-26 19:10:00,2,2026-09-27 12:10:06,2026-09-27 12:15:11,N,N,795.0,795.0,793.0,793.0,6993.81525442,793.0,,0.0,,buy:rt,match
2026-09-26 19:15:00,1,2026-09-27 12:20:11,2026-09-27 12:20:11,N,Y,793.0,794.0,793.0,794.0,8727.64127209,794.0,793.0,0.0,-1.0,buy:missing_bar,match
2026-09-26 19:20:00,1,2026-09-27 12:25:10,2026-09-27 12:25:10,N,Y,794.0,798.0,794.0,795.0,83631.56685597,795.0,,0.0,,buy:rt,match
2026-09-26 19:25:00,1,2026-09-27 12:30:10,2026-09-27 12:30:10,N,Y,794.0,794.0,793.0,794.0,6349.39650748,794.0,,0.0,,buy:rt,match
2026-09-26 19:30:00,1,2026-09-27 12:35:05,2026-09-27 12:35:05,N,Y,794.0,794.0,790.0,792.0,22779.1636118,792.0,,0.0,,buy:rt,match
2026-09-26 19:35:00,2,2026-09-27 12:35:05,2026-09-27 12:40:05,N,N,791.0,792.0,789.0,791.0,2966.37154647,791.0,792.0,0.0,1.0,buy:missing_bar,match
2026-09-26 19:40:00,2,2026-09-27 12:40:05,2026-09-27 12:45:10,N,N,791.0,792.0,790.0,790.0,6611.00177977,790.0,791.0,0.0,1.0,buy:missing_bar,match
2026-09-26 19:45:00,1,2026-09-27 12:50:05,2026-09-27 12:50:05,N,Y,794.0,794.0,791.0,791.0,7941.09112878,791.0,,0.0,,buy:rt,match
2026-09-26 19:50:00,2,2026-09-27 12:50:05,2026-09-27 12:55:05,N,N,795.0,795.0,792.0,792.0,4307.23106291,792.0,795.0,0.0,3.0,buy:missing_bar,backfill_mismatch
2026-09-26 19:55:00,2,2026-09-27 12:55:05,2026-09-27 13:00:10,N,N,788.0,793.0,787.0,793.0,13900.69430096,793.0,787.0,0.0,-6.0,buy:missing_bar,backfill_mismatch
2026-09-26 20:00:00,1,2026-09-27 13:05:05,2026-09-27 13:05:05,N,Y,794.0,798.0,791.0,796.0,8737.63693549,796.0,794.0,0.0,-2.0,buy:missing_bar,backfill_mismatch
2026-09-26 20:05:00,2,2026-09-27 13:05:05,2026-09-27 13:10:05,N,N,797.0,800.0,795.0,800.0,56012.27186276,800.0,,0.0,,buy:rt,match
2026-09-26 20:10:00,2,2026-09-27 13:10:05,2026-09-27 13:15:05,N,N,800.0,803.0,795.0,802.0,194335.24399741,802.0,800.0,0.0,-2.0,buy:missing_bar,backfill_mismatch
2026-09-26 20:15:00,2,2026-09-27 13:15:05,2026-09-27 13:20:10,N,N,803.0,804.0,800.0,800.0,14452.71952492,800.0,,0.0,,buy:rt,match
2026-09-26 20:20:00,2,2026-09-27 13:20:10,2026-09-27 13:25:10,N,N,801.0,805.0,801.0,805.0,13528.062963,805.0,,0.0,,buy:rt,match
2026-09-26 20:25:00,2,2026-09-27 13:25:10,2026-09-27 13:30:06,N,N,805.0,806.0,804.0,804.0,17879.45217141,804.0,806.0,0.0,2.0,buy:missing_bar,backfill_mismatch
2026-09-26 20:30:00,2,2026-09-27 13:30:06,2026-09-27 13:35:06,N,N,804.0,805.0,801.0,805.0,30860.49836979,805.0,804.0,0.0,-1.0,buy:missing_bar,match
2026-09-26 20:35:00,2,2026-09-27 13:35:06,2026-09-27 13:40:06,N,N,803.0,806.0,797.0,799.0,19488.55390355,799.0,803.0,0.0,4.0,buy:missing_bar,backfill_mismatch
2026-09-26 20:40:00,2,2026-09-27 13:40:06,2026-09-27 13:45:10,N,N,799.0,799.0,798.0,799.0,7327.25584262,799.0,799.0,0.0,0.0,buy:missing_bar,match
2026-09-26 20:45:00,2,2026-09-27 13:45:10,2026-09-27 13:50:10,N,N,801.0,801.0,799.0,801.0,7165.55517995,801.0,,0.0,,buy:rt,match
2026-09-26 20:50:00,1,2026-09-27 13:55:11,2026-09-27 13:55:11,N,Y,802.0,802.0,802.0,802.0,4392.58001918,802.0,,0.0,,buy:rt,match
2026-09-26 20:55:00,2,2026-09-27 13:55:11,2026-09-27 14:00:10,N,N,802.0,802.0,798.0,801.0,25143.12195226,801.0,,0.0,,buy:rt,match
2026-09-26 21:00:00,2,2026-09-27 14:00:10,2026-09-27 14:05:05,N,N,801.0,802.0,799.0,800.0,24122.24376615,800.0,801.0,0.0,1.0,buy:missing_bar,match
2026-09-26 21:05:00,2,2026-09-27 14:05:05,2026-09-27 14:10:10,N,N,801.0,806.0,801.0,803.0,11353.43232668,803.0,801.0,0.0,-2.0,buy:missing_bar,backfill_mismatch
2026-09-26 21:10:00,2,2026-09-27 14:10:10,2026-09-27 14:15:06,N,N,803.0,805.0,798.0,800.0,16175.87910929,800.0,,0.0,,buy:rt,match
2026-09-26 21:15:00,2,2026-09-27 14:15:06,2026-09-27 14:20:06,N,N,801.0,805.0,801.0,805.0,15484.73737605,805.0,,0.0,,buy:rt,match
2026-09-26 21:20:00,2,2026-09-27 14:20:06,2026-09-27 14:25:06,N,N,802.0,802.0,800.0,800.0,8948.65389745,800.0,,0.0,,buy:rt,match
2026-09-26 21:25:00,2,2026-09-27 14:25:06,2026-09-27 14:30:10,N,N,797.0,802.0,797.0,802.0,6578.21206527,802.0,,0.0,,buy:rt,match
2026-09-26 21:30:00,1,2026-09-27 14:35:11,2026-09-27 14:35:11,N,Y,799.0,800.0,794.0,800.0,12721.43881993,800.0,,0.0,,buy:rt,match
2026-09-26 21:35:00,2,2026-09-27 14:35:11,2026-09-27 14:40:11,N,N,800.0,800.0,793.0,793.0,27706.05247983,793.0,,0.0,,buy:rt,match
2026-09-26 21:40:00,2,2026-09-27 14:40:11,2026-09-27 14:45:06,N,N,792.0,794.0,792.0,794.0,12983.54261388,794.0,792.0,0.0,-2.0,buy:missing_bar,backfill_mismatch
2026-09-26 21:45:00,2,2026-09-27 14:45:06,2026-09-27 14:50:10,N,N,794.0,797.0,793.0,797.0,44030.07257604,797.0,794.0,0.0,-3.0,buy:missing_bar,backfill_mismatch
2026-09-26 21:50:00,1,2026-09-27 14:55:10,2026-09-27 14:55:10,N,Y,797.0,800.0,796.0,799.0,72769.96313104,799.0,797.0,0.0,-2.0,buy:missing_bar,backfill_mismatch
2026-09-26 21:55:00,1,2026-09-27 15:00:05,2026-09-27 15:00:05,N,Y,799.0,802.0,798.0,799.0,5421.02101987,799.0,799.0,0.0,0.0,buy:missing_bar,match
2026-09-26 22:00:00,2,2026-09-27 15:00:05,2026-09-27 15:05:06,N,N,801.0,804.0,801.0,804.0,1888.45347806,804.0,,0.0,,buy:rt,match
2026-09-26 22:05:00,2,2026-09-27 15:05:06,2026-09-27 15:10:06,N,N,806.0,808.0,805.0,808.0,141855.10767794,808.0,,0.0,,buy:rt,match
2026-09-26 22:10:00,2,2026-09-27 15:10:06,2026-09-27 15:15:11,N,N,806.0,808.0,803.0,803.0,28131.41622187,803.0,808.0,0.0,5.0,buy:missing_bar,backfill_mismatch
2026-09-26 22:15:00,1,2026-09-27 15:20:06,2026-09-27 15:20:06,N,Y,800.0,800.0,794.0,797.0,30512.53024743,797.0,,0.0,,buy:rt,match
2026-09-26 22:20:00,2,2026-09-27 15:20:06,2026-09-27 15:25:06,N,N,795.0,795.0,789.0,789.0,43073.32222135,789.0,,0.0,,buy:rt,match
2026-09-26 22:25:00,2,2026-09-27 15:25:06,2026-09-27 15:30:11,N,N,789.0,791.0,787.0,791.0,40570.74029107,791.0,,0.0,,buy:rt,match
2026-09-26 22:30:00,2,2026-09-27 15:30:11,2026-09-27 15:35:06,N,N,791.0,795.0,791.0,795.0,2430.73142717,795.0,,0.0,,buy:rt,match
2026-09-26 22:35:00,2,2026-09-27 15:35:06,2026-09-27 15:40:11,N,N,796.0,797.0,795.0,795.0,15892.62096947,795.0,796.0,0.0,1.0,buy:missing_bar,match
2026-09-26 22:40:00,1,2026-09-27 15:45:10,2026-09-27 15:45:10,N,Y,795.0,795.0,795.0,795.0,378.83614119,795.0,,0.0,,buy:rt,match
2026-09-26 22:45:00,1,2026-09-27 15:50:10,2026-09-27 15:50:10,N,Y,794.0,799.0,794.0,799.0,2258.13145215,799.0,794.0,0.0,-5.0,buy:missing_bar,backfill_mismatch
2026-09-26 22:50:00,1,2026-09-27 15:55:10,2026-09-27 15:55:10,N,Y,796.0,798.0,796.0,798.0,5088.3992499,798.0,796.0,0.0,-2.0,buy:missing_bar,backfill_mismatch
2026-09-26 22:55:00,1,2026-09-27 16:00:05,2026-09-27 16:00:05,N,Y,798.0,798.0,797.0,797.0,8511.8501846,797.0,,0.0,,buy:rt,match
2026-09-26 23:00:00,2,2026-09-27 16:00:05,2026-09-27 16:05:10,N,N,796.0,796.0,794.0,796.0,2355.55401133,796.0,,0.0,,buy:rt,match
2026-09-26 23:05:00,1,2026-09-27 16:10:10,2026-09-27 16:10:10,N,Y,796.0,798.0,794.0,798.0,3026.64724124,798.0,796.0,0.0,-2.0,buy:missing_bar,backfill_mismatch
2026-09-26 23:10:00,1,2026-09-27 16:15:11,2026-09-27 16:15:11,N,Y,799.0,800.0,796.0,800.0,5710.1794804,800.0,799.0,0.0,-1.0,buy:missing_bar,match
2026-09-26 23:15:00,1,2026-09-27 16:20:11,2026-09-27 16:20:11,N,Y,800.0,802.0,799.0,802.0,6680.49580531,802.0,,0.0,,buy:rt,match
2026-09-26 23:20:00,1,2026-09-27 16:25:06,2026-09-27 16:25:06,N,Y,802.0,805.0,802.0,804.0,50018.43749842,804.0,,0.0,,buy:rt,match
2026-09-26 23:25:00,2,2026-09-27 16:25:06,2026-09-27 16:30:11,N,N,804.0,808.0,804.0,807.0,20400.96102556,807.0,804.0,0.0,-3.0,buy:missing_bar,backfill_mismatch
2026-09-26 23:30:00,1,2026-09-27 16:35:11,2026-09-27 16:35:11,N,Y,807.0,815.0,806.0,815.0,143263.22801317,815.0,807.0,0.0,-8.0,buy:missing_bar,backfill_mismatch
2026-09-26 23:35:00,1,2026-09-27 16:40:10,2026-09-27 16:40:10,N,Y,815.0,815.0,808.0,814.0,49231.29911576,814.0,,0.0,,buy:rt,match
2026-09-26 23:40:00,1,2026-09-27 16:45:10,2026-09-27 16:45:10,N,Y,812.0,815.0,811.0,813.0,26121.67675525,813.0,812.0,0.0,-1.0,buy:missing_bar,match
2026-09-26 23:45:00,1,2026-09-27 16:50:11,2026-09-27 16:50:11,N,Y,813.0,818.0,813.0,814.0,21398.56584449,814.0,,0.0,,buy:rt,match
2026-09-26 23:50:00,1,2026-09-27 16:55:10,2026-09-27 16:55:10,N,Y,814.0,816.0,814.0,814.0,31411.35378551,814.0,,0.0,,buy:rt,match
2026-09-26 23:55:00,1,2026-09-27 17:00:06,2026-09-27 17:00:06,N,Y,814.0,815.0,811.0,812.0,62280.55887751,812.0,814.0,0.0,2.0,buy:missing_bar,backfill_mismatch
2026-09-27 00:00:00,2,2026-09-27 17:00:06,2026-09-27 17:05:11,N,N,812.0,812.0,807.0,808.0,30466.96143099,808.0,,0.0,,buy:rt,match
2026-09-27 00:05:00,1,2026-09-27 17:10:06,2026-09-27 17:10:06,N,Y,808.0,810.0,808.0,808.0,17634.26775838,808.0,808.0,0.0,0.0,buy:missing_bar,match
2026-09-27 00:10:00,2,2026-09-27 17:10:06,2026-09-27 17:15:06,N,N,807.0,810.0,807.0,808.0,8710.92370266,808.0,807.0,0.0,-1.0,buy:missing_bar,match
2026-09-27 00:15:00,2,2026-09-27 17:15:06,2026-09-27 17:20:11,N,N,807.0,814.0,807.0,813.0,53276.46039828,813.0,807.0,0.0,-6.0,buy:missing_bar,backfill_mismatch
2026-09-27 00:20:00,2,2026-09-27 17:20:11,2026-09-27 17:25:11,N,N,814.0,825.0,814.0,825.0,129758.69889545,825.0,814.0,0.0,-11.0,buy:missing_bar,backfill_mismatch
2026-09-27 00:25:00,2,2026-09-27 17:25:11,2026-09-27 17:30:11,N,N,823.0,825.0,822.0,824.0,34957.48888905,824.0,,0.0,,buy:rt,match
2026-09-27 00:30:00,1,2026-09-27 17:35:06,2026-09-27 17:35:06,N,Y,824.0,828.0,824.0,826.0,58425.59673837,826.0,824.0,0.0,-2.0,buy:missing_bar,backfill_mismatch
2026-09-27 00:35:00,2,2026-09-27 17:35:06,2026-09-27 17:40:11,N,N,827.0,828.0,826.0,827.0,28270.59526117,827.0,827.0,0.0,0.0,buy:missing_bar,match
2026-09-27 00:40:00,1,2026-09-27 17:45:10,2026-09-27 17:45:10,N,Y,827.0,827.0,824.0,827.0,22128.90761922,827.0,827.0,0.0,0.0,buy:missing_bar,match
2026-09-27 00:45:00,1,2026-09-27 17:50:10,2026-09-27 17:50:10,N,Y,825.0,827.0,825.0,827.0,10138.50967865,827.0,825.0,0.0,-2.0,buy:missing_bar,backfill_mismatch
2026-09-27 00:50:00,1,2026-09-27 17:55:10,2026-09-27 17:55:10,N,Y,825.0,827.0,825.0,827.0,9953.60082971,827.0,,0.0,,buy:rt,match
2026-09-27 00:55:00,1,2026-09-27 18:00:10,2026-09-27 18:00:10,N,Y,825.0,826.0,823.0,823.0,2408.51819913,823.0,,0.0,,buy:rt,match
2026-09-27 01:00:00,2,2026-09-27 18:00:10,2026-09-27 18:05:05,N,N,823.0,823.0,822.0,823.0,5119.1664478,823.0,,0.0,,buy:rt,match
2026-09-27 01:05:00,2,2026-09-27 18:05:05,2026-09-27 18:10:10,N,N,823.0,825.0,817.0,820.0,48496.44019389,820.0,825.0,0.0,5.0,buy:missing_bar,backfill_mismatch
2026-09-27 01:10:00,1,2026-09-27 18:15:10,2026-09-27 18:15:10,N,Y,817.0,817.0,817.0,817.0,47.61744398,817.0,,0.0,,buy:rt,match
2026-09-27 01:15:00,1,2026-09-27 18:20:10,2026-09-27 18:20:10,N,Y,820.0,823.0,818.0,821.0,19435.46642821,821.0,,0.0,,buy:rt,match
2026-09-27 01:20:00,2,2026-09-27 18:20:10,2026-09-27 18:25:10,N,N,823.0,827.0,823.0,825.0,21073.62605151,825.0,826.0,0.0,1.0,buy:missing_bar,match
2026-09-27 01:25:00,2,2026-09-27 18:25:10,2026-09-27 18:30:05,N,N,825.0,826.0,824.0,826.0,4329.66351562,826.0,,0.0,,buy:rt,match
2026-09-27 01:30:00,2,2026-09-27 18:30:05,2026-09-27 18:35:10,N,N,827.0,827.0,826.0,827.0,17720.46965717,827.0,,0.0,,buy:rt,match
2026-09-27 01:35:00,1,2026-09-27 18:40:06,2026-09-27 18:40:06,N,Y,825.0,827.0,825.0,826.0,1520.77154097,826.0,825.0,0.0,-1.0,buy:missing_bar,match
2026-09-27 01:40:00,2,2026-09-27 18:40:06,2026-09-27 18:45:10,N,N,827.0,833.0,826.0,833.0,38143.44418298,833.0,,0.0,,buy:rt,match
2026-09-27 01:45:00,1,2026-09-27 18:50:11,2026-09-27 18:50:11,N,Y,832.0,839.0,831.0,838.0,81341.1202382,838.0,,0.0,,buy:rt,match
2026-09-27 01:50:00,2,2026-09-27 18:50:11,2026-09-27 18:55:11,N,N,837.0,837.0,831.0,834.0,12198.75138212,834.0,837.0,0.0,3.0,buy:missing_bar,backfill_mismatch
2026-09-27 01:55:00,1,2026-09-27 19:00:06,2026-09-27 19:00:06,N,Y,831.0,831.0,829.0,831.0,6042.97809503,831.0,,0.0,,buy:rt,match
2026-09-27 02:00:00,2,2026-09-27 19:00:06,2026-09-27 19:05:11,N,N,833.0,836.0,828.0,828.0,29856.68049855,828.0,833.0,0.0,5.0,buy:missing_bar,backfill_mismatch
2026-09-27 02:05:00,1,2026-09-27 19:10:10,2026-09-27 19:10:10,N,Y,827.0,829.0,824.0,827.0,26028.86296412,827.0,827.0,0.0,0.0,buy:missing_bar,match
2026-09-27 02:10:00,1,2026-09-27 19:15:10,2026-09-27 19:15:10,N,Y,827.0,827.0,821.0,822.0,9214.71472854,822.0,,0.0,,buy:rt,match
2026-09-27 02:15:00,1,2026-09-27 19:20:05,2026-09-27 19:20:05,N,Y,822.0,822.0,815.0,817.0,14077.10800289,817.0,822.0,0.0,5.0,buy:missing_bar,backfill_mismatch
2026-09-27 02:20:00,2,2026-09-27 19:20:05,2026-09-27 19:25:10,N,N,816.0,820.0,815.0,820.0,28522.81966538,820.0,,0.0,,buy:rt,match
2026-09-27 02:25:00,2,2026-09-27 19:25:10,2026-09-27 19:30:10,N,N,820.0,820.0,818.0,819.0,6034.3412877,819.0,,0.0,,buy:rt,match
2026-09-27 02:35:00,1,2026-09-27 19:35:05,2026-09-27 19:35:05,N,Y,815.0,819.0,815.0,818.0,20758.99788887,818.0,815.0,0.0,-3.0,buy:missing_bar,backfill_mismatch
2026-09-27 02:40:00,2,2026-09-27 19:35:05,2026-09-27 19:40:05,N,N,818.0,820.0,816.0,819.0,17615.66435667,819.0,818.0,0.0,-1.0,buy:missing_bar,match
2026-09-27 02:45:00,2,2026-09-27 19:40:05,2026-09-27 19:45:10,N,N,821.0,822.0,820.0,820.0,9432.69447401,820.0,,0.0,,buy:rt,match
2026-09-27 02:50:00,2,2026-09-27 19:45:10,2026-09-27 19:50:10,N,N,820.0,824.0,820.0,823.0,2715.62764172,823.0,,0.0,,buy:rt,match
2026-09-27 02:55:00,1,2026-09-27 19:55:10,2026-09-27 19:55:10,N,Y,825.0,833.0,823.0,833.0,25253.46375841,833.0,,0.0,,buy:rt,match
2026-09-27 03:00:00,1,2026-09-27 20:00:10,2026-09-27 20:00:10,N,Y,830.0,830.0,827.0,827.0,19235.22680057,827.0,830.0,0.0,3.0,buy:missing_bar,backfill_mismatch
2026-09-27 03:05:00,1,2026-09-27 20:05:10,2026-09-27 20:05:10,N,Y,827.0,827.0,824.0,824.0,13474.0011409,824.0,827.0,0.0,3.0,buy:missing_bar,backfill_mismatch
2026-09-27 03:10:00,1,2026-09-27 20:10:10,2026-09-27 20:10:10,N,Y,823.0,825.0,823.0,825.0,12288.26827283,825.0,,0.0,,buy:rt,match
2026-09-27 03:15:00,1,2026-09-27 20:15:10,2026-09-27 20:15:10,N,Y,823.0,823.0,819.0,820.0,1667.49212593,820.0,,0.0,,buy:rt,match
2026-09-27 03:20:00,1,2026-09-27 20:20:06,2026-09-27 20:20:06,N,Y,819.0,819.0,815.0,817.0,3845.17697325,817.0,,0.0,,buy:rt,match
2026-09-27 03:25:00,2,2026-09-27 20:20:06,2026-09-27 20:25:11,N,N,820.0,821.0,820.0,821.0,808.235,821.0,,0.0,,buy:rt,match
2026-09-27 03:30:00,1,2026-09-27 20:30:11,2026-09-27 20:30:11,N,Y,818.0,820.0,816.0,817.0,15722.52650265,817.0,,0.0,,buy:rt,match
2026-09-27 03:35:00,1,2026-09-27 20:35:11,2026-09-27 20:35:11,N,Y,813.0,813.0,809.0,809.0,1950.38346182,809.0,,0.0,,buy:rt,match
2026-09-27 03:40:00,1,2026-09-27 20:40:11,2026-09-27 20:40:11,N,Y,809.0,811.0,809.0,809.0,36447.98899628,809.0,809.0,0.0,0.0,buy:missing_bar,match
2026-09-27 03:45:00,2,2026-09-27 20:40:11,2026-09-27 20:45:11,N,N,809.0,811.0,809.0,809.0,5372.16028667,809.0,,0.0,,buy:rt,match
2026-09-27 03:50:00,1,2026-09-27 20:50:05,2026-09-27 20:50:05,N,Y,809.0,809.0,809.0,809.0,143.84917378,809.0,,0.0,,buy:rt,match
2026-09-27 03:55:00,2,2026-09-27 20:50:05,2026-09-27 20:55:10,N,N,812.0,813.0,811.0,811.0,1536.50103483,811.0,813.0,0.0,2.0,buy:missing_bar,backfill_mismatch
2026-09-27 04:00:00,1,2026-09-27 21:00:10,2026-09-27 21:00:10,N,Y,812.0,814.0,812.0,813.0,840.99585378,813.0,,0.0,,buy:rt,match
2026-09-27 04:05:00,1,2026-09-27 21:05:10,2026-09-27 21:05:10,N,Y,814.0,816.0,814.0,816.0,1716.627033,816.0,,0.0,,buy:rt,match
2026-09-27 04:10:00,1,2026-09-27 21:10:11,2026-09-27 21:10:11,N,Y,816.0,817.0,815.0,815.0,2310.5338546,815.0,,0.0,,buy:rt,match
2026-09-27 04:15:00,1,2026-09-27 21:15:11,2026-09-27 21:15:11,N,Y,815.0,815.0,815.0,815.0,298.9506,815.0,,0.0,,buy:rt,match
2026-09-27 04:25:00,1,2026-09-27 21:20:10,2026-09-27 21:20:10,N,Y,815.0,815.0,815.0,815.0,4394.78338367,815.0,815.0,0.0,0.0,buy:missing_bar,match
2026-09-27 04:30:00,1,2026-09-27 21:25:10,2026-09-27 21:25:10,N,Y,817.0,817.0,817.0,817.0,793.0,817.0,,0.0,,buy:rt,match
2026-09-27 04:35:00,1,2026-09-27 21:30:10,2026-09-27 21:30:10,N,Y,816.0,817.0,816.0,817.0,67.30527539,817.0,,0.0,,buy:rt,match
2026-09-27 04:40:00,1,2026-09-27 21:35:05,2026-09-27 21:35:05,N,Y,820.0,820.0,820.0,820.0,6640.73955531,820.0,,0.0,,buy:rt,match
2026-09-27 04:45:00,2,2026-09-27 21:35:05,2026-09-27 21:40:10,N,N,823.0,823.0,823.0,823.0,9.7691373,823.0,,0.0,,buy:rt,match
2026-09-27 04:50:00,1,2026-09-27 21:45:10,2026-09-27 21:45:10,N,Y,826.0,827.0,824.0,826.0,2286.10765707,826.0,,0.0,,buy:rt,match
2026-09-27 04:55:00,1,2026-09-27 21:50:10,2026-09-27 21:50:10,N,Y,825.0,827.0,825.0,827.0,1246.49509552,827.0,,0.0,,buy:rt,match
2026-09-27 05:00:00,1,2026-09-27 21:55:10,2026-09-27 21:55:10,N,Y,825.0,825.0,825.0,825.0,24.504,825.0,,0.0,,buy:rt,match
2026-09-27 05:05:00,2,2026-09-27 21:55:10,2026-09-27 22:00:10,N,N,821.0,821.0,815.0,817.0,20417.12709297,817.0,,0.0,,buy:rt,match
2026-09-27 05:10:00,1,2026-09-27 22:05:10,2026-09-27 22:05:10,N,Y,817.0,822.0,816.0,817.0,3065.75707541,817.0,817.0,0.0,0.0,buy:missing_bar,match
2026-09-27 05:15:00,1,2026-09-27 22:10:06,2026-09-27 22:10:06,N,Y,816.0,816.0,813.0,814.0,3729.8276284,814.0,,0.0,,buy:rt,match
2026-09-27 05:20:00,2,2026-09-27 22:10:06,2026-09-27 22:15:11,N,N,815.0,815.0,815.0,815.0,147.23926381,815.0,,0.0,,buy:rt,match
2026-09-27 05:25:00,1,2026-09-27 22:20:11,2026-09-27 22:20:11,N,Y,817.0,821.0,817.0,818.0,1791.34032281,818.0,817.0,0.0,-1.0,buy:missing_bar,match
2026-09-27 05:30:00,2,2026-09-27 22:20:11,2026-09-27 22:25:11,N,N,819.0,819.0,816.0,817.0,7745.8453199,817.0,,0.0,,buy:rt,match
2026-09-27 05:35:00,2,2026-09-27 22:25:11,2026-09-27 22:30:11,N,N,814.0,815.0,807.0,810.0,7013.20219652,810.0,,0.0,,buy:rt,match
2026-09-27 05:40:00,1,2026-09-27 22:35:06,2026-09-27 22:35:06,N,Y,811.0,811.0,804.0,805.0,35106.68130691,805.0,811.0,0.0,6.0,buy:missing_bar,backfill_mismatch
2026-09-27 05:45:00,2,2026-09-27 22:35:06,2026-09-27 22:40:11,N,N,805.0,807.0,801.0,802.0,29511.45409722,802.0,805.0,0.0,3.0,buy:missing_bar,backfill_mismatch
2026-09-27 05:50:00,1,2026-09-27 22:45:11,2026-09-27 22:45:11,N,Y,804.0,804.0,804.0,804.0,761.74425908,804.0,,0.0,,buy:rt,match
2026-09-27 05:55:00,2,2026-09-27 22:45:11,2026-09-27 22:50:06,N,N,808.0,809.0,808.0,809.0,184.60766863,809.0,,0.0,,buy:rt,match
2026-09-27 06:00:00,2,2026-09-27 22:50:06,2026-09-27 22:55:10,N,N,808.0,813.0,808.0,813.0,2375.9734444,813.0,,0.0,,buy:rt,match
2026-09-27 06:05:00,1,2026-09-27 23:00:10,2026-09-27 23:00:10,N,Y,813.0,813.0,813.0,813.0,9.76506765,813.0,,0.0,,buy:rt,match
2026-09-27 06:10:00,1,2026-09-27 23:05:10,2026-09-27 23:05:10,N,Y,812.0,812.0,810.0,812.0,10081.24078381,812.0,,0.0,,buy:rt,match
2026-09-27 06:15:00,1,2026-09-27 23:10:10,2026-09-27 23:10:10,N,Y,812.0,817.0,812.0,817.0,439.00270807,817.0,812.0,0.0,-5.0,buy:missing_bar,backfill_mismatch
2026-09-27 06:25:00,1,2026-09-27 23:15:10,2026-09-27 23:15:10,N,Y,817.0,822.0,817.0,822.0,5793.48371593,822.0,817.0,0.0,-5.0,buy:missing_bar,backfill_mismatch
2026-09-27 06:30:00,1,2026-09-27 23:20:05,2026-09-27 23:20:05,N,Y,822.0,825.0,822.0,825.0,4581.30536479,825.0,,0.0,,buy:rt,match
2026-09-27 06:35:00,2,2026-09-27 23:20:05,2026-09-27 23:25:10,N,N,825.0,825.0,821.0,821.0,27432.68445227,821.0,,0.0,,buy:rt,match
2026-09-27 06:40:00,1,2026-09-27 23:30:06,2026-09-27 23:30:06,N,Y,821.0,821.0,821.0,821.0,1802.82257965,821.0,,0.0,,buy:rt,match
2026-09-27 06:45:00,2,2026-09-27 23:30:06,2026-09-27 23:35:11,N,N,820.0,820.0,817.0,818.0,6435.58332545,818.0,,0.0,,buy:rt,match
2026-09-27 06:50:00,1,2026-09-27 23:40:11,2026-09-27 23:40:11,N,Y,820.0,822.0,820.0,821.0,8399.7910231,821.0,,0.0,,buy:rt,match
2026-09-27 06:55:00,1,2026-09-27 23:45:06,2026-09-27 23:45:06,N,Y,821.0,821.0,821.0,821.0,7791.55231901,821.0,,0.0,,buy:rt,match
2026-09-27 07:00:00,2,2026-09-27 23:45:06,2026-09-27 23:50:06,N,N,821.0,821.0,821.0,821.0,206.26309884,821.0,821.0,0.0,0.0,buy:missing_bar,match
2026-09-27 07:05:00,2,2026-09-27 23:50:06,2026-09-27 23:55:11,N,N,824.0,826.0,821.0,822.0,10896.49114066,822.0,,0.0,,buy:rt,match
2026-09-27 07:10:00,1,2026-09-28 00:00:11,2026-09-28 00:00:11,N,Y,821.0,822.0,821.0,822.0,2516.42509377,822.0,,0.0,,buy:rt,match
2026-09-27 07:15:00,2,2026-09-28 00:00:11,2026-09-28 00:05:10,N,N,822.0,822.0,815.0,815.0,15664.52226267,815.0,822.0,0.0,7.0,buy:missing_bar,backfill_mismatch
2026-09-27 07:20:00,1,2026-09-28 00:10:06,2026-09-28 00:10:06,N,Y,815.0,816.0,813.0,814.0,24060.19549924,814.0,,0.0,,buy:rt,match
2026-09-27 07:25:00,2,2026-09-28 00:10:06,2026-09-28 00:15:10,N,N,813.0,814.0,813.0,814.0,3306.64874762,814.0,813.0,0.0,-1.0,buy:missing_bar,match
2026-09-27 07:30:00,1,2026-09-28 00:20:10,2026-09-28 00:20:10,N,Y,814.0,814.0,813.0,814.0,1849.16150416,814.0,,0.0,,buy:rt,match
2026-09-27 07:35:00,1,2026-09-28 00:25:05,2026-09-28 00:25:05,N,Y,813.0,813.0,810.0,810.0,21860.34786031,810.0,,0.0,,buy:rt,match
2026-09-27 07:40:00,2,2026-09-28 00:25:05,2026-09-28 00:30:10,N,N,812.0,815.0,812.0,814.0,2401.54227802,814.0,812.0,0.0,-2.0,buy:missing_bar,backfill_mismatch
2026-09-27 07:45:00,1,2026-09-28 00:35:10,2026-09-28 00:35:10,N,Y,813.0,814.0,812.0,814.0,2677.09154253,814.0,,0.0,,buy:rt,match
2026-09-27 07:50:00,1,2026-09-28 00:40:10,2026-09-28 00:40:10,N,Y,814.0,814.0,814.0,814.0,232.34632728,814.0,,0.0,,buy:rt,match
2026-09-27 07:55:00,1,2026-09-28 00:45:06,2026-09-28 00:45:06,N,Y,814.0,814.0,814.0,814.0,1397.74497629,814.0,,0.0,,buy:rt,match
2026-09-27 08:00:00,2,2026-09-28 00:45:06,2026-09-28 00:50:11,N,N,815.0,817.0,815.0,816.0,7101.24674793,816.0,,0.0,,buy:rt,match
2026-09-27 08:05:00,1,2026-09-28 00:55:06,2026-09-28 00:55:06,N,Y,816.0,826.0,816.0,826.0,7736.06903589,826.0,,0.0,,buy:rt,match
2026-09-27 08:10:00,2,2026-09-28 00:55:06,2026-09-28 01:00:10,N,N,825.0,828.0,821.0,821.0,1994.30765441,821.0,,0.0,,buy:rt,match
2026-09-27 08:15:00,1,2026-09-28 01:05:10,2026-09-28 01:05:10,N,Y,821.0,823.0,821.0,823.0,9021.01833226,823.0,,0.0,,buy:rt,match
2026-09-27 08:20:00,1,2026-09-28 01:10:05,2026-09-28 01:10:05,N,Y,823.0,824.0,820.0,820.0,5544.18672483,820.0,,0.0,,buy:rt,match
2026-09-27 08:25:00,2,2026-09-28 01:10:05,2026-09-28 01:15:10,N,N,819.0,820.0,819.0,820.0,1106.76380515,820.0,,0.0,,buy:rt,match
2026-09-27 08:30:00,1,2026-09-28 01:20:05,2026-09-28 01:20:05,N,Y,818.0,819.0,818.0,819.0,4475.53454481,819.0,,0.0,,buy:rt,match
2026-09-27 08:35:00,2,2026-09-28 01:20:05,2026-09-28 01:25:10,N,N,819.0,820.0,819.0,819.0,9289.48423358,819.0,819.0,0.0,0.0,buy:missing_bar,match
2026-09-27 08:40:00,1,2026-09-28 01:30:11,2026-09-28 01:30:11,N,Y,821.0,821.0,819.0,819.0,7490.14175517,819.0,,0.0,,buy:rt,match
2026-09-27 08:45:00,1,2026-09-28 01:35:11,2026-09-28 01:35:11,N,Y,819.0,821.0,819.0,820.0,5535.32704627,820.0,,0.0,,buy:rt,match
2026-09-27 08:50:00,1,2026-09-28 01:40:10,2026-09-28 01:40:10,N,Y,819.0,821.0,819.0,821.0,40.0,821.0,,0.0,,buy:rt,match
2026-09-27 08:55:00,1,2026-09-28 01:45:10,2026-09-28 01:45:10,N,Y,821.0,821.0,818.0,818.0,20007.57752254,818.0,,0.0,,buy:rt,match
2026-09-27 09:00:00,1,2026-09-28 01:50:05,2026-09-28 01:50:05,N,Y,817.0,817.0,812.0,816.0,45301.18378444,816.0,817.0,0.0,1.0,buy:missing_bar,match
2026-09-27 09:05:00,2,2026-09-28 01:50:05,2026-09-28 01:55:10,N,N,816.0,820.0,815.0,820.0,14345.99167678,820.0,,0.0,,buy:rt,match
2026-09-27 09:10:00,1,2026-09-28 02:00:10,2026-09-28 02:00:10,N,Y,820.0,820.0,819.0,819.0,5736.13055909,819.0,820.0,0.0,1.0,buy:missing_bar,match
2026-09-27 09:15:00,1,2026-09-28 02:05:10,2026-09-28 02:05:10,N,Y,818.0,819.0,818.0,819.0,8344.09837419,819.0,,0.0,,buy:rt,match
2026-09-27 09:20:00,1,2026-09-28 02:10:10,2026-09-28 02:10:10,N,Y,819.0,819.0,818.0,819.0,4981.4135465,819.0,819.0,0.0,0.0,buy:missing_bar,match
2026-09-27 09:25:00,1,2026-09-28 02:15:10,2026-09-28 02:15:10,N,Y,821.0,821.0,820.0,820.0,1768.89469547,820.0,,0.0,,buy:rt,match
2026-09-27 09:30:00,1,2026-09-28 02:20:11,2026-09-28 02:20:11,N,Y,820.0,820.0,819.0,819.0,21057.94795547,819.0,,0.0,,buy:rt,match
2026-09-27 09:35:00,1,2026-09-28 02:25:11,2026-09-28 02:25:11,N,Y,819.0,819.0,815.0,817.0,39320.37107741,817.0,819.0,0.0,2.0,buy:missing_bar,backfill_mismatch
2026-09-27 09:40:00,1,2026-09-28 02:30:10,2026-09-28 02:30:10,N,Y,815.0,816.0,814.0,815.0,26506.96379169,815.0,,0.0,,buy:rt,match
2026-09-27 09:45:00,2,2026-09-28 02:41:06,2026-09-28 02:45:06,N,Y,813.0,819.0,813.0,819.0,10561.91837335,819.0,813.0,0.0,-6.0,buy:missing_bar,backfill_mismatch
2026-09-27 09:50:00,2,2026-09-28 02:45:06,2026-09-28 02:50:11,N,N,818.0,818.0,817.0,817.0,13736.44751418,817.0,818.0,0.0,1.0,buy:missing_bar,match
2026-09-27 09:55:00,1,2026-09-28 02:55:10,2026-09-28 02:55:10,N,Y,818.0,818.0,814.0,814.0,13616.57521114,814.0,,0.0,,buy:rt,match
2026-09-27 10:00:00,1,2026-09-28 03:00:10,2026-09-28 03:00:10,N,Y,814.0,815.0,812.0,812.0,44078.41820792,812.0,814.0,0.0,2.0,buy:missing_bar,backfill_mismatch
2026-09-27 10:05:00,1,2026-09-28 03:05:10,2026-09-28 03:05:10,N,Y,813.0,822.0,813.0,822.0,14517.69275552,822.0,,0.0,,buy:rt,match
2026-09-27 10:10:00,1,2026-09-28 03:10:10,2026-09-28 03:10:10,N,Y,822.0,825.0,822.0,822.0,12204.34435581,822.0,,0.0,,buy:rt,match
2026-09-27 10:15:00,1,2026-09-28 03:15:11,2026-09-28 03:15:11,N,Y,822.0,822.0,820.0,820.0,8210.12218898,820.0,,0.0,,buy:rt,match
2026-09-27 10:25:00,1,2026-09-28 03:20:11,2026-09-28 03:20:11,N,Y,821.0,825.0,821.0,824.0,4949.15331981,824.0,821.0,0.0,-3.0,buy:missing_bar,backfill_mismatch
2026-09-27 10:30:00,1,2026-09-28 03:25:10,2026-09-28 03:25:10,N,Y,826.0,828.0,825.0,825.0,5909.85356579,825.0,,0.0,,buy:rt,match
2026-09-27 10:35:00,1,2026-09-28 03:30:10,2026-09-28 03:30:10,N,Y,825.0,831.0,825.0,830.0,122251.91892829,830.0,825.0,0.0,-5.0,buy:missing_bar,backfill_mismatch
2026-09-27 10:40:00,1,2026-09-28 03:35:10,2026-09-28 03:35:10,N,Y,828.0,842.0,828.0,841.0,110415.15204371,841.0,828.0,0.0,-13.0,buy:missing_bar,backfill_mismatch
2026-09-27 10:45:00,1,2026-09-28 03:40:10,2026-09-28 03:40:10,N,Y,841.0,842.0,839.0,841.0,66527.22636593,841.0,841.0,0.0,0.0,buy:missing_bar,match
2026-09-27 10:50:00,1,2026-09-28 03:45:11,2026-09-28 03:45:11,N,Y,841.0,843.0,839.0,841.0,77721.80193707,841.0,841.0,0.0,0.0,buy:missing_bar,match
2026-09-27 10:55:00,1,2026-09-28 03:50:06,2026-09-28 03:50:06,N,Y,841.0,841.0,833.0,834.0,73429.21845174,834.0,839.0,0.0,5.0,buy:missing_bar,backfill_mismatch
2026-09-27 11:00:00,2,2026-09-28 03:50:06,2026-09-28 03:55:11,N,N,835.0,839.0,835.0,838.0,18602.8311396,838.0,,0.0,,buy:rt,match
2026-09-27 11:05:00,1,2026-09-28 04:00:10,2026-09-28 04:00:10,N,Y,836.0,836.0,834.0,834.0,29438.42923651,834.0,,0.0,,buy:rt,match
2026-09-27 11:10:00,1,2026-09-28 04:05:10,2026-09-28 04:05:10,N,Y,836.0,841.0,836.0,840.0,8371.78702927,840.0,,0.0,,buy:rt,match
2026-09-27 11:15:00,1,2026-09-28 04:10:11,2026-09-28 04:10:11,N,Y,843.0,848.0,842.0,844.0,47971.10591209,844.0,844.0,0.0,0.0,buy:missing_bar,match
2026-09-27 11:20:00,1,2026-09-28 04:15:11,2026-09-28 04:15:11,N,Y,844.0,845.0,842.0,843.0,39079.83995542,843.0,,0.0,,buy:rt,match
2026-09-27 11:25:00,1,2026-09-28 04:20:10,2026-09-28 04:20:10,N,Y,843.0,847.0,843.0,846.0,29141.59789027,846.0,,0.0,,buy:rt,match
2026-09-27 11:30:00,1,2026-09-28 04:25:05,2026-09-28 04:25:05,N,Y,846.0,856.0,846.0,855.0,90680.16442445,855.0,,0.0,,buy:rt,match
2026-09-27 11:35:00,2,2026-09-28 04:25:05,2026-09-28 04:30:05,N,N,855.0,856.0,852.0,855.0,56546.00767112,855.0,856.0,0.0,1.0,buy:missing_bar,match
2026-09-27 11:40:00,2,2026-09-28 04:30:05,2026-09-28 04:35:10,N,N,853.0,857.0,852.0,856.0,41967.83267995,856.0,855.0,0.0,-1.0,buy:missing_bar,match
2026-09-27 11:45:00,1,2026-09-28 04:40:10,2026-09-28 04:40:10,N,Y,855.0,856.0,852.0,852.0,34528.31224562,852.0,855.0,0.0,3.0,buy:missing_bar,backfill_mismatch
2026-09-27 11:50:00,1,2026-09-28 04:45:10,2026-09-28 04:45:10,N,Y,852.0,853.0,850.0,850.0,37914.83197531,850.0,,0.0,,buy:rt,match
2026-09-27 11:55:00,1,2026-09-28 04:50:11,2026-09-28 04:50:11,N,Y,850.0,852.0,846.0,851.0,117376.88763612,851.0,850.0,0.0,-1.0,buy:missing_bar,match
2026-09-27 12:00:00,1,2026-09-28 04:55:06,2026-09-28 04:55:06,N,Y,849.0,860.0,849.0,858.0,53980.38851936,858.0,849.0,0.0,-9.0,buy:missing_bar,backfill_mismatch
2026-09-27 12:05:00,2,2026-09-28 04:55:06,2026-09-28 05:00:10,N,N,858.0,863.0,855.0,862.0,54406.35942946,862.0,858.0,0.0,-4.0,buy:missing_bar,backfill_mismatch
2026-09-27 12:10:00,1,2026-09-28 05:05:10,2026-09-28 05:05:10,N,Y,860.0,862.0,856.0,856.0,68657.98989823,856.0,860.0,0.0,4.0,buy:missing_bar,backfill_mismatch
2026-09-27 12:15:00,1,2026-09-28 05:10:10,2026-09-28 05:10:10,N,Y,859.0,862.0,858.0,859.0,18975.61922039,859.0,,0.0,,buy:rt,match
2026-09-27 12:20:00,1,2026-09-28 05:15:10,2026-09-28 05:15:10,N,Y,860.0,860.0,856.0,857.0,20728.48117651,857.0,,0.0,,buy:rt,match
2026-09-27 12:25:00,1,2026-09-28 05:20:10,2026-09-28 05:20:10,N,Y,857.0,860.0,855.0,855.0,38293.12210816,855.0,,0.0,,buy:rt,match
2026-09-27 12:30:00,1,2026-09-28 05:25:10,2026-09-28 05:25:10,N,Y,858.0,868.0,857.0,867.0,64680.03249164,867.0,,0.0,,buy:rt,match
2026-09-27 12:35:00,1,2026-09-28 05:30:06,2026-09-28 05:30:06,N,Y,867.0,873.0,865.0,871.0,130073.64062338,871.0,865.0,0.0,-6.0,buy:missing_bar,backfill_mismatch
2026-09-27 12:40:00,2,2026-09-28 05:30:06,2026-09-28 05:35:11,N,N,871.0,877.0,869.0,875.0,69661.55410148,875.0,871.0,0.0,-4.0,buy:missing_bar,backfill_mismatch
2026-09-27 12:45:00,1,2026-09-28 05:40:10,2026-09-28 05:40:10,N,Y,875.0,875.0,865.0,866.0,103715.8490692,866.0,,0.0,,buy:rt,match
2026-09-27 12:50:00,1,2026-09-28 05:45:10,2026-09-28 05:45:10,N,Y,866.0,869.0,863.0,866.0,77837.62758522,866.0,866.0,0.0,0.0,buy:missing_bar,match
2026-09-27 12:55:00,1,2026-09-28 05:50:10,2026-09-28 05:50:10,N,Y,863.0,863.0,860.0,862.0,43944.91496031,862.0,863.0,0.0,1.0,buy:missing_bar,match
2026-09-27 13:00:00,1,2026-09-28 05:55:11,2026-09-28 05:55:11,N,Y,861.0,865.0,855.0,864.0,56251.69677053,864.0,,0.0,,buy:rt,match
2026-09-27 13:05:00,2,2026-09-28 05:55:11,2026-09-28 06:00:10,N,N,864.0,868.0,862.0,865.0,38623.9116419,865.0,864.0,0.0,-1.0,buy:missing_bar,match
2026-09-27 13:10:00,1,2026-09-28 06:05:11,2026-09-28 06:05:11,N,Y,864.0,868.0,863.0,866.0,34029.94292422,866.0,864.0,0.0,-2.0,buy:missing_bar,backfill_mismatch
2026-09-27 13:15:00,1,2026-09-28 06:10:10,2026-09-28 06:10:10,N,Y,864.0,865.0,857.0,860.0,44970.08459142,860.0,864.0,0.0,4.0,buy:missing_bar,backfill_mismatch
2026-09-27 13:20:00,1,2026-09-28 06:15:05,2026-09-28 06:15:05,N,Y,860.0,864.0,858.0,858.0,27559.93985305,858.0,860.0,0.0,2.0,buy:missing_bar,backfill_mismatch
2026-09-27 13:25:00,2,2026-09-28 06:15:05,2026-09-28 06:20:11,N,N,858.0,858.0,849.0,850.0,48447.70043416,850.0,857.0,0.0,7.0,buy:missing_bar,backfill_mismatch
2026-09-27 13:30:00,1,2026-09-28 06:25:10,2026-09-28 06:25:10,N,Y,849.0,849.0,843.0,845.0,65113.31657693,845.0,849.0,0.0,4.0,buy:missing_bar,backfill_mismatch
2026-09-27 13:35:00,1,2026-09-28 06:30:10,2026-09-28 06:30:10,N,Y,845.0,848.0,842.0,845.0,61685.291654,845.0,845.0,0.0,0.0,buy:missing_bar,match
2026-09-27 13:40:00,1,2026-09-28 06:35:10,2026-09-28 06:35:10,N,Y,845.0,848.0,844.0,844.0,18719.88110958,844.0,845.0,0.0,1.0,buy:missing_bar,match
2026-09-27 13:45:00,1,2026-09-28 06:40:10,2026-09-28 06:40:10,N,Y,844.0,847.0,844.0,847.0,35372.84932999,847.0,846.0,0.0,-1.0,buy:missing_bar,match
2026-09-27 13:50:00,1,2026-09-28 06:45:10,2026-09-28 06:45:10,N,Y,847.0,847.0,839.0,841.0,55825.90737479,841.0,,0.0,,buy:rt,match
2026-09-27 13:55:00,1,2026-09-28 06:50:10,2026-09-28 06:50:10,N,Y,841.0,843.0,839.0,843.0,45512.78063673,843.0,841.0,0.0,-2.0,buy:missing_bar,backfill_mismatch
2026-09-27 14:00:00,1,2026-09-28 06:55:11,2026-09-28 06:55:11,N,Y,842.0,849.0,840.0,849.0,21860.66729588,849.0,842.0,0.0,-7.0,buy:missing_bar,backfill_mismatch
2026-09-27 14:05:00,1,2026-09-28 07:00:11,2026-09-28 07:00:11,N,Y,848.0,849.0,845.0,849.0,19216.39604816,849.0,849.0,0.0,0.0,buy:missing_bar,match
2026-09-27 14:10:00,2,2026-09-28 07:00:11,2026-09-28 07:05:11,N,N,849.0,849.0,846.0,846.0,11829.53950183,846.0,849.0,0.0,3.0,buy:missing_bar,backfill_mismatch
2026-09-27 14:15:00,1,2026-09-28 07:10:11,2026-09-28 07:10:11,N,Y,845.0,845.0,842.0,842.0,11212.68710379,842.0,845.0,0.0,3.0,buy:missing_bar,backfill_mismatch
2026-09-27 14:20:00,1,2026-09-28 07:15:10,2026-09-28 07:15:10,N,Y,842.0,850.0,842.0,848.0,72197.14136443,848.0,842.0,0.0,-6.0,buy:missing_bar,backfill_mismatch
2026-09-27 14:25:00,1,2026-09-28 07:20:10,2026-09-28 07:20:10,N,Y,848.0,848.0,846.0,846.0,13855.97302786,846.0,848.0,0.0,2.0,buy:missing_bar,backfill_mismatch
2026-09-27 14:30:00,1,2026-09-28 07:25:10,2026-09-28 07:25:10,N,Y,847.0,847.0,840.0,842.0,27088.01939668,842.0,,0.0,,buy:rt,match
2026-09-27 14:35:00,2,2026-09-28 07:25:10,2026-09-28 07:30:05,N,N,842.0,848.0,842.0,847.0,51897.97743293,847.0,842.0,0.0,-5.0,buy:missing_bar,backfill_mismatch
2026-09-27 14:40:00,2,2026-09-28 07:30:05,2026-09-28 07:35:05,N,N,848.0,848.0,846.0,846.0,4833.1117467,846.0,848.0,0.0,2.0,buy:missing_bar,backfill_mismatch
2026-09-27 14:45:00,2,2026-09-28 07:35:05,2026-09-28 07:40:10,N,N,846.0,848.0,846.0,848.0,6608.65710372,848.0,846.0,0.0,-2.0,buy:missing_bar,backfill_mismatch
2026-09-27 14:50:00,1,2026-09-28 07:45:10,2026-09-28 07:45:10,N,Y,847.0,847.0,844.0,844.0,4150.21621453,844.0,,0.0,,buy:rt,match
2026-09-27 14:55:00,1,2026-09-28 07:50:11,2026-09-28 07:50:11,N,Y,844.0,845.0,843.0,845.0,13500.27854116,845.0,,0.0,,buy:rt,match
2026-09-27 15:00:00,1,2026-09-28 07:55:11,2026-09-28 07:55:11,N,Y,845.0,849.0,844.0,847.0,18662.56179545,847.0,845.0,0.0,-2.0,buy:missing_bar,backfill_mismatch
2026-09-27 15:05:00,1,2026-09-28 08:00:11,2026-09-28 08:00:11,N,Y,845.0,847.0,841.0,842.0,14677.30472996,842.0,845.0,0.0,3.0,buy:missing_bar,backfill_mismatch
2026-09-27 15:10:00,2,2026-09-28 08:00:11,2026-09-28 08:05:10,N,N,841.0,845.0,840.0,844.0,11641.27458772,844.0,841.0,0.0,-3.0,buy:missing_bar,backfill_mismatch
2026-09-27 15:15:00,1,2026-09-28 08:10:10,2026-09-28 08:10:10,N,Y,845.0,845.0,842.0,843.0,14984.16678682,843.0,,0.0,,buy:rt,match
2026-09-27 15:20:00,1,2026-09-28 08:15:10,2026-09-28 08:15:10,N,Y,843.0,843.0,839.0,842.0,30536.08624819,842.0,842.0,0.0,0.0,buy:missing_bar,match
2026-09-27 15:25:00,1,2026-09-28 08:20:10,2026-09-28 08:20:10,N,Y,841.0,842.0,834.0,839.0,106428.39212057,839.0,839.0,0.0,0.0,buy:missing_bar,match
2026-09-27 15:30:00,1,2026-09-28 08:25:11,2026-09-28 08:25:11,N,Y,838.0,838.0,831.0,837.0,41738.92519804,837.0,838.0,0.0,1.0,buy:missing_bar,match
2026-09-27 15:35:00,1,2026-09-28 08:30:11,2026-09-28 08:30:11,N,Y,837.0,839.0,837.0,838.0,11558.65340555,838.0,837.0,0.0,-1.0,buy:missing_bar,match
2026-09-27 15:40:00,1,2026-09-28 08:35:10,2026-09-28 08:35:10,N,Y,836.0,836.0,836.0,836.0,15.0,836.0,,0.0,,buy:rt,match
2026-09-27 15:45:00,1,2026-09-28 08:40:10,2026-09-28 08:40:10,N,Y,835.0,838.0,835.0,835.0,4201.81204925,835.0,,0.0,,buy:rt,match
2026-09-27 15:50:00,1,2026-09-28 08:45:10,2026-09-28 08:45:10,N,Y,836.0,837.0,834.0,834.0,8552.62522415,834.0,,0.0,,buy:rt,match
2026-09-27 15:55:00,1,2026-09-28 08:50:10,2026-09-28 08:50:10,N,Y,833.0,835.0,832.0,835.0,17017.72593426,835.0,,0.0,,buy:rt,match
2026-09-27 16:00:00,1,2026-09-28 08:55:10,2026-09-28 08:55:10,N,Y,835.0,839.0,834.0,839.0,4507.08200612,839.0,835.0,0.0,-4.0,buy:missing_bar,backfill_mismatch
2026-09-27 16:05:00,2,2026-09-28 08:55:10,2026-09-28 09:00:05,N,N,840.0,845.0,839.0,843.0,72378.22046722,843.0,,0.0,,buy:rt,match
2026-09-27 16:10:00,2,2026-09-28 09:00:05,2026-09-28 09:05:10,N,N,843.0,844.0,840.0,840.0,4417.56962417,840.0,,0.0,,buy:rt,match
2026-09-27 16:15:00,1,2026-09-28 09:10:10,2026-09-28 09:10:10,N,Y,839.0,839.0,833.0,838.0,78225.0533148,838.0,,0.0,,buy:rt,match
2026-09-27 16:20:00,1,2026-09-28 09:15:11,2026-09-28 09:15:11,N,Y,838.0,838.0,836.0,838.0,8884.13606631,838.0,,0.0,,buy:rt,match
2026-09-27 16:25:00,2,2026-09-28 09:15:11,2026-09-28 09:20:10,N,N,838.0,838.0,837.0,837.0,19125.49606353,837.0,838.0,0.0,1.0,buy:missing_bar,match
2026-09-27 16:30:00,1,2026-09-28 09:25:10,2026-09-28 09:25:10,N,Y,836.0,839.0,836.0,837.0,32591.4916776,837.0,,0.0,,buy:rt,match
2026-09-27 16:35:00,1,2026-09-28 09:30:11,2026-09-28 09:30:11,N,Y,835.0,835.0,833.0,833.0,10858.69900262,833.0,,0.0,,buy:rt,match
2026-09-27 16:40:00,1,2026-09-28 09:35:11,2026-09-28 09:35:11,N,Y,837.0,838.0,837.0,837.0,2875.77061953,837.0,,0.0,,buy:rt,match
2026-09-27 16:45:00,2,2026-09-28 09:35:11,2026-09-28 09:40:06,N,N,837.0,843.0,837.0,839.0,16982.08075073,839.0,,0.0,,buy:rt,match
2026-09-27 16:50:00,2,2026-09-28 09:40:06,2026-09-28 09:45:11,N,N,841.0,843.0,840.0,842.0,3158.88480504,842.0,,0.0,,buy:rt,match
2026-09-27 16:55:00,1,2026-09-28 09:50:10,2026-09-28 09:50:10,N,Y,841.0,846.0,840.0,846.0,87708.63563007,846.0,,0.0,,buy:rt,match
2026-09-27 17:00:00,1,2026-09-28 09:55:10,2026-09-28 09:55:10,N,Y,846.0,853.0,845.0,853.0,74821.16470222,853.0,845.0,0.0,-8.0,buy:missing_bar,backfill_mismatch
2026-09-27 17:05:00,2,2026-09-28 09:55:10,2026-09-28 10:00:06,N,N,854.0,854.0,849.0,850.0,19034.75005835,850.0,,0.0,,buy:rt,match
2026-09-27 17:10:00,2,2026-09-28 10:00:06,2026-09-28 10:05:10,N,N,850.0,851.0,846.0,850.0,44521.79043453,850.0,850.0,0.0,0.0,buy:missing_bar,match
2026-09-27 17:15:00,1,2026-09-28 10:10:05,2026-09-28 10:10:05,N,Y,850.0,850.0,847.0,849.0,6319.69794262,849.0,849.0,0.0,0.0,buy:missing_bar,match
2026-09-27 17:20:00,2,2026-09-28 10:10:05,2026-09-28 10:15:10,N,N,848.0,848.0,846.0,846.0,2234.00791698,846.0,848.0,0.0,2.0,buy:missing_bar,backfill_mismatch
2026-09-27 17:25:00,2,2026-09-28 10:15:10,2026-09-28 10:20:10,N,N,845.0,849.0,845.0,846.0,15465.20741562,846.0,846.0,0.0,0.0,buy:missing_bar,match
2026-09-27 17:30:00,1,2026-09-28 10:25:05,2026-09-28 10:25:05,N,Y,847.0,858.0,847.0,857.0,34551.99803133,857.0,,0.0,,buy:rt,match
2026-09-27 17:35:00,2,2026-09-28 10:25:05,2026-09-28 10:30:06,N,N,857.0,859.0,854.0,858.0,50780.28933493,858.0,857.0,0.0,-1.0,buy:missing_bar,match
2026-09-27 17:40:00,2,2026-09-28 10:30:06,2026-09-28 10:35:06,N,N,858.0,871.0,858.0,864.0,83311.44271583,864.0,,0.0,,buy:rt,match
2026-09-27 17:45:00,2,2026-09-28 10:35:06,2026-09-28 10:40:11,N,N,863.0,865.0,861.0,863.0,20690.95096779,863.0,,0.0,,buy:rt,match
2026-09-27 17:50:00,1,2026-09-28 10:45:11,2026-09-28 10:45:11,N,Y,862.0,862.0,861.0,862.0,11514.80738142,862.0,,0.0,,buy:rt,match
2026-09-27 17:55:00,2,2026-09-28 10:45:11,2026-09-28 10:50:10,N,N,862.0,862.0,858.0,860.0,102964.79827006,860.0,,0.0,,buy:rt,match
2026-09-27 18:00:00,1,2026-09-28 10:55:11,2026-09-28 10:55:11,N,Y,860.0,868.0,860.0,861.0,29694.77685176,861.0,860.0,0.0,-1.0,buy:missing_bar,match
2026-09-27 18:05:00,2,2026-09-28 10:55:11,2026-09-28 11:00:10,N,N,860.0,860.0,853.0,854.0,69360.10172734,854.0,860.0,0.0,6.0,buy:missing_bar,backfill_mismatch
2026-09-27 18:10:00,1,2026-09-28 11:05:10,2026-09-28 11:05:10,N,Y,854.0,860.0,853.0,860.0,30041.95539826,860.0,,0.0,,buy:rt,match
2026-09-27 18:15:00,1,2026-09-28 11:10:10,2026-09-28 11:10:10,N,Y,860.0,861.0,858.0,860.0,38041.66430604,860.0,,0.0,,buy:rt,match
2026-09-27 18:20:00,1,2026-09-28 11:15:10,2026-09-28 11:15:10,N,Y,858.0,867.0,858.0,866.0,32495.78387023,866.0,858.0,0.0,-8.0,buy:missing_bar,backfill_mismatch
2026-09-27 18:25:00,1,2026-09-28 11:20:11,2026-09-28 11:20:11,N,Y,866.0,867.0,862.0,862.0,20639.31660831,862.0,865.0,0.0,3.0,buy:missing_bar,backfill_mismatch
2026-09-27 18:30:00,1,2026-09-28 11:25:11,2026-09-28 11:25:11,N,Y,862.0,864.0,861.0,864.0,17353.8738885,864.0,862.0,0.0,-2.0,buy:missing_bar,backfill_mismatch
2026-09-27 18:35:00,2,2026-09-28 11:25:11,2026-09-28 11:30:06,N,N,864.0,868.0,864.0,868.0,8084.25678844,868.0,,0.0,,buy:rt,match
2026-09-27 18:40:00,2,2026-09-28 11:30:06,2026-09-28 11:35:11,N,N,870.0,871.0,868.0,870.0,5209.41907839,870.0,870.0,0.0,0.0,buy:missing_bar,match
2026-09-27 18:45:00,1,2026-09-28 11:40:06,2026-09-28 11:40:06,N,Y,870.0,873.0,870.0,871.0,16139.45641966,871.0,,0.0,,buy:rt,match
2026-09-27 18:50:00,2,2026-09-28 11:40:06,2026-09-28 11:45:11,N,N,871.0,871.0,866.0,868.0,57787.63101365,868.0,871.0,0.0,3.0,buy:missing_bar,backfill_mismatch
2026-09-27 18:55:00,2,2026-09-28 11:45:11,2026-09-28 11:50:10,N,N,868.0,868.0,866.0,866.0,4854.32603742,866.0,,0.0,,buy:rt,match
2026-09-27 19:00:00,1,2026-09-28 11:55:10,2026-09-28 11:55:10,N,Y,865.0,870.0,863.0,869.0,37495.2373004,869.0,865.0,0.0,-4.0,buy:missing_bar,backfill_mismatch
2026-09-27 19:05:00,1,2026-09-28 12:00:10,2026-09-28 12:00:10,N,Y,868.0,868.0,865.0,867.0,8204.88372972,867.0,,0.0,,buy:rt,match
2026-09-27 19:10:00,1,2026-09-28 12:05:06,2026-09-28 12:05:06,N,Y,867.0,868.0,867.0,868.0,11570.67936804,868.0,,0.0,,buy:rt,match
2026-09-27 19:15:00,2,2026-09-28 12:05:06,2026-09-28 12:10:11,N,N,868.0,872.0,867.0,871.0,18681.75565824,871.0,,0.0,,buy:rt,match
2026-09-27 19:20:00,1,2026-09-28 12:15:11,2026-09-28 12:15:11,N,Y,871.0,875.0,871.0,874.0,38472.20246908,874.0,871.0,0.0,-3.0,buy:missing_bar,backfill_mismatch
2026-09-27 19:25:00,1,2026-09-28 12:20:10,2026-09-28 12:20:10,N,Y,874.0,875.0,872.0,875.0,30390.71322096,875.0,874.0,0.0,-1.0,buy:missing_bar,match
2026-09-27 19:30:00,1,2026-09-28 12:25:10,2026-09-28 12:25:10,N,Y,875.0,878.0,874.0,876.0,84751.03979895,876.0,,0.0,,buy:rt,match
2026-09-27 19:35:00,1,2026-09-28 12:30:10,2026-09-28 12:30:10,N,Y,877.0,882.0,863.0,863.0,532687.67466137,863.0,878.0,0.0,15.0,buy:missing_bar,backfill_mismatch
2026-09-27 19:40:00,1,2026-09-28 12:35:10,2026-09-28 12:35:10,N,Y,863.0,867.0,856.0,857.0,112687.16790506,857.0,866.0,0.0,9.0,buy:missing_bar,backfill_mismatch
2026-09-27 19:45:00,1,2026-09-28 12:40:10,2026-09-28 12:40:10,N,Y,857.0,863.0,857.0,860.0,60453.52396272,860.0,857.0,0.0,-3.0,buy:missing_bar,backfill_mismatch
2026-09-27 19:50:00,1,2026-09-28 12:45:10,2026-09-28 12:45:10,N,Y,860.0,860.0,858.0,859.0,9877.87521754,859.0,,0.0,,buy:rt,match
2026-09-27 19:55:00,1,2026-09-28 12:50:11,2026-09-28 12:50:11,N,Y,860.0,861.0,859.0,861.0,7353.61791252,861.0,,0.0,,buy:rt,match
2026-09-27 20:00:00,1,2026-09-28 12:55:11,2026-09-28 12:55:11,N,Y,859.0,860.0,855.0,855.0,33707.81799063,855.0,,0.0,,buy:rt,match
2026-09-27 20:05:00,2,2026-09-28 12:55:11,2026-09-28 13:00:11,N,N,856.0,856.0,854.0,855.0,23332.17703427,855.0,,0.0,,buy:rt,match
2026-09-27 20:10:00,1,2026-09-28 13:05:10,2026-09-28 13:05:10,N,Y,855.0,856.0,854.0,856.0,20981.31413548,856.0,,0.0,,buy:rt,match
2026-09-27 20:15:00,1,2026-09-28 13:10:10,2026-09-28 13:10:10,N,Y,856.0,857.0,846.0,846.0,125276.38620181,846.0,,0.0,,buy:rt,match
2026-09-27 20:20:00,1,2026-09-28 13:15:10,2026-09-28 13:15:10,N,Y,846.0,850.0,846.0,850.0,34003.86864243,850.0,846.0,0.0,-4.0,buy:missing_bar,backfill_mismatch
2026-09-27 20:25:00,1,2026-09-28 13:20:10,2026-09-28 13:20:10,N,Y,850.0,855.0,849.0,853.0,8380.99178482,853.0,,0.0,,buy:rt,match
2026-09-27 20:30:00,1,2026-09-28 13:25:10,2026-09-28 13:25:10,N,Y,855.0,859.0,853.0,856.0,65462.95757099,856.0,,0.0,,buy:rt,match
2026-09-27 20:35:00,2,2026-09-28 13:25:10,2026-09-28 13:30:10,N,N,857.0,858.0,847.0,848.0,18105.69404883,848.0,,0.0,,buy:rt,match
2026-09-27 20:40:00,1,2026-09-28 13:35:10,2026-09-28 13:35:10,N,Y,849.0,849.0,843.0,843.0,37377.71468114,843.0,849.0,0.0,6.0,buy:missing_bar,backfill_mismatch
2026-09-27 20:45:00,1,2026-09-28 13:40:11,2026-09-28 13:40:11,N,Y,843.0,843.0,838.0,839.0,91620.29052248,839.0,,0.0,,buy:rt,match
2026-09-27 20:50:00,1,2026-09-28 13:45:06,2026-09-28 13:45:06,N,Y,839.0,847.0,838.0,845.0,83577.3167309,845.0,839.0,0.0,-6.0,buy:missing_bar,backfill_mismatch
2026-09-27 20:55:00,2,2026-09-28 13:45:06,2026-09-28 13:50:11,N,N,846.0,847.0,844.0,844.0,11224.47615988,844.0,,0.0,,buy:rt,match
2026-09-27 21:00:00,1,2026-09-28 13:55:05,2026-09-28 13:55:05,N,Y,844.0,848.0,843.0,848.0,61385.10755591,848.0,,0.0,,buy:rt,match
2026-09-27 21:05:00,2,2026-09-28 13:55:05,2026-09-28 14:00:10,N,N,847.0,849.0,846.0,846.0,8880.78394487,846.0,,0.0,,buy:rt,match
2026-09-27 21:10:00,1,2026-09-28 14:05:05,2026-09-28 14:05:05,N,Y,846.0,846.0,845.0,845.0,1210.59055221,845.0,,0.0,,buy:rt,match
2026-09-27 21:15:00,2,2026-09-28 14:05:05,2026-09-28 14:10:10,N,N,846.0,847.0,844.0,847.0,12427.25183442,847.0,,0.0,,buy:rt,match
2026-09-27 21:20:00,2,2026-09-28 14:10:10,2026-09-28 14:15:11,N,N,848.0,849.0,846.0,848.0,119914.97887735,848.0,,0.0,,buy:rt,match
2026-09-27 21:25:00,2,2026-09-28 14:15:11,2026-09-28 14:20:10,N,N,848.0,849.0,848.0,848.0,6932.87303685,848.0,,0.0,,buy:rt,match
2026-09-27 21:30:00,1,2026-09-28 14:25:10,2026-09-28 14:25:10,N,Y,849.0,850.0,849.0,849.0,542.33127298,849.0,,0.0,,buy:rt,match
2026-09-27 21:35:00,1,2026-09-28 14:30:10,2026-09-28 14:30:10,N,Y,850.0,851.0,848.0,851.0,12660.09130972,851.0,850.0,0.0,-1.0,buy:missing_bar,match
2026-09-27 21:40:00,2,2026-09-28 14:30:10,2026-09-28 14:35:10,N,N,851.0,851.0,849.0,850.0,6718.45039849,850.0,,0.0,,buy:rt,match
2026-09-27 21:45:00,1,2026-09-28 14:40:10,2026-09-28 14:40:10,N,Y,850.0,851.0,849.0,849.0,10759.21132753,849.0,,0.0,,buy:rt,match
2026-09-27 21:50:00,1,2026-09-28 14:45:10,2026-09-28 14:45:10,N,Y,850.0,850.0,849.0,849.0,757.52181017,849.0,,0.0,,buy:rt,match
2026-09-27 21:55:00,1,2026-09-28 14:50:10,2026-09-28 14:50:10,N,Y,849.0,849.0,845.0,845.0,32811.7254682,845.0,849.0,0.0,4.0,buy:missing_bar,backfill_mismatch
2026-09-27 22:00:00,1,2026-09-28 14:55:10,2026-09-28 14:55:10,N,Y,844.0,845.0,836.0,843.0,35302.1751115,843.0,,0.0,,buy:rt,match
2026-09-27 22:05:00,1,2026-09-28 15:00:11,2026-09-28 15:00:11,N,Y,841.0,844.0,841.0,843.0,2663.59708888,843.0,,0.0,,buy:rt,match
2026-09-27 22:10:00,1,2026-09-28 15:05:11,2026-09-28 15:05:11,N,Y,842.0,842.0,838.0,838.0,15507.53371994,838.0,842.0,0.0,4.0,buy:missing_bar,backfill_mismatch
2026-09-27 22:15:00,1,2026-09-28 15:10:10,2026-09-28 15:10:10,N,Y,837.0,841.0,837.0,841.0,36398.67397343,841.0,,0.0,,buy:rt,match
2026-09-27 22:20:00,1,2026-09-28 15:15:10,2026-09-28 15:15:10,N,Y,841.0,843.0,841.0,843.0,10056.03515314,843.0,841.0,0.0,-2.0,buy:missing_bar,backfill_mismatch
2026-09-27 22:25:00,1,2026-09-28 15:20:05,2026-09-28 15:20:05,N,Y,843.0,844.0,842.0,844.0,3058.65665528,844.0,842.0,0.0,-2.0,buy:missing_bar,backfill_mismatch
2026-09-27 22:30:00,2,2026-09-28 15:20:05,2026-09-28 15:25:10,N,N,845.0,846.0,845.0,845.0,6647.47936054,845.0,,0.0,,buy:rt,match
2026-09-27 22:35:00,1,2026-09-28 15:30:10,2026-09-28 15:30:10,N,Y,845.0,845.0,841.0,841.0,13814.93626528,841.0,845.0,0.0,4.0,buy:missing_bar,backfill_mismatch
2026-09-27 22:40:00,2,2026-09-28 15:30:10,2026-09-28 15:35:10,N,N,842.0,843.0,841.0,843.0,2046.07805756,843.0,,0.0,,buy:rt,match
2026-09-27 22:45:00,1,2026-09-28 15:40:10,2026-09-28 15:40:10,N,Y,841.0,841.0,839.0,840.0,100113.61274025,840.0,839.0,0.0,-1.0,buy:missing_bar,match
2026-09-27 22:50:00,1,2026-09-28 15:45:06,2026-09-28 15:45:06,N,Y,840.0,841.0,840.0,840.0,10056.57888258,840.0,840.0,0.0,0.0,buy:missing_bar,match
2026-09-27 22:55:00,2,2026-09-28 15:45:06,2026-09-28 15:50:11,N,N,840.0,845.0,840.0,845.0,7875.66424975,845.0,,0.0,,buy:rt,match
2026-09-27 23:00:00,1,2026-09-28 15:55:10,2026-09-28 15:55:10,N,Y,845.0,848.0,843.0,848.0,11820.49461124,848.0,,0.0,,buy:rt,match
2026-09-27 23:05:00,1,2026-09-28 16:00:05,2026-09-28 16:00:05,N,Y,848.0,848.0,845.0,846.0,21336.50790552,846.0,,0.0,,buy:rt,match
2026-09-27 23:10:00,2,2026-09-28 16:00:05,2026-09-28 16:05:05,N,N,846.0,852.0,846.0,852.0,10385.22244349,852.0,,0.0,,buy:rt,match
2026-09-27 23:15:00,2,2026-09-28 16:05:05,2026-09-28 16:10:10,N,N,852.0,854.0,852.0,853.0,16344.33485699,853.0,,0.0,,buy:rt,match
2026-09-27 23:20:00,1,2026-09-28 16:15:10,2026-09-28 16:15:10,N,Y,848.0,848.0,842.0,842.0,31721.93351847,842.0,846.0,0.0,4.0,buy:missing_bar,backfill_mismatch
2026-09-27 23:25:00,1,2026-09-28 16:20:10,2026-09-28 16:20:10,N,Y,842.0,844.0,835.0,837.0,26227.01044038,837.0,,0.0,,buy:rt,match
2026-09-27 23:30:00,1,2026-09-28 16:25:11,2026-09-28 16:25:11,N,Y,839.0,843.0,838.0,843.0,6996.32373227,843.0,839.0,0.0,-4.0,buy:missing_bar,backfill_mismatch
2026-09-27 23:35:00,1,2026-09-28 16:30:11,2026-09-28 16:30:11,N,Y,842.0,842.0,824.0,826.0,31274.62058667,826.0,,0.0,,buy:rt,match
2026-09-27 23:40:00,1,2026-09-28 16:35:10,2026-09-28 16:35:10,N,Y,827.0,833.0,824.0,829.0,35058.70300892,829.0,,0.0,,buy:rt,match
2026-09-27 23:45:00,1,2026-09-28 16:40:10,2026-09-28 16:40:10,N,Y,828.0,833.0,826.0,833.0,34616.08438795,833.0,828.0,0.0,-5.0,buy:missing_bar,backfill_mismatch
2026-09-27 23:50:00,1,2026-09-28 16:45:11,2026-09-28 16:45:11,N,Y,832.0,833.0,821.0,822.0,43939.82533912,822.0,833.0,0.0,11.0,buy:missing_bar,backfill_mismatch
2026-09-27 23:55:00,1,2026-09-28 16:50:10,2026-09-28 16:50:10,N,Y,824.0,825.0,821.0,823.0,10472.72156465,823.0,,0.0,,buy:rt,match
2026-09-28 00:00:00,1,2026-09-28 16:55:10,2026-09-28 16:55:10,N,Y,823.0,824.0,817.0,817.0,69493.11976463,817.0,823.0,0.0,6.0,buy:missing_bar,backfill_mismatch
2026-09-28 00:05:00,2,2026-09-28 16:55:10,2026-09-28 17:00:10,N,N,818.0,821.0,816.0,821.0,34498.28512944,821.0,,0.0,,buy:rt,match
2026-09-28 00:10:00,1,2026-09-28 17:05:10,2026-09-28 17:05:10,N,Y,822.0,824.0,821.0,823.0,16398.00505583,823.0,822.0,0.0,-1.0,buy:missing_bar,match
2026-09-28 00:15:00,1,2026-09-28 17:10:10,2026-09-28 17:10:10,N,Y,823.0,824.0,823.0,824.0,5718.74174528,824.0,,0.0,,buy:rt,match
2026-09-28 00:20:00,1,2026-09-28 17:15:10,2026-09-28 17:15:10,N,Y,820.0,820.0,819.0,819.0,1676.17593353,819.0,,0.0,,buy:rt,match
2026-09-28 00:25:00,1,2026-09-28 17:20:11,2026-09-28 17:20:11,N,Y,819.0,819.0,814.0,819.0,37819.31060588,819.0,819.0,0.0,0.0,buy:missing_bar,match
2026-09-28 00:30:00,1,2026-09-28 17:25:11,2026-09-28 17:25:11,N,Y,818.0,821.0,818.0,821.0,7997.35625736,821.0,,0.0,,buy:rt,match
2026-09-28 00:35:00,1,2026-09-28 17:30:10,2026-09-28 17:30:10,N,Y,817.0,819.0,815.0,816.0,63063.53629284,816.0,,0.0,,buy:rt,match
2026-09-28 00:40:00,1,2026-09-28 17:35:10,2026-09-28 17:35:10,N,Y,819.0,819.0,815.0,818.0,31673.76231345,818.0,,0.0,,buy:rt,match
2026-09-28 00:45:00,2,2026-09-28 17:35:10,2026-09-28 17:40:10,N,N,818.0,819.0,816.0,819.0,32230.88878063,819.0,818.0,0.0,-1.0,buy:missing_bar,match
2026-09-28 00:50:00,1,2026-09-28 17:45:10,2026-09-28 17:45:10,N,Y,816.0,818.0,816.0,817.0,6834.04551779,817.0,,0.0,,buy:rt,match
2026-09-28 00:55:00,1,2026-09-28 17:50:10,2026-09-28 17:50:10,N,Y,817.0,818.0,816.0,818.0,47218.01139384,818.0,817.0,0.0,-1.0,buy:missing_bar,match
2026-09-28 01:00:00,1,2026-09-28 17:55:06,2026-09-28 17:55:06,N,Y,818.0,819.0,816.0,817.0,30586.32166321,817.0,,0.0,,buy:rt,match
2026-09-28 01:05:00,2,2026-09-28 17:55:06,2026-09-28 18:00:06,N,N,818.0,825.0,818.0,825.0,149002.85290285,825.0,,0.0,,buy:rt,match
2026-09-28 01:10:00,2,2026-09-28 18:00:06,2026-09-28 18:05:11,N,N,823.0,824.0,822.0,823.0,14778.89333335,823.0,823.0,0.0,0.0,buy:missing_bar,match
2026-09-28 01:15:00,1,2026-09-28 18:10:06,2026-09-28 18:10:06,N,Y,825.0,827.0,823.0,827.0,68762.02189877,827.0,,0.0,,buy:rt,match
2026-09-28 01:20:00,2,2026-09-28 18:10:06,2026-09-28 18:15:11,N,N,826.0,827.0,825.0,825.0,1431.84697518,825.0,826.0,0.0,1.0,buy:missing_bar,match
2026-09-28 01:25:00,1,2026-09-28 18:20:11,2026-09-28 18:20:11,N,Y,824.0,824.0,822.0,822.0,37462.70504204,822.0,,0.0,,buy:rt,match
2026-09-28 01:30:00,1,2026-09-28 18:25:10,2026-09-28 18:25:10,N,Y,821.0,825.0,821.0,823.0,3349.06804298,823.0,,0.0,,buy:rt,match
2026-09-28 01:35:00,1,2026-09-28 18:30:05,2026-09-28 18:30:05,N,Y,823.0,824.0,821.0,823.0,7308.84692437,823.0,,0.0,,buy:rt,match
2026-09-28 01:40:00,2,2026-09-28 18:30:05,2026-09-28 18:35:10,N,N,823.0,823.0,819.0,819.0,18791.24382,819.0,,0.0,,buy:rt,match
2026-09-28 01:45:00,1,2026-09-28 18:40:10,2026-09-28 18:40:10,N,Y,819.0,820.0,816.0,817.0,4696.79790584,817.0,,0.0,,buy:rt,match
2026-09-28 01:50:00,1,2026-09-28 18:45:10,2026-09-28 18:45:10,N,Y,817.0,817.0,815.0,815.0,189.43867142,815.0,817.0,0.0,2.0,buy:missing_bar,backfill_mismatch
2026-09-28 01:55:00,1,2026-09-28 18:50:11,2026-09-28 18:50:11,N,Y,815.0,815.0,814.0,814.0,7768.1068877,814.0,,0.0,,buy:rt,match
2026-09-28 02:00:00,1,2026-09-28 18:55:10,2026-09-28 18:55:10,N,Y,815.0,817.0,815.0,817.0,1598.26993865,817.0,,0.0,,buy:rt,match
2026-09-28 02:05:00,1,2026-09-28 19:00:10,2026-09-28 19:00:10,N,Y,817.0,817.0,815.0,816.0,16416.14145856,816.0,,0.0,,buy:rt,match
2026-09-28 02:10:00,1,2026-09-28 19:05:10,2026-09-28 19:05:10,N,Y,819.0,819.0,818.0,819.0,1418.001221,819.0,,0.0,,buy:rt,match
2026-09-28 02:15:00,1,2026-09-28 19:10:10,2026-09-28 19:10:10,N,Y,819.0,820.0,819.0,820.0,13578.0002585,820.0,,0.0,,buy:rt,match
2026-09-28 02:20:00,1,2026-09-28 19:15:11,2026-09-28 19:15:11,N,Y,819.0,819.0,818.0,818.0,8523.05654594,818.0,,0.0,,buy:rt,match
2026-09-28 02:25:00,1,2026-09-28 19:20:11,2026-09-28 19:20:11,N,Y,816.0,816.0,815.0,815.0,1824.42093887,815.0,,0.0,,buy:rt,match
2026-09-28 02:40:00,1,2026-09-28 19:25:06,2026-09-28 19:25:06,N,Y,815.0,818.0,814.0,818.0,4375.4354526,818.0,815.0,0.0,-3.0,buy:missing_bar,backfill_mismatch
2026-09-28 02:45:00,2,2026-09-28 19:25:06,2026-09-28 19:30:10,N,N,818.0,822.0,818.0,822.0,2796.23229645,822.0,818.0,0.0,-4.0,buy:missing_bar,backfill_mismatch
2026-09-28 02:50:00,1,2026-09-28 19:35:10,2026-09-28 19:35:10,N,Y,821.0,824.0,820.0,821.0,17872.52646649,821.0,,0.0,,buy:rt,match
2026-09-28 02:55:00,1,2026-09-28 19:40:05,2026-09-28 19:40:05,N,Y,820.0,820.0,818.0,820.0,146.26285242,820.0,,0.0,,buy:rt,match
2026-09-28 03:00:00,2,2026-09-28 19:40:05,2026-09-28 19:45:05,N,N,818.0,818.0,816.0,817.0,5826.43979484,817.0,,0.0,,buy:rt,match
2026-09-28 03:05:00,2,2026-09-28 19:45:05,2026-09-28 19:50:10,N,N,817.0,817.0,815.0,815.0,826.10373806,815.0,,0.0,,buy:rt,match
2026-09-28 03:10:00,1,2026-09-28 19:55:10,2026-09-28 19:55:10,N,Y,816.0,817.0,816.0,817.0,114.5669547,817.0,,0.0,,buy:rt,match
2026-09-28 03:15:00,2,2026-09-28 20:00:10,2026-09-28 20:05:06,N,Y,819.0,819.0,819.0,819.0,1112.47114049,819.0,,0.0,,buy:rt,match
2026-09-28 03:20:00,2,2026-09-28 20:05:06,2026-09-28 20:10:11,N,N,817.0,817.0,817.0,817.0,111.0,817.0,,0.0,,buy:rt,match
2026-09-28 03:25:00,1,2026-09-28 20:15:10,2026-09-28 20:15:10,N,Y,818.0,818.0,818.0,818.0,1206.22113185,818.0,,0.0,,buy:rt,match
2026-09-28 03:30:00,1,2026-09-28 20:20:10,2026-09-28 20:20:10,N,Y,818.0,820.0,817.0,817.0,1467.85894004,817.0,,0.0,,buy:rt,match
2026-09-28 03:35:00,1,2026-09-28 20:25:10,2026-09-28 20:25:10,N,Y,820.0,822.0,819.0,819.0,2170.34113377,819.0,,0.0,,buy:rt,match
2026-09-28 03:40:00,1,2026-09-28 20:30:10,2026-09-28 20:30:10,N,Y,821.0,823.0,821.0,821.0,1673.54071293,821.0,,0.0,,buy:rt,match
2026-09-28 03:45:00,1,2026-09-28 20:35:10,2026-09-28 20:35:10,N,Y,824.0,824.0,822.0,822.0,16386.18183562,822.0,,0.0,,buy:rt,match
2026-09-28 03:50:00,1,2026-09-28 20:40:10,2026-09-28 20:40:10,N,Y,822.0,822.0,820.0,820.0,101.8127465,820.0,822.0,0.0,2.0,buy:missing_bar,backfill_mismatch
2026-09-28 03:55:00,1,2026-09-28 20:45:11,2026-09-28 20:45:11,N,Y,819.0,819.0,819.0,819.0,246.0205,819.0,,0.0,,buy:rt,match
2026-09-28 04:00:00,1,2026-09-28 20:50:10,2026-09-28 20:50:10,N,Y,819.0,819.0,816.0,816.0,12297.88700065,816.0,,0.0,,buy:rt,match
2026-09-28 04:05:00,1,2026-09-28 20:55:10,2026-09-28 20:55:10,N,Y,816.0,816.0,816.0,816.0,49.01960784,816.0,,0.0,,buy:rt,match
2026-09-28 04:10:00,1,2026-09-28 21:00:10,2026-09-28 21:00:10,N,Y,815.0,815.0,796.0,806.0,66907.12613178,806.0,,0.0,,buy:rt,match
2026-09-28 04:15:00,1,2026-09-28 21:05:10,2026-09-28 21:05:10,N,Y,808.0,813.0,808.0,813.0,20963.84169226,813.0,,0.0,,buy:rt,match
2026-09-28 04:20:00,2,2026-09-28 21:05:10,2026-09-28 21:10:10,N,N,813.0,813.0,806.0,810.0,23331.99065723,810.0,,0.0,,buy:rt,match
2026-09-28 04:25:00,1,2026-09-28 21:15:10,2026-09-28 21:15:10,N,Y,810.0,811.0,806.0,806.0,115956.3998905,806.0,810.0,0.0,4.0,buy:missing_bar,backfill_mismatch
2026-09-28 04:30:00,2,2026-09-28 21:15:10,2026-09-28 21:20:10,N,N,806.0,808.0,805.0,805.0,108733.74241123,805.0,807.0,0.0,2.0,buy:missing_bar,backfill_mismatch
2026-09-28 04:35:00,1,2026-09-28 21:25:10,2026-09-28 21:25:10,N,Y,806.0,808.0,806.0,808.0,44308.83134125,808.0,,0.0,,buy:rt,match
2026-09-28 04:40:00,2,2026-09-28 21:25:10,2026-09-28 21:30:05,N,N,807.0,808.0,806.0,807.0,47355.01020105,807.0,,0.0,,buy:rt,match
2026-09-28 04:45:00,2,2026-09-28 21:30:05,2026-09-28 21:35:11,N,N,807.0,808.0,800.0,802.0,45397.49557432,802.0,,0.0,,buy:rt,match
2026-09-28 04:50:00,2,2026-09-28 21:35:11,2026-09-28 21:40:06,N,N,802.0,804.0,802.0,804.0,3832.16408586,804.0,,0.0,,buy:rt,match
2026-09-28 04:55:00,2,2026-09-28 21:40:06,2026-09-28 21:45:06,N,N,804.0,804.0,803.0,803.0,10893.19537273,803.0,804.0,0.0,1.0,buy:missing_bar,match
2026-09-28 05:00:00,2,2026-09-28 21:45:06,2026-09-28 21:50:11,N,N,806.0,806.0,805.0,806.0,2065.22320065,806.0,,0.0,,buy:rt,match
2026-09-28 05:05:00,1,2026-09-28 21:55:06,2026-09-28 21:55:06,N,Y,808.0,808.0,806.0,806.0,4581.49148712,806.0,,0.0,,buy:rt,match
2026-09-28 05:10:00,2,2026-09-28 21:55:06,2026-09-28 22:00:06,N,N,808.0,808.0,808.0,808.0,46.93589998,808.0,,0.0,,buy:rt,match
2026-09-28 05:15:00,2,2026-09-28 22:00:06,2026-09-28 22:05:06,N,N,807.0,807.0,807.0,807.0,8672.39738247,807.0,,0.0,,buy:rt,match
2026-09-28 05:20:00,2,2026-09-28 22:05:06,2026-09-28 22:10:11,N,N,804.0,805.0,803.0,805.0,952.25477185,805.0,,0.0,,buy:rt,match
2026-09-28 05:25:00,2,2026-09-28 22:10:11,2026-09-28 22:15:11,N,N,804.0,804.0,802.0,802.0,5070.2864113,802.0,,0.0,,buy:rt,match
2026-09-28 05:30:00,1,2026-09-28 22:20:10,2026-09-28 22:20:10,N,Y,804.0,804.0,804.0,804.0,135.05348258,804.0,804.0,0.0,0.0,buy:missing_bar,match
2026-09-28 05:35:00,1,2026-09-28 22:25:10,2026-09-28 22:25:10,N,Y,804.0,804.0,804.0,804.0,815.41318892,804.0,,0.0,,buy:rt,match
2026-09-28 05:40:00,1,2026-09-28 22:30:10,2026-09-28 22:30:10,N,Y,804.0,804.0,803.0,803.0,468.61759134,803.0,,0.0,,buy:rt,match
2026-09-28 05:45:00,1,2026-09-28 22:35:10,2026-09-28 22:35:10,N,Y,805.0,805.0,805.0,805.0,22726.29797523,805.0,,0.0,,buy:rt,match
2026-09-28 05:50:00,1,2026-09-28 22:40:11,2026-09-28 22:40:11,N,Y,803.0,803.0,802.0,802.0,8893.96665577,802.0,,0.0,,buy:rt,match
2026-09-28 05:55:00,1,2026-09-28 22:45:10,2026-09-28 22:45:10,N,Y,802.0,803.0,802.0,803.0,277.90182917,803.0,802.0,0.0,-1.0,buy:missing_bar,match
2026-09-28 06:00:00,1,2026-09-28 22:50:05,2026-09-28 22:50:05,N,Y,803.0,805.0,803.0,804.0,37174.71936737,804.0,,0.0,,buy:rt,match
2026-09-28 06:05:00,2,2026-09-28 22:50:05,2026-09-28 22:55:10,N,N,806.0,806.0,804.0,806.0,11376.15927164,806.0,,0.0,,buy:rt,match
2026-09-28 06:10:00,1,2026-09-28 23:00:05,2026-09-28 23:00:05,N,Y,806.0,806.0,804.0,804.0,1942.02002931,804.0,,0.0,,buy:rt,match
2026-09-28 06:15:00,2,2026-09-28 23:00:05,2026-09-28 23:05:10,N,N,805.0,805.0,803.0,803.0,6931.82317657,803.0,805.0,0.0,2.0,buy:missing_bar,backfill_mismatch
2026-09-28 06:20:00,1,2026-09-28 23:10:05,2026-09-28 23:10:05,N,Y,805.0,806.0,803.0,806.0,4044.5278429,806.0,,0.0,,buy:rt,match
2026-09-28 06:25:00,2,2026-09-28 23:10:05,2026-09-28 23:15:10,N,N,807.0,808.0,807.0,808.0,2124.98778802,808.0,,0.0,,buy:rt,match
2026-09-28 06:30:00,1,2026-09-28 23:20:11,2026-09-28 23:20:11,N,Y,808.0,808.0,807.0,807.0,561.0387821,807.0,,0.0,,buy:rt,match
2026-09-28 06:35:00,1,2026-09-28 23:25:11,2026-09-28 23:25:11,N,Y,806.0,806.0,802.0,803.0,15078.54308417,803.0,,0.0,,buy:rt,match
2026-09-28 06:40:00,1,2026-09-28 23:30:10,2026-09-28 23:30:10,N,Y,804.0,807.0,804.0,807.0,1726.39499896,807.0,,0.0,,buy:rt,match
2026-09-28 06:45:00,1,2026-09-28 23:35:10,2026-09-28 23:35:10,N,Y,806.0,808.0,806.0,808.0,6242.84029898,808.0,,0.0,,buy:rt,match
2026-09-28 06:50:00,1,2026-09-28 23:40:10,2026-09-28 23:40:10,N,Y,808.0,809.0,808.0,809.0,3350.63090994,809.0,,0.0,,buy:rt,match
2026-09-28 06:55:00,1,2026-09-28 23:45:10,2026-09-28 23:45:10,N,Y,808.0,811.0,808.0,811.0,4161.33526003,811.0,,0.0,,buy:rt,match
2026-09-28 07:00:00,1,2026-09-28 23:50:10,2026-09-28 23:50:10,N,Y,811.0,811.0,805.0,806.0,13580.16717604,806.0,811.0,0.0,5.0,buy:missing_bar,backfill_mismatch
2026-09-28 07:05:00,1,2026-09-28 23:55:10,2026-09-28 23:55:10,N,Y,808.0,808.0,803.0,803.0,7027.6659247,803.0,,0.0,,buy:rt,match
2026-09-28 07:10:00,1,2026-09-29 00:00:11,2026-09-29 00:00:11,N,Y,803.0,803.0,800.0,800.0,10852.77999434,800.0,,0.0,,buy:rt,match
2026-09-28 07:15:00,1,2026-09-29 00:05:06,2026-09-29 00:05:06,N,Y,799.0,804.0,798.0,804.0,25593.65538136,804.0,,0.0,,buy:rt,match
2026-09-28 07:20:00,2,2026-09-29 00:05:06,2026-09-29 00:10:11,N,N,804.0,807.0,804.0,807.0,4667.98888846,807.0,,0.0,,buy:rt,match
2026-09-28 07:25:00,1,2026-09-29 00:15:10,2026-09-29 00:15:10,N,Y,808.0,808.0,808.0,808.0,5623.5431072,808.0,808.0,0.0,0.0,buy:missing_bar,match
2026-09-28 07:30:00,1,2026-09-29 00:20:10,2026-09-29 00:20:10,N,Y,808.0,808.0,802.0,802.0,10872.17913937,802.0,808.0,0.0,6.0,buy:missing_bar,backfill_mismatch
2026-09-28 07:35:00,1,2026-09-29 00:25:05,2026-09-29 00:25:05,N,Y,802.0,805.0,802.0,803.0,4429.98022985,803.0,802.0,0.0,-1.0,buy:missing_bar,match
2026-09-28 07:40:00,2,2026-09-29 00:25:05,2026-09-29 00:30:10,N,N,804.0,804.0,802.0,802.0,5906.69483134,802.0,,0.0,,buy:rt,match
2026-09-28 07:45:00,1,2026-09-29 00:35:10,2026-09-29 00:35:10,N,Y,801.0,805.0,801.0,802.0,3721.52470456,802.0,,0.0,,buy:rt,match
2026-09-28 07:50:00,1,2026-09-29 00:40:11,2026-09-29 00:40:11,N,Y,804.0,804.0,804.0,804.0,1320.93807916,804.0,,0.0,,buy:rt,match
2026-09-28 07:55:00,1,2026-09-29 00:45:10,2026-09-29 00:45:10,N,Y,807.0,808.0,806.0,806.0,6855.38137016,806.0,,0.0,,buy:rt,match
2026-09-28 08:00:00,1,2026-09-29 00:50:06,2026-09-29 00:50:06,N,Y,806.0,809.0,806.0,808.0,12443.53333794,808.0,806.0,0.0,-2.0,buy:missing_bar,backfill_mismatch
2026-09-28 08:05:00,2,2026-09-29 00:50:06,2026-09-29 00:55:10,N,N,807.0,807.0,801.0,802.0,9978.0030588,802.0,,0.0,,buy:rt,match
2026-09-28 08:10:00,2,2026-09-29 01:01:11,2026-09-29 01:05:10,N,Y,803.0,803.0,799.0,801.0,42740.43595193,801.0,,0.0,,buy:rt,match
2026-09-28 08:15:00,1,2026-09-29 01:15:11,2026-09-29 01:15:11,N,Y,801.0,804.0,800.0,802.0,32544.40543654,802.0,,0.0,,buy:rt,match
2026-09-28 08:20:00,2,2026-09-29 01:15:11,2026-09-29 01:20:06,N,N,803.0,803.0,802.0,802.0,4087.91064374,802.0,,0.0,,buy:rt,match
2026-09-28 08:25:00,2,2026-09-29 01:20:06,2026-09-29 01:25:06,N,N,803.0,806.0,802.0,806.0,17021.09465577,806.0,,0.0,,buy:rt,match
2026-09-28 08:30:00,2,2026-09-29 01:25:06,2026-09-29 01:30:06,N,N,804.0,806.0,804.0,805.0,7380.49719129,805.0,,0.0,,buy:rt,match
2026-09-28 08:35:00,2,2026-09-29 01:30:06,2026-09-29 01:35:11,N,N,804.0,805.0,804.0,805.0,3256.80816071,805.0,,0.0,,buy:rt,match
2026-09-28 08:40:00,1,2026-09-29 01:40:10,2026-09-29 01:40:10,N,Y,807.0,807.0,806.0,806.0,579.58745443,806.0,,0.0,,buy:rt,match
2026-09-28 08:45:00,1,2026-09-29 01:45:10,2026-09-29 01:45:10,N,Y,805.0,808.0,804.0,807.0,6239.95636326,807.0,,0.0,,buy:rt,match
2026-09-28 08:50:00,1,2026-09-29 01:50:10,2026-09-29 01:50:10,N,Y,806.0,809.0,806.0,809.0,6105.25362413,809.0,,0.0,,buy:rt,match
2026-09-28 08:55:00,1,2026-09-29 01:55:10,2026-09-29 01:55:10,N,Y,809.0,810.0,807.0,807.0,22386.99259942,807.0,809.0,0.0,2.0,buy:missing_bar,backfill_mismatch
2026-09-28 09:00:00,2,2026-09-29 01:55:10,2026-09-29 02:00:10,N,N,807.0,810.0,806.0,809.0,9801.6216766,809.0,806.0,0.0,-3.0,buy:missing_bar,backfill_mismatch
2026-09-28 09:05:00,1,2026-09-29 02:05:11,2026-09-29 02:05:11,N,Y,808.0,810.0,808.0,810.0,35648.9416246,810.0,,0.0,,buy:rt,match
2026-09-28 09:10:00,2,2026-09-29 02:11:31,2026-09-29 02:15:10,N,Y,810.0,814.0,809.0,813.0,132661.08646639,813.0,,0.0,,buy:rt,match
2026-09-28 09:15:00,1,2026-09-29 02:20:11,2026-09-29 02:20:11,N,Y,815.0,816.0,813.0,815.0,41342.71687975,815.0,813.0,0.0,-2.0,buy:missing_bar,backfill_mismatch
2026-09-28 09:20:00,1,2026-09-29 02:25:11,2026-09-29 02:25:11,N,Y,815.0,818.0,815.0,818.0,16619.93159779,818.0,,0.0,,buy:rt,match
2026-09-28 09:25:00,1,2026-09-29 02:30:11,2026-09-29 02:30:11,N,Y,819.0,820.0,818.0,818.0,26536.55697496,818.0,,0.0,,buy:rt,match
2026-09-28 09:30:00,1,2026-09-29 02:35:10,2026-09-29 02:35:10,N,Y,818.0,818.0,809.0,810.0,11180.44172996,810.0,,0.0,,buy:rt,match
2026-09-28 09:35:00,1,2026-09-29 02:40:10,2026-09-29 02:40:10,N,Y,811.0,811.0,804.0,804.0,28541.79308738,804.0,811.0,0.0,7.0,buy:missing_bar,backfill_mismatch
2026-09-28 09:40:00,1,2026-09-29 02:45:10,2026-09-29 02:45:10,N,Y,804.0,805.0,803.0,805.0,19679.22443949,805.0,803.0,0.0,-2.0,buy:missing_bar,backfill_mismatch
2026-09-28 09:45:00,1,2026-09-29 02:50:10,2026-09-29 02:50:10,N,Y,808.0,812.0,808.0,812.0,18852.96352784,812.0,,0.0,,buy:rt,match
2026-09-28 09:50:00,1,2026-09-29 02:55:10,2026-09-29 02:55:10,N,Y,810.0,815.0,809.0,809.0,35100.93645899,809.0,,0.0,,buy:rt,match
2026-09-28 09:55:00,1,2026-09-29 03:00:10,2026-09-29 03:00:10,N,Y,809.0,811.0,806.0,806.0,28672.43460315,806.0,809.0,0.0,3.0,buy:missing_bar,backfill_mismatch
2026-09-28 10:00:00,1,2026-09-29 03:05:11,2026-09-29 03:05:11,N,Y,806.0,809.0,804.0,807.0,40002.30574123,807.0,806.0,0.0,-1.0,buy:missing_bar,match
2026-09-28 10:05:00,1,2026-09-29 03:10:11,2026-09-29 03:10:11,N,Y,808.0,811.0,805.0,805.0,16051.35000351,805.0,,0.0,,buy:rt,match
2026-09-28 10:10:00,1,2026-09-29 03:20:11,2026-09-29 03:20:11,N,Y,804.0,805.0,801.0,801.0,20956.35991539,801.0,804.0,0.0,3.0,buy:missing_bar,backfill_mismatch
2026-09-28 10:15:00,1,2026-09-29 03:35:10,2026-09-29 03:35:10,N,Y,801.0,802.0,799.0,802.0,31167.12810054,802.0,801.0,0.0,-1.0,buy:missing_bar,match
2026-09-28 10:20:00,2,2026-09-29 03:40:40,2026-09-29 03:45:10,N,Y,806.0,808.0,804.0,804.0,5037.65134406,804.0,,0.0,,buy:rt,match
2026-09-28 10:25:00,1,2026-09-29 03:50:11,2026-09-29 03:50:11,N,Y,805.0,808.0,805.0,806.0,1914.63455891,806.0,805.0,0.0,-1.0,buy:missing_bar,match
2026-09-28 10:30:00,1,2026-09-29 04:00:10,2026-09-29 04:00:10,N,Y,806.0,807.0,805.0,807.0,12130.03772727,807.0,806.0,0.0,-1.0,buy:missing_bar,match
2026-09-28 10:35:00,1,2026-09-29 04:05:05,2026-09-29 04:05:05,N,Y,805.0,806.0,803.0,803.0,4954.27472338,803.0,806.0,0.0,3.0,buy:missing_bar,backfill_mismatch
2026-09-28 10:40:00,2,2026-09-29 04:05:05,2026-09-29 04:10:10,N,N,804.0,804.0,800.0,800.0,9401.35032511,800.0,,0.0,,buy:rt,match
2026-09-28 10:45:00,1,2026-09-29 04:15:11,2026-09-29 04:15:11,N,Y,800.0,804.0,796.0,798.0,2324.19673175,798.0,800.0,0.0,2.0,buy:missing_bar,backfill_mismatch
2026-09-28 10:50:00,2,2026-09-29 04:36:31,2026-09-29 04:40:10,N,Y,797.0,802.0,797.0,799.0,92570.52689036,799.0,,0.0,,buy:rt,match
2026-09-28 10:55:00,1,2026-09-29 04:45:10,2026-09-29 04:45:10,N,Y,799.0,799.0,794.0,795.0,121436.43226308,795.0,799.0,0.0,4.0,buy:missing_bar,backfill_mismatch
2026-09-28 11:00:00,2,2026-09-29 04:55:20,2026-09-29 05:00:10,N,Y,794.0,796.0,794.0,796.0,13216.86184438,796.0,,0.0,,buy:rt,match
2026-09-28 11:05:00,1,2026-09-29 05:05:05,2026-09-29 05:05:05,N,Y,797.0,800.0,796.0,799.0,15050.66831852,799.0,,0.0,,buy:rt,match
2026-09-28 11:10:00,2,2026-09-29 05:05:05,2026-09-29 05:10:10,N,N,800.0,801.0,800.0,801.0,2333.03235496,801.0,,0.0,,buy:rt,match
2026-09-28 11:15:00,1,2026-09-29 05:15:11,2026-09-29 05:15:11,N,Y,801.0,802.0,796.0,796.0,13773.77273338,796.0,,0.0,,buy:rt,match
2026-09-28 11:20:00,1,2026-09-29 05:20:11,2026-09-29 05:20:11,N,Y,797.0,798.0,796.0,797.0,11445.67953426,797.0,,0.0,,buy:rt,match
2026-09-28 11:25:00,1,2026-09-29 05:25:10,2026-09-29 05:25:10,N,Y,798.0,800.0,796.0,798.0,1762.7242306,798.0,798.0,0.0,0.0,buy:missing_bar,match
2026-09-28 11:30:00,1,2026-09-29 05:35:10,2026-09-29 05:35:10,N,Y,797.0,797.0,791.0,792.0,32084.18887238,792.0,797.0,0.0,5.0,buy:missing_bar,backfill_mismatch
2026-09-28 11:35:00,1,2026-09-29 05:40:11,2026-09-29 05:40:11,N,Y,793.0,793.0,790.0,790.0,15549.07713004,790.0,,0.0,,buy:rt,match
2026-09-28 11:40:00,1,2026-09-29 05:50:10,2026-09-29 05:50:10,N,Y,790.0,793.0,790.0,791.0,11210.12353711,791.0,790.0,0.0,-1.0,buy:missing_bar,match
2026-09-28 11:45:00,1,2026-09-29 05:55:10,2026-09-29 05:55:10,N,Y,791.0,792.0,787.0,788.0,42426.54450897,788.0,792.0,0.0,4.0,buy:missing_bar,backfill_mismatch
2026-09-28 11:50:00,1,2026-09-29 06:00:10,2026-09-29 06:00:10,N,Y,789.0,790.0,788.0,788.0,10290.02583494,788.0,,0.0,,buy:rt,match
2026-09-28 11:55:00,2,2026-09-29 06:11:01,2026-09-29 06:15:10,N,Y,789.0,789.0,788.0,789.0,2850.91812661,789.0,,0.0,,buy:rt,match
2026-09-28 12:00:00,1,2026-09-29 06:20:10,2026-09-29 06:20:10,N,Y,792.0,792.0,790.0,791.0,11020.12185524,791.0,,0.0,,buy:rt,match
2026-09-28 12:05:00,1,2026-09-29 06:25:10,2026-09-29 06:25:10,N,Y,792.0,792.0,789.0,789.0,35890.40068005,789.0,792.0,0.0,3.0,buy:missing_bar,backfill_mismatch
2026-09-28 12:10:00,1,2026-09-29 06:30:10,2026-09-29 06:30:10,N,Y,789.0,790.0,788.0,788.0,8311.13279893,788.0,,0.0,,buy:rt,match
2026-09-28 12:15:00,1,2026-09-29 06:35:11,2026-09-29 06:35:11,N,Y,787.0,788.0,785.0,786.0,31981.75480593,786.0,,0.0,,buy:rt,match
2026-09-28 12:20:00,1,2026-09-29 06:45:10,2026-09-29 06:45:10,N,Y,786.0,786.0,784.0,784.0,36231.47031164,784.0,,0.0,,buy:rt,match
2026-09-28 12:25:00,1,2026-09-29 06:50:10,2026-09-29 06:50:10,N,Y,784.0,784.0,778.0,778.0,34270.75683695,778.0,,0.0,,buy:rt,match
2026-09-28 12:30:00,1,2026-09-29 06:55:11,2026-09-29 06:55:11,N,Y,781.0,781.0,775.0,776.0,65647.44340859,776.0,,0.0,,buy:rt,match
2026-09-28 12:35:00,1,2026-09-29 07:00:10,2026-09-29 07:00:10,N,Y,776.0,784.0,776.0,781.0,44160.1347232,781.0,,0.0,,buy:rt,match
2026-09-28 12:40:00,1,2026-09-29 07:05:10,2026-09-29 07:05:10,N,Y,783.0,786.0,783.0,785.0,11267.87947289,785.0,,0.0,,buy:rt,match
2026-09-28 12:45:00,2,2026-09-29 07:17:27,2026-09-29 07:20:05,N,Y,784.0,784.0,782.0,782.0,27112.07173279,782.0,,0.0,,buy:rt,match
2026-09-28 12:50:00,2,2026-09-29 07:20:05,2026-09-29 07:25:10,N,N,784.0,784.0,782.0,784.0,45801.69135697,784.0,,0.0,,buy:rt,match
2026-09-28 12:55:00,1,2026-09-29 07:35:10,2026-09-29 07:35:10,N,Y,783.0,784.0,782.0,782.0,15912.29436885,782.0,783.0,0.0,1.0,buy:missing_bar,match
2026-09-28 13:00:00,1,2026-09-29 07:40:10,2026-09-29 07:40:10,N,Y,781.0,781.0,775.0,776.0,6655.69308773,776.0,,0.0,,buy:rt,match
2026-09-28 13:05:00,1,2026-09-29 07:45:10,2026-09-29 07:45:10,N,Y,776.0,780.0,776.0,779.0,33687.61419458,779.0,,0.0,,buy:rt,match
2026-09-28 13:10:00,1,2026-09-29 07:50:11,2026-09-29 07:50:11,N,Y,779.0,780.0,779.0,780.0,2143.63874948,780.0,,0.0,,buy:rt,match
2026-09-28 13:15:00,2,2026-09-29 07:55:56,2026-09-29 08:00:10,N,Y,781.0,786.0,780.0,786.0,6575.08591337,786.0,,0.0,,buy:rt,match
2026-09-28 13:20:00,1,2026-09-29 08:05:10,2026-09-29 08:05:10,N,Y,787.0,788.0,787.0,788.0,2779.52683768,788.0,,0.0,,buy:rt,match
2026-09-28 13:25:00,1,2026-09-29 08:10:10,2026-09-29 08:10:10,N,Y,788.0,788.0,785.0,786.0,28468.04905799,786.0,788.0,0.0,2.0,buy:missing_bar,backfill_mismatch
2026-09-28 13:30:00,2,2026-09-29 08:15:32,2026-09-29 08:20:10,N,Y,784.0,784.0,782.0,782.0,5033.49993833,782.0,,0.0,,buy:rt,match
2026-09-28 13:35:00,2,2026-09-29 08:20:10,2026-09-29 08:25:10,N,N,782.0,782.0,781.0,781.0,13094.85547283,781.0,,0.0,,buy:rt,match
2026-09-28 13:40:00,2,2026-09-29 08:30:56,2026-09-29 08:35:10,N,Y,781.0,783.0,781.0,783.0,8007.35823941,783.0,,0.0,,buy:rt,match
2026-09-28 13:45:00,1,2026-09-29 08:40:10,2026-09-29 08:40:10,N,Y,782.0,782.0,778.0,778.0,7382.75624602,778.0,782.0,0.0,4.0,buy:missing_bar,backfill_mismatch
2026-09-28 13:50:00,1,2026-09-29 08:45:10,2026-09-29 08:45:10,N,Y,779.0,784.0,779.0,784.0,2613.71173469,784.0,,0.0,,buy:rt,match
2026-09-28 13:55:00,1,2026-09-29 08:50:11,2026-09-29 08:50:11,N,Y,783.0,784.0,782.0,784.0,44446.34860379,784.0,783.0,0.0,-1.0,buy:missing_bar,match
2026-09-28 14:00:00,1,2026-09-29 08:55:10,2026-09-29 08:55:10,N,Y,784.0,784.0,783.0,783.0,7330.23233425,783.0,,0.0,,buy:rt,match
2026-09-28 14:05:00,1,2026-09-29 09:00:10,2026-09-29 09:00:10,N,Y,781.0,781.0,780.0,780.0,111.39601682,780.0,781.0,0.0,1.0,buy:missing_bar,match
2026-09-28 14:10:00,1,2026-09-29 09:05:11,2026-09-29 09:05:11,N,Y,779.0,780.0,775.0,775.0,10349.26280785,775.0,779.0,0.0,4.0,buy:missing_bar,backfill_mismatch
2026-09-28 14:15:00,1,2026-09-29 09:10:10,2026-09-29 09:10:10,N,Y,776.0,776.0,775.0,775.0,20498.86037649,775.0,776.0,0.0,1.0,buy:missing_bar,match
2026-09-28 14:20:00,1,2026-09-29 09:15:10,2026-09-29 09:15:10,N,Y,775.0,776.0,772.0,772.0,13175.73183255,772.0,,0.0,,buy:rt,match
2026-09-28 14:25:00,1,2026-09-29 09:20:11,2026-09-29 09:20:11,N,Y,773.0,774.0,772.0,773.0,25852.18841161,773.0,,0.0,,buy:rt,match
2026-09-28 14:30:00,1,2026-09-29 09:25:10,2026-09-29 09:25:10,N,Y,773.0,773.0,768.0,768.0,29088.51053268,768.0,773.0,0.0,5.0,buy:missing_bar,backfill_mismatch
2026-09-28 14:35:00,1,2026-09-29 09:30:10,2026-09-29 09:30:10,N,Y,768.0,768.0,766.0,766.0,12286.52774941,766.0,,0.0,,buy:rt,match
2026-09-28 14:40:00,1,2026-09-29 09:35:10,2026-09-29 09:35:10,N,Y,766.0,774.0,766.0,773.0,9394.37270225,773.0,,0.0,,buy:rt,match
2026-09-28 14:45:00,1,2026-09-29 09:40:10,2026-09-29 09:40:10,N,Y,772.0,774.0,772.0,773.0,10465.19661819,773.0,,0.0,,buy:rt,match
2026-09-28 14:50:00,1,2026-09-29 09:45:10,2026-09-29 09:45:10,N,Y,772.0,772.0,770.0,771.0,19845.47513586,771.0,,0.0,,buy:rt,match
2026-09-28 14:55:00,1,2026-09-29 09:50:11,2026-09-29 09:50:11,N,Y,771.0,775.0,771.0,773.0,1010.99998358,773.0,,0.0,,buy:rt,match
2026-09-28 15:00:00,1,2026-09-29 10:00:10,2026-09-29 10:00:10,N,Y,774.0,776.0,774.0,774.0,3655.88692416,774.0,,0.0,,buy:rt,match
2026-09-28 15:05:00,1,2026-09-29 10:05:10,2026-09-29 10:05:10,N,Y,774.0,776.0,774.0,774.0,530.62276633,774.0,,0.0,,buy:rt,match
2026-09-28 15:10:00,1,2026-09-29 10:10:10,2026-09-29 10:10:10,N,Y,775.0,778.0,775.0,775.0,2073.83010932,775.0,,0.0,,buy:rt,match
2026-09-28 15:15:00,1,2026-09-29 10:15:11,2026-09-29 10:15:11,N,Y,774.0,774.0,770.0,770.0,2797.29164578,770.0,,0.0,,buy:rt,match
2026-09-28 15:20:00,1,2026-09-29 10:20:11,2026-09-29 10:20:11,N,Y,770.0,770.0,768.0,768.0,3799.1412382,768.0,770.0,0.0,2.0,buy:missing_bar,backfill_mismatch
2026-09-28 15:25:00,1,2026-09-29 10:25:10,2026-09-29 10:25:10,N,Y,768.0,768.0,767.0,767.0,14707.25754158,767.0,,0.0,,buy:rt,match
2026-09-28 15:30:00,1,2026-09-29 10:30:06,2026-09-29 10:30:06,N,Y,768.0,771.0,768.0,770.0,19788.13143781,770.0,768.0,0.0,-2.0,buy:missing_bar,backfill_mismatch
2026-09-28 15:35:00,2,2026-09-29 10:30:06,2026-09-29 10:35:11,N,N,771.0,771.0,770.0,770.0,1177.22226552,770.0,,0.0,,buy:rt,match
2026-09-28 15:40:00,1,2026-09-29 10:40:11,2026-09-29 10:40:11,N,Y,771.0,773.0,771.0,773.0,2878.667174,773.0,,0.0,,buy:rt,match
2026-09-28 15:45:00,1,2026-09-29 10:45:10,2026-09-29 10:45:10,N,Y,773.0,773.0,770.0,770.0,1501.49174237,770.0,773.0,0.0,3.0,buy:missing_bar,backfill_mismatch
2026-09-28 15:50:00,1,2026-09-29 10:50:10,2026-09-29 10:50:10,N,Y,770.0,770.0,770.0,770.0,579.86057991,770.0,,0.0,,buy:rt,match
2026-09-28 15:55:00,1,2026-09-29 10:55:10,2026-09-29 10:55:10,N,Y,769.0,769.0,768.0,769.0,12979.89713335,769.0,,0.0,,buy:rt,match
2026-09-28 16:00:00,1,2026-09-29 11:00:10,2026-09-29 11:00:10,N,Y,769.0,773.0,769.0,773.0,2058.23244268,773.0,769.0,0.0,-4.0,buy:missing_bar,backfill_mismatch
2026-09-28 16:05:00,1,2026-09-29 11:05:05,2026-09-29 11:05:05,N,Y,771.0,771.0,769.0,769.0,4640.83032446,769.0,771.0,0.0,2.0,buy:missing_bar,backfill_mismatch
2026-09-28 16:10:00,2,2026-09-29 11:05:05,2026-09-29 11:10:10,N,N,769.0,769.0,768.0,768.0,2667.57761702,768.0,,0.0,,buy:rt,match
2026-09-28 16:15:00,1,2026-09-29 11:15:11,2026-09-29 11:15:11,N,Y,767.0,768.0,766.0,766.0,5205.44126538,766.0,,0.0,,buy:rt,match
2026-09-28 16:20:00,1,2026-09-29 11:20:11,2026-09-29 11:20:11,N,Y,768.0,768.0,764.0,764.0,12102.45919318,764.0,,0.0,,buy:rt,match
2026-09-28 16:25:00,1,2026-09-29 11:25:11,2026-09-29 11:25:11,N,Y,763.0,763.0,761.0,761.0,38246.98731876,761.0,,0.0,,buy:rt,match
2026-09-28 16:30:00,2,2026-09-29 11:25:11,2026-09-29 11:30:06,N,N,762.0,763.0,761.0,761.0,2873.92474293,761.0,,0.0,,buy:rt,match
2026-09-28 16:35:00,2,2026-09-29 11:30:06,2026-09-29 11:35:10,N,N,763.0,765.0,763.0,764.0,1653.00598697,764.0,,0.0,,buy:rt,match
2026-09-28 16:40:00,1,2026-09-29 11:40:10,2026-09-29 11:40:10,N,Y,767.0,767.0,764.0,764.0,151.58287882,764.0,,0.0,,buy:rt,match
2026-09-28 16:45:00,1,2026-09-29 11:45:11,2026-09-29 11:45:11,N,Y,763.0,764.0,762.0,763.0,14302.19903557,763.0,,0.0,,buy:rt,match
2026-09-28 16:50:00,2,2026-09-29 11:45:11,2026-09-29 11:50:06,N,N,764.0,765.0,761.0,762.0,115605.50849312,762.0,,0.0,,buy:rt,match
2026-09-28 16:55:00,2,2026-09-29 11:50:06,2026-09-29 11:55:10,N,N,762.0,766.0,762.0,762.0,6252.55161322,762.0,762.0,0.0,0.0,buy:missing_bar,match
2026-09-28 17:00:00,1,2026-09-29 12:00:10,2026-09-29 12:00:10,N,Y,763.0,767.0,763.0,763.0,19541.25964813,763.0,,0.0,,buy:rt,match
2026-09-28 17:05:00,1,2026-09-29 12:05:10,2026-09-29 12:05:10,N,Y,763.0,764.0,763.0,764.0,6374.16823662,764.0,,0.0,,buy:rt,match
2026-09-28 17:10:00,1,2026-09-29 12:10:10,2026-09-29 12:10:10,N,Y,766.0,767.0,765.0,766.0,8570.88577315,766.0,,0.0,,buy:rt,match
2026-09-28 17:15:00,1,2026-09-29 12:15:10,2026-09-29 12:15:10,N,Y,768.0,770.0,768.0,769.0,1793.99719595,769.0,,0.0,,buy:rt,match
2026-09-28 17:20:00,2,2026-09-29 12:15:10,2026-09-29 12:20:10,N,N,769.0,769.0,765.0,765.0,1212.89635911,765.0,,0.0,,buy:rt,match
2026-09-28 17:25:00,1,2026-09-29 12:25:11,2026-09-29 12:25:11,N,Y,766.0,766.0,764.0,764.0,1577.98471328,764.0,,0.0,,buy:rt,match
2026-09-28 17:30:00,1,2026-09-29 12:30:11,2026-09-29 12:30:11,N,Y,764.0,764.0,764.0,764.0,12456.51680738,764.0,,0.0,,buy:rt,match
2026-09-28 17:35:00,1,2026-09-29 12:35:11,2026-09-29 12:35:11,N,Y,764.0,764.0,760.0,762.0,15493.23300346,762.0,763.0,0.0,1.0,buy:missing_bar,match
2026-09-28 17:40:00,1,2026-09-29 12:40:10,2026-09-29 12:40:10,N,Y,762.0,762.0,759.0,759.0,27652.36272867,759.0,,0.0,,buy:rt,match
2026-09-28 17:45:00,2,2026-09-29 12:47:11,2026-09-29 12:50:10,N,Y,760.0,761.0,759.0,759.0,16680.82725112,759.0,,0.0,,buy:rt,match
2026-09-28 17:50:00,2,2026-09-29 12:55:51,2026-09-29 13:00:11,N,Y,761.0,763.0,760.0,761.0,7083.3070333,761.0,,0.0,,buy:rt,match
2026-09-28 17:55:00,1,2026-09-29 13:05:11,2026-09-29 13:05:11,N,Y,761.0,762.0,761.0,762.0,28463.15301062,762.0,761.0,0.0,-1.0,buy:missing_bar,match
2026-09-28 18:00:00,1,2026-09-29 13:10:10,2026-09-29 13:10:10,N,Y,761.0,761.0,754.0,754.0,54483.2695984,754.0,761.0,0.0,7.0,buy:missing_bar,backfill_mismatch
2026-09-28 18:05:00,1,2026-09-29 13:15:10,2026-09-29 13:15:10,N,Y,756.0,756.0,753.0,754.0,21061.49282655,754.0,,0.0,,buy:rt,match
2026-09-28 18:10:00,1,2026-09-29 13:20:05,2026-09-29 13:20:05,N,Y,754.0,758.0,754.0,758.0,16586.27009774,758.0,754.0,0.0,-4.0,buy:missing_bar,backfill_mismatch
2026-09-28 18:15:00,2,2026-09-29 13:20:05,2026-09-29 13:25:10,N,N,758.0,762.0,758.0,762.0,19184.73431441,762.0,,0.0,,buy:rt,match
2026-09-28 18:20:00,1,2026-09-29 13:30:10,2026-09-29 13:30:10,N,Y,761.0,762.0,761.0,761.0,853.50034372,761.0,,0.0,,buy:rt,match
2026-09-28 18:25:00,1,2026-09-29 13:35:11,2026-09-29 13:35:11,N,Y,760.0,760.0,755.0,755.0,12587.14022811,755.0,,0.0,,buy:rt,match
2026-09-28 18:30:00,1,2026-09-29 13:40:11,2026-09-29 13:40:11,N,Y,756.0,757.0,754.0,754.0,1167.80009347,754.0,756.0,0.0,2.0,buy:missing_bar,backfill_mismatch
2026-09-28 18:35:00,1,2026-09-29 13:45:10,2026-09-29 13:45:10,N,Y,754.0,754.0,753.0,753.0,5691.68957126,753.0,,0.0,,buy:rt,match
2026-09-28 18:40:00,1,2026-09-29 13:50:10,2026-09-29 13:50:10,N,Y,752.0,753.0,751.0,753.0,14216.10611778,753.0,,0.0,,buy:rt,match
2026-09-28 18:45:00,1,2026-09-29 13:55:10,2026-09-29 13:55:10,N,Y,751.0,752.0,750.0,751.0,22669.82208187,751.0,,0.0,,buy:rt,match
2026-09-28 18:50:00,1,2026-09-29 14:00:10,2026-09-29 14:00:10,N,Y,751.0,751.0,750.0,750.0,2136.77078731,750.0,,0.0,,buy:rt,match
2026-09-28 18:55:00,1,2026-09-29 14:05:10,2026-09-29 14:05:10,N,Y,750.0,750.0,750.0,750.0,51.05249835,750.0,,0.0,,buy:rt,match
2026-09-28 19:00:00,1,2026-09-29 14:10:10,2026-09-29 14:10:10,N,Y,752.0,760.0,752.0,760.0,18454.14371896,760.0,,0.0,,buy:rt,match
2026-09-28 19:05:00,1,2026-09-29 14:15:11,2026-09-29 14:15:11,N,Y,758.0,758.0,755.0,755.0,3142.43795085,755.0,,0.0,,buy:rt,match
2026-09-28 19:10:00,2,2026-09-29 14:15:11,2026-09-29 14:20:11,N,N,755.0,755.0,755.0,755.0,8123.45465583,755.0,,0.0,,buy:rt,match
2026-09-28 19:15:00,1,2026-09-29 14:25:11,2026-09-29 14:25:11,N,Y,756.0,756.0,756.0,756.0,1007.51549564,756.0,,0.0,,buy:rt,match
2026-09-28 19:20:00,1,2026-09-29 14:30:10,2026-09-29 14:30:10,N,Y,758.0,758.0,758.0,758.0,150.24622192,758.0,,0.0,,buy:rt,match
2026-09-28 19:25:00,1,2026-09-29 14:35:10,2026-09-29 14:35:10,N,Y,760.0,760.0,758.0,758.0,660.56766827,758.0,760.0,0.0,2.0,buy:missing_bar,backfill_mismatch
2026-09-28 19:30:00,2,2026-09-29 14:35:10,2026-09-29 14:40:10,N,N,758.0,758.0,757.0,757.0,159.42769611,757.0,,0.0,,buy:rt,match
2026-09-28 19:35:00,1,2026-09-29 14:45:10,2026-09-29 14:45:10,N,Y,759.0,762.0,759.0,762.0,3193.22019026,762.0,,0.0,,buy:rt,match
2026-09-28 19:40:00,3,2026-09-29 14:50:05,2026-09-29 14:55:10,N,Y,762.0,763.0,762.0,763.0,22571.24967619,763.0,762.0,0.0,-1.0,buy:missing_bar,match
2026-09-28 19:45:00,1,2026-09-29 15:00:11,2026-09-29 15:00:11,N,Y,763.0,764.0,763.0,764.0,248.3892513,764.0,763.0,0.0,-1.0,buy:missing_bar,match
2026-09-28 19:50:00,1,2026-09-29 15:05:11,2026-09-29 15:05:11,N,Y,763.0,763.0,763.0,763.0,12201.46924536,763.0,,0.0,,buy:rt,match
2026-09-28 20:00:00,2,2026-09-29 15:05:11,2026-09-29 15:10:10,N,N,763.0,764.0,762.0,762.0,12149.09605009,762.0,763.0,0.0,1.0,buy:missing_bar,match
2026-09-28 20:05:00,1,2026-09-29 15:15:11,2026-09-29 15:15:11,N,Y,763.0,763.0,761.0,761.0,7750.27288962,761.0,763.0,0.0,2.0,buy:missing_bar,backfill_mismatch
2026-09-28 20:10:00,1,2026-09-29 15:20:11,2026-09-29 15:20:11,N,Y,761.0,761.0,760.0,760.0,5933.84889459,760.0,,0.0,,buy:rt,match
2026-09-28 20:15:00,1,2026-09-29 15:25:10,2026-09-29 15:25:10,N,Y,761.0,761.0,759.0,760.0,8570.42308895,760.0,,0.0,,buy:rt,match
2026-09-28 20:20:00,1,2026-09-29 15:30:10,2026-09-29 15:30:10,N,Y,761.0,761.0,761.0,761.0,29.0,761.0,,0.0,,buy:rt,match
2026-09-28 20:25:00,1,2026-09-29 15:35:10,2026-09-29 15:35:10,N,Y,761.0,762.0,760.0,760.0,6285.16595993,760.0,,0.0,,buy:rt,match
2026-09-28 20:30:00,1,2026-09-29 15:40:10,2026-09-29 15:40:10,N,Y,760.0,760.0,760.0,760.0,564.96640346,760.0,,0.0,,buy:rt,match
2026-09-28 20:35:00,1,2026-09-29 15:45:10,2026-09-29 15:45:10,N,Y,760.0,760.0,760.0,760.0,11.65501166,760.0,,0.0,,buy:rt,match
2026-09-28 20:40:00,2,2026-09-29 15:51:41,2026-09-29 15:55:10,N,Y,761.0,762.0,760.0,762.0,4115.48744346,762.0,,0.0,,buy:rt,match
2026-09-28 20:45:00,1,2026-09-29 16:00:10,2026-09-29 16:00:10,N,Y,761.0,761.0,759.0,759.0,2273.97002851,759.0,,0.0,,buy:rt,match
2026-09-28 20:50:00,2,2026-09-29 16:00:10,2026-09-29 16:05:10,N,N,759.0,759.0,759.0,759.0,92.0,759.0,,0.0,,buy:rt,match
2026-09-28 20:55:00,1,2026-09-29 16:10:10,2026-09-29 16:10:10,N,Y,759.0,761.0,759.0,761.0,67.61044436,761.0,,0.0,,buy:rt,match
2026-09-28 21:00:00,2,2026-09-29 16:10:10,2026-09-29 16:15:10,N,N,760.0,760.0,758.0,760.0,5105.88273532,760.0,,0.0,,buy:rt,match
2026-09-28 21:05:00,1,2026-09-29 16:20:10,2026-09-29 16:20:10,N,Y,762.0,766.0,762.0,764.0,18294.81528519,764.0,762.0,0.0,-2.0,buy:missing_bar,backfill_mismatch
2026-09-28 21:10:00,1,2026-09-29 16:25:05,2026-09-29 16:25:05,N,Y,767.0,768.0,763.0,765.0,22718.76830013,765.0,,0.0,,buy:rt,match
2026-09-28 21:15:00,2,2026-09-29 16:25:05,2026-09-29 16:30:05,N,N,766.0,771.0,764.0,768.0,16805.46069689,768.0,766.0,0.0,-2.0,buy:missing_bar,backfill_mismatch
2026-09-28 21:20:00,2,2026-09-29 16:30:05,2026-09-29 16:35:10,N,N,770.0,770.0,765.0,768.0,8081.2024401,768.0,,0.0,,buy:rt,match
2026-09-28 21:25:00,1,2026-09-29 16:40:10,2026-09-29 16:40:10,N,Y,766.0,770.0,764.0,766.0,40696.02456662,766.0,768.0,0.0,2.0,buy:missing_bar,backfill_mismatch
2026-09-28 21:30:00,1,2026-09-29 16:45:11,2026-09-29 16:45:11,N,Y,766.0,769.0,764.0,768.0,12067.28015653,768.0,766.0,0.0,-2.0,buy:missing_bar,backfill_mismatch
2026-09-28 21:35:00,1,2026-09-29 16:50:11,2026-09-29 16:50:11,N,Y,768.0,769.0,766.0,769.0,11650.53680423,769.0,768.0,0.0,-1.0,buy:missing_bar,match
2026-09-28 21:40:00,1,2026-09-29 16:55:06,2026-09-29 16:55:06,N,Y,769.0,769.0,766.0,767.0,1458.88246482,767.0,769.0,0.0,2.0,buy:missing_bar,backfill_mismatch
2026-09-28 21:45:00,2,2026-09-29 16:55:06,2026-09-29 17:00:10,N,N,769.0,773.0,769.0,770.0,20973.44886465,770.0,769.0,0.0,-1.0,buy:missing_bar,match
2026-09-28 21:50:00,1,2026-09-29 17:05:10,2026-09-29 17:05:10,N,Y,772.0,777.0,771.0,776.0,4166.9033432,776.0,,0.0,,buy:rt,match
2026-09-28 21:55:00,1,2026-09-29 17:10:05,2026-09-29 17:10:05,N,Y,775.0,779.0,774.0,779.0,3280.37675031,779.0,775.0,0.0,-4.0,buy:missing_bar,backfill_mismatch
2026-09-28 22:00:00,2,2026-09-29 17:10:05,2026-09-29 17:15:05,N,N,779.0,779.0,775.0,776.0,42786.93228024,776.0,779.0,0.0,3.0,buy:missing_bar,backfill_mismatch
2026-09-28 22:05:00,2,2026-09-29 17:15:05,2026-09-29 17:20:10,N,N,776.0,777.0,774.0,774.0,9099.45632343,774.0,776.0,0.0,2.0,buy:missing_bar,backfill_mismatch
2026-09-28 22:10:00,1,2026-09-29 17:25:05,2026-09-29 17:25:05,N,Y,774.0,775.0,774.0,775.0,36915.92144844,775.0,774.0,0.0,-1.0,buy:missing_bar,match
2026-09-28 22:15:00,2,2026-09-29 17:25:05,2026-09-29 17:30:10,N,N,776.0,776.0,773.0,773.0,9918.12296262,773.0,,0.0,,buy:rt,match
2026-09-28 22:20:00,1,2026-09-29 17:35:10,2026-09-29 17:35:10,N,Y,773.0,774.0,771.0,774.0,188.64234616,774.0,,0.0,,buy:rt,match
2026-09-28 22:25:00,1,2026-09-29 17:40:10,2026-09-29 17:40:10,N,Y,775.0,775.0,772.0,772.0,5327.12840547,772.0,,0.0,,buy:rt,match
2026-09-28 22:30:00,1,2026-09-29 17:45:10,2026-09-29 17:45:10,N,Y,773.0,774.0,769.0,771.0,27833.39063721,771.0,,0.0,,buy:rt,match
2026-09-28 22:35:00,1,2026-09-29 17:50:11,2026-09-29 17:50:11,N,Y,772.0,775.0,769.0,773.0,101530.11559222,773.0,,0.0,,buy:rt,match
2026-09-28 22:40:00,1,2026-09-29 17:55:11,2026-09-29 17:55:11,N,Y,772.0,774.0,771.0,772.0,8927.02307253,772.0,,0.0,,buy:rt,match
2026-09-28 22:45:00,1,2026-09-29 18:00:10,2026-09-29 18:00:10,N,Y,774.0,774.0,771.0,772.0,116034.57116022,772.0,,0.0,,buy:rt,match
2026-09-28 22:50:00,1,2026-09-29 18:05:10,2026-09-29 18:05:10,N,Y,771.0,771.0,765.0,769.0,20305.33909412,769.0,771.0,0.0,2.0,buy:missing_bar,backfill_mismatch
2026-09-28 22:55:00,1,2026-09-29 18:10:10,2026-09-29 18:10:10,N,Y,770.0,774.0,768.0,770.0,64056.47074038,770.0,,0.0,,buy:rt,match
2026-09-28 23:00:00,1,2026-09-29 18:15:10,2026-09-29 18:15:10,N,Y,769.0,769.0,763.0,763.0,5868.86123831,763.0,769.0,0.0,6.0,buy:missing_bar,backfill_mismatch
2026-09-28 23:05:00,1,2026-09-29 18:20:10,2026-09-29 18:20:10,N,Y,763.0,771.0,761.0,768.0,9961.99822255,768.0,,0.0,,buy:rt,match
2026-09-28 23:10:00,1,2026-09-29 18:25:10,2026-09-29 18:25:10,N,Y,769.0,769.0,764.0,764.0,8515.48422967,764.0,769.0,0.0,5.0,buy:missing_bar,backfill_mismatch
2026-09-28 23:15:00,1,2026-09-29 18:30:06,2026-09-29 18:30:06,N,Y,765.0,765.0,761.0,761.0,3629.2166427,761.0,,0.0,,buy:rt,match
2026-09-28 23:20:00,2,2026-09-29 18:30:06,2026-09-29 18:35:11,N,N,769.0,770.0,767.0,768.0,54.00141677,768.0,,0.0,,buy:rt,match
2026-09-28 23:25:00,1,2026-09-29 18:40:11,2026-09-29 18:40:11,N,Y,768.0,769.0,759.0,759.0,16525.93441645,759.0,,0.0,,buy:rt,match
2026-09-28 23:30:00,1,2026-09-29 18:45:11,2026-09-29 18:45:11,N,Y,765.0,766.0,765.0,766.0,666.92929586,766.0,,0.0,,buy:rt,match
2026-09-28 23:35:00,2,2026-09-29 18:45:11,2026-09-29 18:50:06,N,N,767.0,770.0,764.0,764.0,971.99468207,764.0,,0.0,,buy:rt,match
2026-09-28 23:40:00,2,2026-09-29 18:50:06,2026-09-29 18:55:10,N,N,767.0,767.0,756.0,759.0,5842.75766313,759.0,,0.0,,buy:rt,match
2026-09-28 23:45:00,1,2026-09-29 19:00:10,2026-09-29 19:00:10,N,Y,761.0,761.0,757.0,757.0,5855.54770325,757.0,,0.0,,buy:rt,match
2026-09-28 23:50:00,1,2026-09-29 19:05:10,2026-09-29 19:05:10,N,Y,758.0,758.0,751.0,757.0,34256.51673155,757.0,,0.0,,buy:rt,match
2026-09-28 23:55:00,1,2026-09-29 19:10:11,2026-09-29 19:10:11,N,Y,755.0,758.0,755.0,758.0,5359.17054102,758.0,,0.0,,buy:rt,match
2026-09-29 00:00:00,1,2026-09-29 19:15:11,2026-09-29 19:15:11,N,Y,760.0,762.0,759.0,759.0,16677.30119707,759.0,,0.0,,buy:rt,match
2026-09-29 00:05:00,1,2026-09-29 19:20:11,2026-09-29 19:20:11,N,Y,759.0,759.0,754.0,758.0,17279.63493322,758.0,759.0,0.0,1.0,buy:missing_bar,match
2026-09-29 00:10:00,1,2026-09-29 19:25:11,2026-09-29 19:25:11,N,Y,757.0,757.0,750.0,751.0,10396.26310406,751.0,,0.0,,buy:rt,match
2026-09-29 00:15:00,1,2026-09-29 19:30:10,2026-09-29 19:30:10,N,Y,749.0,751.0,746.0,746.0,19812.61559237,746.0,,0.0,,buy:rt,match
2026-09-29 00:20:00,1,2026-09-29 19:35:10,2026-09-29 19:35:10,N,Y,748.0,751.0,747.0,750.0,17777.31348659,750.0,,0.0,,buy:rt,match
2026-09-29 00:25:00,2,2026-09-29 19:35:10,2026-09-29 19:40:10,N,N,754.0,758.0,753.0,755.0,15553.76658592,755.0,755.0,0.0,0.0,buy:missing_bar,match
2026-09-29 00:30:00,1,2026-09-29 19:45:11,2026-09-29 19:45:11,N,Y,758.0,758.0,756.0,756.0,1139.08893755,756.0,,0.0,,buy:rt,match
2026-09-29 00:35:00,1,2026-09-29 19:50:11,2026-09-29 19:50:11,N,Y,761.0,761.0,761.0,761.0,239.47212745,761.0,,0.0,,buy:rt,match
2026-09-29 00:40:00,1,2026-09-29 19:55:11,2026-09-29 19:55:11,N,Y,756.0,756.0,756.0,756.0,13.22751322,756.0,,0.0,,buy:rt,match
2026-09-29 00:45:00,1,2026-09-29 20:00:10,2026-09-29 20:00:10,N,Y,755.0,755.0,755.0,755.0,450.77996687,755.0,,0.0,,buy:rt,match
2026-09-29 00:50:00,1,2026-09-29 20:05:10,2026-09-29 20:05:10,N,Y,755.0,756.0,755.0,755.0,1997.25942275,755.0,755.0,0.0,0.0,buy:missing_bar,match
2026-09-29 01:00:00,1,2026-09-29 20:10:10,2026-09-29 20:10:10,N,Y,758.0,759.0,750.0,750.0,3610.30858804,750.0,758.0,0.0,8.0,buy:missing_bar,backfill_mismatch
2026-09-29 01:10:00,1,2026-09-29 20:15:10,2026-09-29 20:15:10,N,Y,759.0,761.0,759.0,759.0,2651.28799464,759.0,,0.0,,buy:rt,match
2026-09-29 01:15:00,2,2026-09-29 20:15:10,2026-09-29 20:20:10,N,N,761.0,769.0,759.0,769.0,45318.96751245,769.0,761.0,0.0,-8.0,buy:missing_bar,backfill_mismatch
2026-09-29 01:20:00,1,2026-09-29 20:25:10,2026-09-29 20:25:10,N,Y,770.0,775.0,770.0,775.0,13184.53891466,775.0,770.0,0.0,-5.0,buy:missing_bar,backfill_mismatch
2026-09-29 01:25:00,1,2026-09-29 20:30:10,2026-09-29 20:30:10,N,Y,776.0,780.0,776.0,777.0,27700.38179851,777.0,776.0,0.0,-1.0,buy:missing_bar,match
2026-09-29 01:30:00,1,2026-09-29 20:35:05,2026-09-29 20:35:05,N,Y,778.0,780.0,769.0,769.0,15603.57290049,769.0,778.0,0.0,9.0,buy:missing_bar,backfill_mismatch
2026-09-29 01:35:00,2,2026-09-29 20:35:05,2026-09-29 20:40:06,N,N,772.0,772.0,768.0,768.0,2005.68321703,768.0,,0.0,,buy:rt,match
2026-09-29 01:40:00,2,2026-09-29 20:40:06,2026-09-29 20:45:06,N,N,768.0,768.0,765.0,765.0,1103.56834804,765.0,,0.0,,buy:rt,match
2026-09-29 01:45:00,2,2026-09-29 20:45:06,2026-09-29 20:50:11,N,N,765.0,765.0,763.0,763.0,9780.5933179,763.0,,0.0,,buy:rt,match
2026-09-29 01:50:00,1,2026-09-29 20:55:10,2026-09-29 20:55:10,N,Y,764.0,768.0,764.0,768.0,3549.0416,768.0,,0.0,,buy:rt,match
2026-09-29 01:55:00,2,2026-09-29 20:55:10,2026-09-29 21:00:10,N,N,768.0,768.0,768.0,768.0,1806.42062388,768.0,768.0,0.0,0.0,buy:missing_bar,match
2026-09-29 02:00:00,1,2026-09-29 21:05:10,2026-09-29 21:05:10,N,Y,766.0,768.0,766.0,768.0,2025.2242664,768.0,,0.0,,buy:rt,match
2026-09-29 02:10:00,1,2026-09-29 21:10:10,2026-09-29 21:10:10,N,Y,765.0,779.0,765.0,779.0,5217.66603973,779.0,765.0,0.0,-14.0,buy:missing_bar,backfill_mismatch
2026-09-29 02:15:00,1,2026-09-29 21:15:10,2026-09-29 21:15:10,N,Y,778.0,778.0,772.0,772.0,44.418,772.0,,0.0,,buy:rt,match
2026-09-29 02:20:00,1,2026-09-29 21:20:10,2026-09-29 21:20:10,N,Y,770.0,770.0,767.0,768.0,7033.81294103,768.0,,0.0,,buy:rt,match
2026-09-29 02:25:00,1,2026-09-29 21:25:11,2026-09-29 21:25:11,N,Y,768.0,768.0,767.0,767.0,513.91,767.0,,0.0,,buy:rt,match
2026-09-29 02:30:00,1,2026-09-29 21:30:11,2026-09-29 21:30:11,N,Y,767.0,767.0,767.0,767.0,13518.14406778,767.0,,0.0,,buy:rt,match
2026-09-29 02:35:00,1,2026-09-29 21:35:06,2026-09-29 21:35:06,N,Y,769.0,769.0,766.0,766.0,14.0,766.0,,0.0,,buy:rt,match
2026-09-29 02:40:00,2,2026-09-29 21:35:06,2026-09-29 21:40:11,N,N,767.0,768.0,767.0,768.0,28523.37266405,768.0,,0.0,,buy:rt,match
2026-09-29 02:45:00,2,2026-09-29 21:40:11,2026-09-29 21:45:06,N,N,769.0,769.0,769.0,769.0,26017.0390117,769.0,,0.0,,buy:rt,match
2026-09-29 02:50:00,2,2026-09-29 21:45:06,2026-09-29 21:50:10,N,N,767.0,768.0,767.0,768.0,12.75275969,768.0,,0.0,,buy:rt,match
2026-09-29 02:55:00,1,2026-09-29 21:55:11,2026-09-29 21:55:11,N,Y,767.0,767.0,767.0,767.0,835.94566352,767.0,,0.0,,buy:rt,match
2026-09-29 03:00:00,1,2026-09-29 22:00:11,2026-09-29 22:00:11,N,Y,766.0,770.0,766.0,770.0,1305.88145535,770.0,,0.0,,buy:rt,match
2026-09-29 03:05:00,1,2026-09-29 22:05:06,2026-09-29 22:05:06,N,Y,768.0,768.0,768.0,768.0,143.06151645,768.0,,0.0,,buy:rt,match
2026-09-29 03:15:00,2,2026-09-29 22:05:06,2026-09-29 22:10:11,N,N,769.0,769.0,769.0,769.0,6.47797927,769.0,,0.0,,buy:rt,match
2026-09-29 03:30:00,1,2026-09-29 22:15:11,2026-09-29 22:15:11,N,Y,762.0,766.0,762.0,766.0,10764.74162951,766.0,,0.0,,buy:rt,match
2026-09-29 03:40:00,2,2026-09-29 22:15:11,2026-09-29 22:20:11,N,N,762.0,762.0,760.0,760.0,1332.08433046,760.0,762.0,0.0,2.0,buy:missing_bar,backfill_mismatch
2026-09-29 03:45:00,1,2026-09-29 22:25:11,2026-09-29 22:25:11,N,Y,762.0,762.0,762.0,762.0,190.28740159,762.0,,0.0,,buy:rt,match
2026-09-29 03:55:00,1,2026-09-29 22:30:10,2026-09-29 22:30:10,N,Y,763.0,763.0,763.0,763.0,5152.6722022,763.0,,0.0,,buy:rt,match
2026-09-29 04:00:00,2,2026-09-29 22:30:10,2026-09-29 22:35:10,N,N,761.0,761.0,761.0,761.0,7.22733245,761.0,,0.0,,buy:rt,match
2026-09-29 04:05:00,1,2026-09-29 22:40:10,2026-09-29 22:40:10,N,Y,759.0,759.0,758.0,758.0,25.97545548,758.0,759.0,0.0,1.0,buy:missing_bar,match
2026-09-29 04:10:00,2,2026-09-29 22:40:10,2026-09-29 22:45:10,N,N,764.0,766.0,764.0,766.0,8719.1619,766.0,,0.0,,buy:rt,match
2026-09-29 04:35:00,1,2026-09-29 22:50:10,2026-09-29 22:50:10,N,Y,759.0,759.0,757.0,757.0,8757.37861516,757.0,759.0,0.0,2.0,buy:missing_bar,backfill_mismatch
2026-09-29 04:40:00,1,2026-09-29 22:55:10,2026-09-29 22:55:10,N,Y,756.0,756.0,756.0,756.0,46.42857142,756.0,,0.0,,buy:rt,match
2026-09-29 04:55:00,1,2026-09-29 23:00:11,2026-09-29 23:00:11,N,Y,760.0,760.0,760.0,760.0,7.26347352,760.0,760.0,0.0,0.0,buy:missing_bar,match
2026-09-29 05:00:00,1,2026-09-29 23:05:11,2026-09-29 23:05:11,N,Y,760.0,760.0,760.0,760.0,105.75089608,760.0,,0.0,,buy:rt,match
2026-09-29 05:05:00,1,2026-09-29 23:10:10,2026-09-29 23:10:10,N,Y,765.0,765.0,765.0,765.0,66.76577648,765.0,765.0,0.0,0.0,buy:missing_bar,match
2026-09-29 05:10:00,1,2026-09-29 23:15:10,2026-09-29 23:15:10,N,Y,769.0,774.0,768.0,772.0,5813.78076239,772.0,,0.0,,buy:rt,match
2026-09-29 05:15:00,1,2026-09-29 23:20:05,2026-09-29 23:20:05,N,Y,775.0,775.0,772.0,772.0,20.51554404,772.0,,0.0,,buy:rt,match
2026-09-29 05:20:00,2,2026-09-29 23:20:05,2026-09-29 23:25:10,N,N,772.0,772.0,769.0,769.0,28.0,769.0,,0.0,,buy:rt,match
2026-09-29 05:30:00,1,2026-09-29 23:30:10,2026-09-29 23:30:10,N,Y,772.0,772.0,770.0,770.0,145.43873275,770.0,,0.0,,buy:rt,match
2026-09-29 05:35:00,1,2026-09-29 23:35:05,2026-09-29 23:35:05,N,Y,769.0,769.0,769.0,769.0,130.0390117,769.0,,0.0,,buy:rt,match
2026-09-29 05:45:00,2,2026-09-29 23:35:05,2026-09-29 23:40:10,N,N,768.0,768.0,768.0,768.0,6.52925877,768.0,,0.0,,buy:rt,match
2026-09-29 05:50:00,1,2026-09-29 23:45:10,2026-09-29 23:45:10,N,Y,765.0,765.0,765.0,765.0,137.29150325,765.0,,0.0,,buy:rt,match
2026-09-29 05:55:00,1,2026-09-29 23:50:10,2026-09-29 23:50:10,N,Y,765.0,765.0,763.0,763.0,135.86597938,763.0,,0.0,,buy:rt,match
2026-09-29 06:10:00,1,2026-09-29 23:55:11,2026-09-29 23:55:11,N,Y,766.0,767.0,766.0,767.0,244.0,767.0,766.0,0.0,-1.0,buy:missing_bar,match
2026-09-29 06:15:00,1,2026-09-30 00:00:11,2026-09-30 00:00:11,N,Y,766.0,766.0,763.0,763.0,5413.56599493,763.0,,0.0,,buy:rt,match
2026-09-29 06:20:00,2,2026-09-30 00:00:11,2026-09-30 00:05:11,N,N,763.0,763.0,763.0,763.0,51.94095731,763.0,,0.0,,buy:rt,match
2026-09-29 06:25:00,1,2026-09-30 00:10:11,2026-09-30 00:10:11,N,Y,760.0,760.0,760.0,760.0,6585.98503576,760.0,,0.0,,buy:rt,match
2026-09-29 06:30:00,1,2026-09-30 00:15:11,2026-09-30 00:15:11,N,Y,757.0,757.0,756.0,756.0,21304.78895279,756.0,,0.0,,buy:rt,match
2026-09-29 06:40:00,2,2026-09-30 00:15:11,2026-09-30 00:20:06,N,N,756.0,756.0,756.0,756.0,1886.79245283,756.0,,0.0,,buy:rt,match
2026-09-29 06:45:00,2,2026-09-30 00:20:06,2026-09-30 00:25:06,N,N,756.0,756.0,752.0,752.0,1600.70855225,752.0,,0.0,,buy:rt,match
2026-09-29 06:50:00,2,2026-09-30 00:25:06,2026-09-30 00:30:06,N,N,754.0,754.0,752.0,752.0,311.66018854,752.0,,0.0,,buy:rt,match
2026-09-29 06:55:00,2,2026-09-30 00:30:06,2026-09-30 00:35:10,N,N,752.0,752.0,752.0,752.0,298.85572458,752.0,,0.0,,buy:rt,match
2026-09-29 07:00:00,1,2026-09-30 00:40:11,2026-09-30 00:40:11,N,Y,754.0,754.0,747.0,751.0,4511.51015292,751.0,,0.0,,buy:rt,match
2026-09-29 07:15:00,1,2026-09-30 00:45:11,2026-09-30 00:45:11,N,Y,751.0,751.0,751.0,751.0,970.1826195,751.0,751.0,0.0,0.0,buy:missing_bar,match
2026-09-29 07:20:00,1,2026-09-30 00:50:10,2026-09-30 00:50:10,N,Y,751.0,752.0,750.0,750.0,1162.73650933,750.0,751.0,0.0,1.0,buy:missing_bar,match
2026-09-29 07:30:00,1,2026-09-30 00:55:10,2026-09-30 00:55:10,N,Y,750.0,750.0,750.0,750.0,666.66666666,750.0,,0.0,,buy:rt,match
2026-09-29 07:35:00,1,2026-09-30 01:00:10,2026-09-30 01:00:10,N,Y,753.0,755.0,753.0,753.0,143.54247712,753.0,,0.0,,buy:rt,match
2026-09-29 07:40:00,1,2026-09-30 01:05:10,2026-09-30 01:05:10,N,Y,756.0,756.0,754.0,756.0,47.86111111,756.0,,0.0,,buy:rt,match
2026-09-29 07:45:00,1,2026-09-30 01:10:10,2026-09-30 01:10:10,N,Y,756.0,757.0,755.0,755.0,90.87954964,755.0,,0.0,,buy:rt,match
2026-09-29 07:55:00,1,2026-09-30 01:15:10,2026-09-30 01:15:10,N,Y,757.0,760.0,757.0,757.0,324.07861303,757.0,757.0,0.0,0.0,buy:missing_bar,match
2026-09-29 08:00:00,1,2026-09-30 01:20:10,2026-09-30 01:20:10,N,Y,759.0,759.0,757.0,757.0,20.59420289,757.0,,0.0,,buy:rt,match
2026-09-29 08:05:00,1,2026-09-30 01:25:05,2026-09-30 01:25:05,N,Y,757.0,758.0,755.0,756.0,2213.84853967,756.0,,0.0,,buy:rt,match
2026-09-29 08:15:00,2,2026-09-30 01:25:05,2026-09-30 01:30:10,N,N,760.0,761.0,758.0,761.0,132.93572605,761.0,760.0,0.0,-1.0,buy:missing_bar,match
2026-09-29 08:20:00,1,2026-09-30 01:35:11,2026-09-30 01:35:11,N,Y,760.0,764.0,760.0,761.0,111.6875075,761.0,760.0,0.0,-1.0,buy:missing_bar,match
2026-09-29 08:30:00,1,2026-09-30 01:40:11,2026-09-30 01:40:11,N,Y,763.0,764.0,760.0,761.0,7683.97262852,761.0,764.0,0.0,3.0,buy:missing_bar,backfill_mismatch
2026-09-29 08:35:00,1,2026-09-30 01:45:10,2026-09-30 01:45:10,N,Y,762.0,763.0,760.0,763.0,5336.89302183,763.0,,0.0,,buy:rt,match
2026-09-29 08:40:00,1,2026-09-30 01:50:05,2026-09-30 01:50:05,N,Y,763.0,763.0,760.0,760.0,88.84870565,760.0,,0.0,,buy:rt,match
2026-09-29 08:45:00,2,2026-09-30 01:50:05,2026-09-30 01:55:05,N,N,763.0,763.0,762.0,763.0,809.05518017,763.0,,0.0,,buy:rt,match
2026-09-29 08:50:00,2,2026-09-30 01:55:05,2026-09-30 02:00:10,N,N,765.0,765.0,762.0,762.0,14.0,762.0,,0.0,,buy:rt,match
2026-09-29 08:55:00,1,2026-09-30 02:05:10,2026-09-30 02:05:10,N,Y,764.0,767.0,763.0,764.0,1894.0037558,764.0,,0.0,,buy:rt,match
2026-09-29 09:00:00,1,2026-09-30 02:10:10,2026-09-30 02:10:10,N,Y,766.0,768.0,764.0,768.0,189.81465316,768.0,,0.0,,buy:rt,match
2026-09-29 09:05:00,1,2026-09-30 02:15:10,2026-09-30 02:15:10,N,Y,768.0,769.0,767.0,767.0,3036.66251902,767.0,,0.0,,buy:rt,match
2026-09-29 09:10:00,1,2026-09-30 02:20:10,2026-09-30 02:20:10,N,Y,767.0,768.0,765.0,765.0,14850.81188622,765.0,,0.0,,buy:rt,match
2026-09-29 09:15:00,1,2026-09-30 02:25:10,2026-09-30 02:25:10,N,Y,765.0,766.0,761.0,762.0,138.96026712,762.0,,0.0,,buy:rt,match
2026-09-29 09:20:00,1,2026-09-30 02:30:06,2026-09-30 02:30:06,N,Y,764.0,764.0,760.0,760.0,89.65314136,760.0,,0.0,,buy:rt,match
2026-09-29 09:25:00,2,2026-09-30 02:30:06,2026-09-30 02:35:07,N,N,762.0,764.0,761.0,764.0,1093.06262066,764.0,,0.0,,buy:rt,match
2026-09-29 09:30:00,2,2026-09-30 02:35:07,2026-09-30 02:40:10,N,N,763.0,770.0,761.0,769.0,2068.47347387,769.0,,0.0,,buy:rt,match
2026-09-29 09:35:00,1,2026-09-30 02:45:10,2026-09-30 02:45:10,N,Y,769.0,770.0,766.0,769.0,347.55281213,769.0,,0.0,,buy:rt,match
2026-09-29 09:40:00,1,2026-09-30 02:50:10,2026-09-30 02:50:10,N,Y,769.0,769.0,766.0,769.0,27.02537961,769.0,,0.0,,buy:rt,match
2026-09-29 09:45:00,1,2026-09-30 02:55:11,2026-09-30 02:55:11,N,Y,767.0,767.0,764.0,764.0,5972.19314961,764.0,,0.0,,buy:rt,match
2026-09-29 09:55:00,1,2026-09-30 03:00:05,2026-09-30 03:00:05,N,Y,760.0,760.0,760.0,760.0,163.93441618,760.0,,0.0,,buy:rt,match
2026-09-29 10:00:00,2,2026-09-30 03:00:05,2026-09-30 03:05:10,N,N,762.0,762.0,762.0,762.0,6.57480314,762.0,,0.0,,buy:rt,match
2026-09-29 10:05:00,1,2026-09-30 03:10:10,2026-09-30 03:10:10,N,Y,760.0,761.0,759.0,759.0,16131.26296311,759.0,,0.0,,buy:rt,match
2026-09-29 10:10:00,1,2026-09-30 03:15:10,2026-09-30 03:15:10,N,Y,758.0,758.0,756.0,756.0,225.06657127,756.0,,0.0,,buy:rt,match
2026-09-29 10:15:00,1,2026-09-30 03:20:10,2026-09-30 03:20:10,N,Y,755.0,755.0,751.0,751.0,6416.50467995,751.0,,0.0,,buy:rt,match
2026-09-29 10:20:00,1,2026-09-30 03:25:10,2026-09-30 03:25:10,N,Y,752.0,760.0,752.0,760.0,11375.65657503,760.0,,0.0,,buy:rt,match
2026-09-29 10:25:00,1,2026-09-30 03:30:11,2026-09-30 03:30:11,N,Y,756.0,756.0,751.0,751.0,1924.07303346,751.0,,0.0,,buy:rt,match
2026-09-29 10:30:00,1,2026-09-30 03:35:11,2026-09-30 03:35:11,N,Y,750.0,751.0,748.0,751.0,18124.05192092,751.0,749.0,0.0,-2.0,buy:missing_bar,backfill_mismatch
2026-09-29 10:35:00,1,2026-09-30 03:40:10,2026-09-30 03:40:10,N,Y,751.0,751.0,745.0,746.0,25390.40331538,746.0,,0.0,,buy:rt,match
2026-09-29 10:40:00,1,2026-09-30 03:45:10,2026-09-30 03:45:10,N,Y,746.0,748.0,745.0,746.0,2527.13787593,746.0,,0.0,,buy:rt,match
2026-09-29 10:45:00,1,2026-09-30 03:50:10,2026-09-30 03:50:10,N,Y,749.0,751.0,749.0,749.0,553.82148699,749.0,,0.0,,buy:rt,match
2026-09-29 10:50:00,1,2026-09-30 03:55:10,2026-09-30 03:55:10,N,Y,746.0,749.0,746.0,749.0,432.15128893,749.0,,0.0,,buy:rt,match
2026-09-29 10:55:00,1,2026-09-30 04:00:10,2026-09-30 04:00:10,N,Y,749.0,749.0,747.0,748.0,7029.80031403,748.0,,0.0,,buy:rt,match
2026-09-29 11:00:00,2,2026-09-30 04:00:10,2026-09-30 04:05:10,N,N,747.0,747.0,746.0,746.0,5681.46233633,746.0,,0.0,,buy:rt,match
2026-09-29 11:05:00,1,2026-09-30 04:10:11,2026-09-30 04:10:11,N,Y,746.0,746.0,740.0,740.0,24246.40832487,740.0,745.0,0.0,5.0,buy:missing_bar,backfill_mismatch
2026-09-29 11:10:00,1,2026-09-30 04:15:11,2026-09-30 04:15:11,N,Y,740.0,742.0,738.0,741.0,17506.73620334,741.0,,0.0,,buy:rt,match
2026-09-29 11:15:00,1,2026-09-30 04:20:10,2026-09-30 04:20:10,N,Y,741.0,741.0,739.0,739.0,1760.86670427,739.0,,0.0,,buy:rt,match
2026-09-29 11:20:00,1,2026-09-30 04:25:10,2026-09-30 04:25:10,N,Y,741.0,741.0,730.0,732.0,295825.29657402,732.0,,0.0,,buy:rt,match
2026-09-29 11:25:00,2,2026-09-30 04:30:31,2026-09-30 04:35:10,N,Y,732.0,732.0,728.0,730.0,47871.55511789,730.0,732.0,0.0,2.0,buy:missing_bar,backfill_mismatch
2026-09-29 11:30:00,1,2026-09-30 04:40:05,2026-09-30 04:40:05,N,Y,730.0,732.0,728.0,730.0,13799.30522373,730.0,730.0,0.0,0.0,buy:missing_bar,match
2026-09-29 11:35:00,2,2026-09-30 04:40:05,2026-09-30 04:45:10,N,N,730.0,734.0,730.0,733.0,23361.71043062,733.0,,0.0,,buy:rt,match
2026-09-29 11:40:00,1,2026-09-30 04:50:10,2026-09-30 04:50:10,N,Y,733.0,736.0,733.0,735.0,6608.79656258,735.0,,0.0,,buy:rt,match
2026-09-29 11:45:00,1,2026-09-30 04:55:10,2026-09-30 04:55:10,N,Y,736.0,739.0,736.0,739.0,6406.15174602,739.0,736.0,0.0,-3.0,buy:missing_bar,backfill_mismatch
2026-09-29 11:50:00,2,2026-09-30 05:02:11,2026-09-30 05:05:10,N,Y,736.0,736.0,734.0,734.0,4051.6434848,734.0,736.0,0.0,2.0,buy:missing_bar,backfill_mismatch
2026-09-29 11:55:00,1,2026-09-30 05:10:10,2026-09-30 05:10:10,N,Y,734.0,734.0,732.0,734.0,1643.22391236,734.0,,0.0,,buy:rt,match
2026-09-29 12:00:00,1,2026-09-30 05:15:10,2026-09-30 05:15:10,N,Y,734.0,735.0,733.0,733.0,10858.53377273,733.0,,0.0,,buy:rt,match
2026-09-29 12:05:00,1,2026-09-30 05:20:05,2026-09-30 05:20:05,N,Y,733.0,733.0,732.0,732.0,1290.99335313,732.0,,0.0,,buy:rt,match
2026-09-29 12:10:00,2,2026-09-30 05:20:05,2026-09-30 05:25:10,N,N,732.0,732.0,731.0,731.0,1496.17426047,731.0,,0.0,,buy:rt,match
2026-09-29 12:15:00,1,2026-09-30 05:30:10,2026-09-30 05:30:10,N,Y,731.0,733.0,730.0,733.0,5121.34483147,733.0,730.0,0.0,-3.0,buy:missing_bar,backfill_mismatch
2026-09-29 12:20:00,1,2026-09-30 05:35:11,2026-09-30 05:35:11,N,Y,736.0,736.0,733.0,736.0,908.00554691,736.0,,0.0,,buy:rt,match
2026-09-29 12:25:00,1,2026-09-30 05:40:11,2026-09-30 05:40:11,N,Y,736.0,736.0,736.0,736.0,1358.69565217,736.0,,0.0,,buy:rt,match
2026-09-29 12:30:00,1,2026-09-30 05:45:11,2026-09-30 05:45:11,N,Y,736.0,737.0,734.0,736.0,5489.75414392,736.0,,0.0,,buy:rt,match
2026-09-29 12:35:00,1,2026-09-30 05:50:10,2026-09-30 05:50:10,N,Y,739.0,741.0,739.0,739.0,9482.88375915,739.0,,0.0,,buy:rt,match
2026-09-29 12:45:00,1,2026-09-30 05:55:10,2026-09-30 05:55:10,N,Y,739.0,739.0,737.0,737.0,525.69514524,737.0,739.0,0.0,2.0,buy:missing_bar,backfill_mismatch
2026-09-29 12:55:00,1,2026-09-30 06:00:10,2026-09-30 06:00:10,N,Y,737.0,738.0,734.0,735.0,6825.58199293,735.0,737.0,0.0,2.0,buy:missing_bar,backfill_mismatch
2026-09-29 13:00:00,1,2026-09-30 06:05:11,2026-09-30 06:05:11,N,Y,736.0,737.0,731.0,731.0,6761.33726949,731.0,,0.0,,buy:rt,match
2026-09-29 13:05:00,1,2026-09-30 06:10:10,2026-09-30 06:10:10,N,Y,731.0,734.0,731.0,734.0,1614.71974153,734.0,,0.0,,buy:rt,match
2026-09-29 13:10:00,1,2026-09-30 06:15:10,2026-09-30 06:15:10,N,Y,736.0,736.0,736.0,736.0,3410.41387195,736.0,,0.0,,buy:rt,match
2026-09-29 13:15:00,1,2026-09-30 06:20:10,2026-09-30 06:20:10,N,Y,737.0,737.0,732.0,736.0,11119.6790866,736.0,,0.0,,buy:rt,match
2026-09-29 13:20:00,3,2026-09-30 06:25:05,2026-09-30 06:30:10,N,Y,738.0,741.0,737.0,737.0,2833.01674706,737.0,738.0,0.0,1.0,buy:missing_bar,match
2026-09-29 13:25:00,1,2026-09-30 06:35:10,2026-09-30 06:35:10,N,Y,741.0,741.0,738.0,738.0,5328.84011609,738.0,,0.0,,buy:rt,match
2026-09-29 13:30:00,1,2026-09-30 06:45:10,2026-09-30 06:45:10,N,Y,740.0,740.0,735.0,735.0,65.62466124,735.0,,0.0,,buy:rt,match
2026-09-29 13:35:00,1,2026-09-30 06:50:10,2026-09-30 06:50:10,N,Y,735.0,738.0,733.0,736.0,2044.84174264,736.0,,0.0,,buy:rt,match
2026-09-29 13:40:00,1,2026-09-30 06:55:10,2026-09-30 06:55:10,N,Y,738.0,738.0,735.0,735.0,20.78997289,735.0,,0.0,,buy:rt,match
2026-09-29 13:45:00,1,2026-09-30 07:00:05,2026-09-30 07:00:05,N,Y,736.0,736.0,733.0,733.0,3403.62644146,733.0,,0.0,,buy:rt,match
2026-09-29 13:50:00,2,2026-09-30 07:00:05,2026-09-30 07:05:10,N,N,735.0,739.0,735.0,739.0,3745.90108363,739.0,,0.0,,buy:rt,match
2026-09-29 13:55:00,1,2026-09-30 07:10:05,2026-09-30 07:10:05,N,Y,740.0,740.0,739.0,739.0,2927.03720532,739.0,,0.0,,buy:rt,match
2026-09-29 14:00:00,2,2026-09-30 07:10:05,2026-09-30 07:15:10,N,N,739.0,739.0,736.0,736.0,14.0,736.0,,0.0,,buy:rt,match
2026-09-29 14:05:00,1,2026-09-30 07:20:11,2026-09-30 07:20:11,N,Y,736.0,736.0,736.0,736.0,1236.23011015,736.0,,0.0,,buy:rt,match
2026-09-29 14:10:00,1,2026-09-30 07:25:10,2026-09-30 07:25:10,N,Y,738.0,739.0,738.0,739.0,74.70744836,739.0,,0.0,,buy:rt,match
2026-09-29 14:15:00,1,2026-09-30 07:30:06,2026-09-30 07:30:06,N,Y,739.0,740.0,737.0,740.0,1897.66650751,740.0,739.0,0.0,-1.0,buy:missing_bar,match
2026-09-29 14:20:00,2,2026-09-30 07:30:06,2026-09-30 07:35:11,N,N,738.0,738.0,738.0,738.0,99.91776316,738.0,,0.0,,buy:rt,match
2026-09-29 14:25:00,1,2026-09-30 07:40:11,2026-09-30 07:40:11,N,Y,740.0,740.0,740.0,740.0,480.22511452,740.0,,0.0,,buy:rt,match
2026-09-29 14:30:00,1,2026-09-30 07:45:10,2026-09-30 07:45:10,N,Y,739.0,740.0,736.0,736.0,13282.04162325,736.0,,0.0,,buy:rt,match
2026-09-29 14:35:00,1,2026-09-30 07:50:10,2026-09-30 07:50:10,N,Y,736.0,736.0,733.0,736.0,23217.0077235,736.0,736.0,0.0,0.0,buy:missing_bar,match
2026-09-29 14:40:00,1,2026-09-30 07:55:10,2026-09-30 07:55:10,N,Y,737.0,739.0,737.0,739.0,3780.94768887,739.0,,0.0,,buy:rt,match
2026-09-29 14:50:00,1,2026-09-30 08:00:10,2026-09-30 08:00:10,N,Y,741.0,743.0,741.0,742.0,40925.45944467,742.0,741.0,0.0,-1.0,buy:missing_bar,match
2026-09-29 14:55:00,1,2026-09-30 08:05:10,2026-09-30 08:05:10,N,Y,745.0,747.0,742.0,746.0,7031.15119642,746.0,,0.0,,buy:rt,match
2026-09-29 15:00:00,18,2026-09-30 08:05:10,2026-09-30 17:55:10,Y,N,746.0,746.0,743.0,743.0,12363.31295069,743.0,743.0,0.0,0.0,buy:changed_close,match
2026-09-29 15:05:00,18,2026-09-30 08:15:21,2026-09-30 17:55:10,Y,N,743.0,748.0,743.0,748.0,12206.0769393,748.0,748.0,0.0,0.0,buy:changed_close,match
2026-09-29 15:10:00,17,2026-09-30 08:25:10,2026-09-30 17:55:10,Y,N,749.0,751.0,747.0,749.0,6081.64568611,749.0,749.0,0.0,0.0,buy:changed_close,match
2026-09-29 15:15:00,17,2026-09-30 08:30:10,2026-09-30 17:55:10,Y,N,750.0,751.0,745.0,745.0,17545.30078754,745.0,745.0,0.0,0.0,buy:changed_close,match
2026-09-29 15:20:00,17,2026-09-30 08:35:10,2026-09-30 17:55:10,Y,N,748.0,753.0,748.0,753.0,43043.82033722,753.0,753.0,0.0,0.0,buy:changed_close,match
2026-09-29 15:25:00,17,2026-09-30 08:40:11,2026-09-30 17:55:10,Y,N,753.0,755.0,753.0,754.0,6955.13634232,754.0,754.0,0.0,0.0,buy:changed_close,match
2026-09-29 15:30:00,18,2026-09-30 08:40:11,2026-09-30 17:55:10,Y,N,753.0,754.0,751.0,751.0,3193.97623086,751.0,751.0,0.0,0.0,buy:changed_close,match
2026-09-29 15:35:00,17,2026-09-30 08:50:11,2026-09-30 17:55:10,Y,N,750.0,751.0,750.0,751.0,483.95567682,751.0,751.0,0.0,0.0,buy:changed_close,match
2026-09-29 15:40:00,17,2026-09-30 08:55:10,2026-09-30 17:55:10,Y,N,754.0,754.0,753.0,753.0,246.4713715,753.0,753.0,0.0,0.0,buy:changed_close,match
2026-09-29 15:50:00,17,2026-09-30 09:00:10,2026-09-30 17:55:10,Y,N,753.0,756.0,753.0,754.0,18579.88358397,754.0,754.0,0.0,0.0,buy:changed_close,match
2026-09-29 15:55:00,17,2026-09-30 09:05:10,2026-09-30 17:55:10,Y,N,756.0,757.0,753.0,756.0,24600.92406385,756.0,756.0,0.0,0.0,buy:changed_close,match
2026-09-29 16:00:00,17,2026-09-30 09:10:10,2026-09-30 17:55:10,Y,N,758.0,758.0,753.0,755.0,8983.59470081,755.0,755.0,0.0,0.0,buy:changed_close,match
2026-09-29 16:05:00,17,2026-09-30 09:15:05,2026-09-30 17:55:10,Y,N,756.0,758.0,754.0,758.0,20237.26598179,758.0,758.0,0.0,0.0,buy:changed_close,match
2026-09-29 16:10:00,18,2026-09-30 09:15:05,2026-09-30 17:55:10,Y,N,758.0,759.0,756.0,756.0,5932.17945196,756.0,756.0,0.0,0.0,buy:changed_close,match
2026-09-29 16:15:00,17,2026-09-30 09:25:05,2026-09-30 17:55:10,Y,N,757.0,759.0,756.0,756.0,5180.1525682,756.0,756.0,0.0,0.0,buy:changed_close,match
2026-09-29 16:20:00,18,2026-09-30 09:25:05,2026-09-30 17:55:10,Y,N,758.0,758.0,756.0,756.0,20.60290237,756.0,756.0,0.0,0.0,buy:changed_close,match
2026-09-29 16:25:00,17,2026-09-30 09:35:11,2026-09-30 17:55:10,Y,N,759.0,759.0,754.0,755.0,33166.09086748,755.0,755.0,0.0,0.0,buy:changed_close,match
2026-09-29 16:30:00,33,2026-09-30 09:40:11,2026-09-30 19:25:10,Y,N,755.0,755.0,751.0,754.0,46403.10581072,754.0,754.0,0.0,0.0,buy:changed_close;sell:missing_bar,match
2026-09-29 16:35:00,33,2026-09-30 09:45:11,2026-09-30 19:25:10,Y,N,755.0,756.0,755.0,756.0,2816.45490406,756.0,756.0,0.0,0.0,buy:changed_close;sell:missing_bar,match
2026-09-29 16:40:00,33,2026-09-30 09:50:11,2026-09-30 19:25:10,Y,N,754.0,757.0,754.0,755.0,3362.61006871,755.0,755.0,0.0,0.0,buy:changed_close;sell:missing_bar,match
2026-09-29 16:45:00,33,2026-09-30 09:55:10,2026-09-30 19:25:10,Y,N,756.0,756.0,755.0,756.0,2023.77019105,756.0,756.0,0.0,0.0,buy:changed_close;sell:missing_bar,match
2026-09-29 16:50:00,33,2026-09-30 10:00:10,2026-09-30 19:25:10,Y,N,755.0,756.0,754.0,756.0,279.23737037,756.0,756.0,0.0,0.0,buy:changed_close;sell:missing_bar,match
2026-09-29 16:55:00,33,2026-09-30 10:05:10,2026-09-30 19:25:10,Y,N,755.0,756.0,754.0,755.0,15502.44051498,755.0,755.0,0.0,0.0,buy:changed_close;sell:missing_bar,match
2026-09-29 17:00:00,33,2026-09-30 10:10:10,2026-09-30 19:25:10,Y,N,756.0,756.0,752.0,754.0,43.62913907,754.0,754.0,0.0,0.0,buy:changed_close;sell:missing_bar,match
2026-09-29 17:05:00,33,2026-09-30 10:15:11,2026-09-30 19:25:10,Y,N,752.0,753.0,748.0,748.0,2604.59075968,748.0,748.0,0.0,0.0,buy:changed_close;sell:missing_bar,match
2026-09-29 17:10:00,34,2026-09-30 10:15:11,2026-09-30 19:25:10,Y,N,750.0,756.0,750.0,756.0,12992.443223,756.0,756.0,0.0,0.0,buy:changed_close;sell:missing_bar,match
2026-09-29 17:15:00,33,2026-09-30 10:25:11,2026-09-30 19:25:10,Y,N,758.0,760.0,756.0,760.0,18263.05858725,760.0,760.0,0.0,0.0,buy:changed_close;sell:missing_bar,match
2026-09-29 17:20:00,34,2026-09-30 10:25:11,2026-09-30 19:25:10,Y,N,760.0,765.0,760.0,762.0,79454.47477936,762.0,762.0,0.0,0.0,buy:changed_close;sell:missing_bar,match
2026-09-29 17:25:00,33,2026-09-30 10:35:11,2026-09-30 19:25:10,Y,N,762.0,765.0,761.0,765.0,32740.15050973,765.0,765.0,0.0,0.0,buy:changed_close;sell:missing_bar,match
2026-09-29 17:30:00,33,2026-09-30 10:40:06,2026-09-30 19:25:10,Y,N,765.0,765.0,756.0,756.0,16028.76287844,756.0,756.0,0.0,0.0,buy:changed_close;sell:missing_bar,match
2026-09-29 17:35:00,34,2026-09-30 10:40:06,2026-09-30 19:25:10,Y,N,757.0,758.0,753.0,756.0,16301.20565977,756.0,756.0,0.0,0.0,buy:changed_close;sell:missing_bar,match
2026-09-29 17:40:00,33,2026-09-30 10:50:11,2026-09-30 19:25:10,Y,N,755.0,756.0,753.0,753.0,109299.0480517,753.0,753.0,0.0,0.0,buy:changed_close;sell:missing_bar,match
2026-09-29 17:45:00,34,2026-09-30 10:50:11,2026-09-30 19:25:10,Y,N,753.0,757.0,753.0,757.0,8552.46626437,757.0,757.0,0.0,0.0,buy:changed_close;sell:missing_bar,match
2026-09-29 17:50:00,33,2026-09-30 11:00:10,2026-09-30 19:25:10,Y,N,754.0,755.0,753.0,755.0,1092.40628084,755.0,755.0,0.0,0.0,buy:changed_close;sell:missing_bar,match
2026-09-29 17:55:00,33,2026-09-30 11:05:10,2026-09-30 19:25:10,Y,N,754.0,756.0,754.0,756.0,12325.02836959,756.0,756.0,0.0,0.0,buy:changed_close;sell:missing_bar,match
2026-09-29 18:00:00,34,2026-09-30 11:05:10,2026-09-30 19:25:10,Y,N,754.0,755.0,754.0,755.0,15844.00449361,755.0,755.0,0.0,0.0,buy:changed_close;sell:missing_bar,match
2026-09-29 18:05:00,34,2026-09-30 11:10:10,2026-09-30 19:25:10,Y,N,759.0,759.0,754.0,755.0,1026.92971341,755.0,755.0,0.0,0.0,buy:changed_close;sell:missing_bar,match
2026-09-29 18:10:00,137,2026-09-30 11:20:11,2026-10-01 04:25:10,Y,N,752.0,754.0,752.0,753.0,32471.47287956,753.0,753.0,0.0,0.0,buy:changed_close;sell:changed_close,match
2026-09-29 18:15:00,140,2026-09-30 11:20:11,2026-10-01 04:35:10,Y,N,752.0,755.0,752.0,755.0,1447.70989695,755.0,755.0,0.0,0.0,buy:changed_close;sell:changed_close,match
2026-09-29 18:20:00,141,2026-09-30 11:25:12,2026-10-01 04:40:10,Y,N,755.0,758.0,755.0,758.0,51.85532003,758.0,758.0,0.0,0.0,buy:changed_close;sell:changed_close,match
2026-09-29 18:25:00,141,2026-09-30 11:35:06,2026-10-01 04:45:11,Y,N,756.0,758.0,755.0,758.0,2318.77456983,758.0,758.0,0.0,0.0,buy:changed_close;sell:changed_close,match
2026-09-29 18:30:00,144,2026-09-30 11:35:06,2026-10-01 04:55:11,Y,N,758.0,763.0,758.0,763.0,288.17811302,763.0,763.0,0.0,0.0,buy:changed_close;sell:changed_close,match
2026-09-29 18:35:00,144,2026-09-30 11:45:05,2026-10-01 05:00:06,Y,N,763.0,765.0,763.0,764.0,170.6255107,764.0,764.0,0.0,0.0,buy:changed_close;sell:changed_close,match
2026-09-29 18:40:00,146,2026-09-30 11:45:05,2026-10-01 05:05:06,Y,N,763.0,768.0,763.0,767.0,103383.78703126,767.0,767.0,0.0,0.0,buy:changed_close;sell:changed_close,match
2026-09-29 18:45:00,146,2026-09-30 11:55:10,2026-10-01 05:10:11,Y,N,766.0,768.0,765.0,767.0,23769.20631668,767.0,767.0,0.0,0.0,buy:changed_close;sell:changed_close,match
2026-09-29 18:50:00,147,2026-09-30 12:00:10,2026-10-01 05:15:06,Y,N,769.0,773.0,768.0,772.0,16676.81002916,772.0,772.0,0.0,0.0,buy:changed_close;sell:changed_close,match
2026-09-29 18:55:00,148,2026-09-30 12:05:10,2026-10-01 05:20:11,Y,N,771.0,772.0,769.0,772.0,1978.8130654,772.0,772.0,0.0,0.0,buy:changed_close;sell:changed_close,match
2026-09-29 19:00:00,150,2026-09-30 12:05:10,2026-10-01 05:25:06,Y,N,769.0,770.0,768.0,768.0,2744.898824,768.0,768.0,0.0,0.0,buy:changed_close;sell:changed_close,match
2026-09-29 19:05:00,150,2026-09-30 12:15:11,2026-10-01 05:30:11,Y,N,770.0,770.0,769.0,770.0,3272.38803752,770.0,770.0,0.0,0.0,buy:changed_close;sell:changed_close,match
2026-09-29 19:10:00,151,2026-09-30 12:20:06,2026-10-01 05:35:11,Y,N,770.0,771.0,769.0,771.0,577.10872546,771.0,771.0,0.0,0.0,buy:changed_close;sell:changed_close,match
2026-09-29 19:15:00,153,2026-09-30 12:20:06,2026-10-01 05:40:10,Y,N,769.0,769.0,767.0,769.0,3281.37888302,769.0,769.0,0.0,0.0,buy:changed_close;sell:changed_close,match
2026-09-29 19:20:00,153,2026-09-30 12:30:11,2026-10-01 05:45:06,Y,N,768.0,768.0,767.0,767.0,4568.07302039,767.0,767.0,0.0,0.0,buy:changed_close;sell:changed_close,match
2026-09-29 19:25:00,154,2026-09-30 12:35:10,2026-10-01 05:50:11,Y,N,768.0,769.0,767.0,768.0,2522.025743,768.0,768.0,0.0,0.0,buy:missing_bar;sell:changed_close,match
2026-09-29 19:30:00,155,2026-09-30 12:40:10,2026-10-01 05:55:06,Y,N,767.0,767.0,766.0,767.0,531.77431007,767.0,767.0,0.0,0.0,buy:missing_bar;sell:changed_close,match
2026-09-29 19:35:00,156,2026-09-30 12:45:10,2026-10-01 06:00:11,Y,N,766.0,768.0,766.0,766.0,5772.72187452,766.0,766.0,0.0,0.0,buy:missing_bar;sell:changed_close,match
2026-09-29 19:40:00,158,2026-09-30 12:45:10,2026-10-01 06:05:11,Y,N,766.0,767.0,764.0,767.0,48109.56706706,767.0,767.0,0.0,0.0,buy:missing_bar;sell:changed_close,match
2026-09-29 19:45:00,158,2026-09-30 12:55:10,2026-10-01 06:10:06,Y,N,766.0,768.0,764.0,766.0,1555.19708234,766.0,766.0,0.0,0.0,buy:missing_bar;sell:changed_close,match
2026-09-29 19:50:00,159,2026-09-30 13:00:10,2026-10-01 06:15:11,Y,N,765.0,767.0,765.0,767.0,3554.48588054,767.0,767.0,0.0,0.0,buy:missing_bar;sell:changed_close,match
2026-09-29 19:55:00,160,2026-09-30 13:05:10,2026-10-01 06:20:06,Y,N,765.0,765.0,765.0,765.0,3633.2895719,765.0,765.0,0.0,0.0,buy:missing_bar;sell:changed_close,match
2026-09-29 20:00:00,161,2026-09-30 13:10:10,2026-10-01 06:25:11,Y,N,765.0,767.0,763.0,763.0,5360.50923893,763.0,763.0,0.0,0.0,buy:missing_bar;sell:changed_close,match
2026-09-29 20:05:00,162,2026-09-30 13:15:11,2026-10-01 06:30:10,Y,N,766.0,768.0,766.0,768.0,12717.04011823,768.0,768.0,0.0,0.0,buy:missing_bar;sell:changed_close,match
2026-09-29 20:10:00,163,2026-09-30 13:20:11,2026-10-01 06:35:10,Y,N,765.0,765.0,765.0,765.0,11720.62162102,765.0,765.0,0.0,0.0,buy:missing_bar;sell:changed_close,match
2026-09-29 20:15:00,164,2026-09-30 13:25:11,2026-10-01 06:40:10,Y,N,765.0,768.0,763.0,768.0,560.87623462,768.0,768.0,0.0,0.0,buy:missing_bar;sell:changed_close,match
2026-09-29 20:20:00,166,2026-09-30 13:25:11,2026-10-01 06:45:10,Y,N,766.0,767.0,766.0,766.0,4715.06385439,766.0,766.0,0.0,0.0,buy:missing_bar;sell:changed_close,match
2026-09-29 20:25:00,166,2026-09-30 13:35:11,2026-10-01 06:50:10,Y,N,765.0,767.0,765.0,765.0,4645.9020684,765.0,765.0,0.0,0.0,buy:missing_bar;sell:changed_close,match
2026-09-29 20:30:00,167,2026-09-30 13:40:11,2026-10-01 06:55:10,Y,N,767.0,772.0,766.0,770.0,25141.00402372,770.0,770.0,0.0,0.0,buy:missing_bar;sell:changed_close,match
2026-09-29 20:35:00,168,2026-09-30 13:45:10,2026-10-01 07:00:10,Y,N,772.0,772.0,767.0,771.0,68198.30332774,771.0,771.0,0.0,0.0,buy:missing_bar;sell:changed_close,match
2026-09-29 20:40:00,169,2026-09-30 13:50:10,2026-10-01 07:05:06,Y,N,771.0,772.0,768.0,770.0,58038.86463749,770.0,770.0,0.0,0.0,buy:missing_bar;sell:changed_close,match
2026-09-29 20:45:00,170,2026-09-30 13:55:11,2026-10-01 07:10:10,Y,N,770.0,773.0,770.0,772.0,62915.98878801,772.0,772.0,0.0,0.0,buy:missing_bar;sell:changed_close,match
2026-09-29 20:50:00,172,2026-09-30 14:00:51,2026-10-01 07:15:11,Y,N,772.0,774.0,769.0,774.0,85001.25667582,774.0,774.0,0.0,0.0,buy:missing_bar;sell:changed_close,match
2026-09-29 20:55:00,173,2026-09-30 14:10:46,2026-10-01 07:20:10,Y,N,772.0,773.0,767.0,767.0,231138.26372624,767.0,767.0,0.0,0.0,buy:missing_bar;sell:changed_close,match
2026-09-29 21:00:00,173,2026-09-30 14:20:10,2026-10-01 07:25:10,Y,N,765.0,768.0,765.0,766.0,14586.60447078,766.0,766.0,0.0,0.0,buy:missing_bar;sell:changed_close,match
2026-09-29 21:05:00,174,2026-09-30 14:25:10,2026-10-01 07:30:10,Y,N,767.0,767.0,765.0,765.0,23842.42869153,765.0,765.0,0.0,0.0,buy:missing_bar;sell:changed_close,match
2026-09-29 21:10:00,175,2026-09-30 14:30:10,2026-10-01 07:35:10,Y,N,766.0,767.0,766.0,767.0,5693.52981118,767.0,767.0,0.0,0.0,buy:missing_bar;sell:changed_close,match
2026-09-29 21:15:00,176,2026-09-30 14:35:10,2026-10-01 07:40:10,Y,N,767.0,769.0,766.0,766.0,1374.94050834,766.0,766.0,0.0,0.0,buy:missing_bar;sell:changed_close,match
2026-09-29 21:20:00,177,2026-09-30 14:40:10,2026-10-01 07:45:10,Y,N,766.0,766.0,764.0,764.0,71.82519855,764.0,764.0,0.0,0.0,buy:missing_bar;sell:changed_close,match
2026-09-29 21:25:00,179,2026-09-30 14:46:56,2026-10-01 07:50:10,Y,N,763.0,764.0,760.0,764.0,44817.66387412,764.0,764.0,0.0,0.0,buy:missing_bar;sell:changed_close,match
2026-09-29 21:30:00,179,2026-09-30 14:55:10,2026-10-01 07:55:11,Y,N,764.0,767.0,764.0,765.0,14277.10765836,765.0,765.0,0.0,0.0,buy:missing_bar;sell:changed_close,match
2026-09-29 21:35:00,180,2026-09-30 15:00:10,2026-10-01 08:00:11,Y,N,765.0,765.0,762.0,763.0,8889.73152408,763.0,763.0,0.0,0.0,buy:missing_bar;sell:changed_close,match
2026-09-29 21:40:00,181,2026-09-30 15:05:10,2026-10-01 08:05:10,Y,N,765.0,766.0,762.0,762.0,512.31653134,762.0,762.0,0.0,0.0,buy:missing_bar;sell:changed_close,match
2026-09-29 21:45:00,182,2026-09-30 15:10:11,2026-10-01 08:10:10,Y,N,762.0,762.0,759.0,760.0,4841.69466138,760.0,760.0,0.0,0.0,buy:missing_bar;sell:changed_close,match
2026-09-29 21:50:00,183,2026-09-30 15:15:05,2026-10-01 08:15:10,Y,N,759.0,763.0,759.0,763.0,14139.40377087,763.0,763.0,0.0,0.0,buy:missing_bar;sell:changed_close,match
2026-09-29 21:55:00,185,2026-09-30 15:15:05,2026-10-01 08:20:05,Y,N,764.0,764.0,763.0,764.0,4037.684078,764.0,764.0,0.0,0.0,buy:missing_bar;sell:changed_close,match
2026-09-29 22:00:00,186,2026-09-30 15:20:10,2026-10-01 08:25:10,Y,N,762.0,766.0,762.0,766.0,884.10902472,766.0,766.0,0.0,0.0,buy:missing_bar;sell:changed_close,match
2026-09-29 22:05:00,186,2026-09-30 15:30:11,2026-10-01 08:30:10,Y,N,766.0,768.0,765.0,768.0,14567.83288589,768.0,768.0,0.0,0.0,buy:missing_bar;sell:changed_close,match
2026-09-29 22:10:00,187,2026-09-30 15:35:11,2026-10-01 08:35:10,Y,N,767.0,768.0,764.0,764.0,2768.12189076,764.0,764.0,0.0,0.0,buy:missing_bar;sell:changed_close,match
2026-09-29 22:15:00,188,2026-09-30 15:40:11,2026-10-01 08:40:10,Y,N,764.0,769.0,764.0,768.0,7934.15147448,768.0,768.0,0.0,0.0,buy:missing_bar;sell:changed_close,match
2026-09-29 22:20:00,190,2026-09-30 15:40:11,2026-10-01 08:45:06,Y,N,767.0,770.0,767.0,770.0,21067.47506512,770.0,770.0,0.0,0.0,buy:missing_bar;sell:changed_close,match
2026-09-29 22:25:00,190,2026-09-30 15:50:10,2026-10-01 08:50:11,Y,N,768.0,769.0,768.0,769.0,106.46124031,769.0,769.0,0.0,0.0,buy:missing_bar;sell:changed_close,match
2026-09-29 22:30:00,191,2026-09-30 15:55:10,2026-10-01 08:55:06,Y,N,768.0,768.0,761.0,762.0,16690.58637519,762.0,762.0,0.0,0.0,buy:missing_bar;sell:changed_close,match
2026-09-29 22:35:00,192,2026-09-30 16:00:11,2026-10-01 09:00:11,Y,N,764.0,765.0,763.0,765.0,6963.07418002,765.0,765.0,0.0,0.0,buy:missing_bar;sell:changed_close,match
2026-09-29 22:40:00,194,2026-09-30 16:00:11,2026-10-01 09:05:11,Y,N,765.0,765.0,763.0,763.0,1095.92156939,763.0,763.0,0.0,0.0,buy:missing_bar;sell:changed_close,match
2026-09-29 22:45:00,195,2026-09-30 16:05:05,2026-10-01 09:10:11,Y,N,764.0,765.0,764.0,765.0,13496.58130171,765.0,765.0,0.0,0.0,buy:missing_bar;sell:changed_close,match
2026-09-29 22:50:00,196,2026-09-30 16:15:51,2026-10-01 09:15:11,Y,N,768.0,768.0,767.0,767.0,1156.70374497,767.0,767.0,0.0,0.0,buy:missing_bar;sell:changed_close,match
2026-09-29 22:55:00,196,2026-09-30 16:25:11,2026-10-01 09:20:06,Y,N,767.0,767.0,765.0,765.0,8316.36335096,765.0,765.0,0.0,0.0,buy:missing_bar;sell:changed_close,match
2026-09-29 23:00:00,196,2026-09-30 16:40:31,2026-10-01 09:25:11,Y,N,765.0,765.0,763.0,763.0,4121.56862744,763.0,763.0,0.0,0.0,buy:missing_bar;sell:changed_close,match
2026-09-29 23:05:00,181,2026-09-30 18:10:33,2026-10-01 09:30:10,Y,N,762.0,762.0,758.0,758.0,1790.1488021,758.0,758.0,0.0,0.0,buy:rt;sell:changed_close,match
2026-09-29 23:10:00,182,2026-09-30 18:10:33,2026-10-01 09:35:10,Y,N,759.0,759.0,756.0,756.0,2228.58668392,756.0,756.0,0.0,0.0,buy:rt;sell:changed_close,match
2026-09-29 23:15:00,183,2026-09-30 18:10:33,2026-10-01 09:40:10,Y,N,757.0,762.0,755.0,762.0,15184.83034353,762.0,762.0,0.0,0.0,buy:rt;sell:changed_close,match
2026-09-29 23:20:00,184,2026-09-30 18:10:33,2026-10-01 09:45:10,Y,N,764.0,764.0,757.0,757.0,10918.80251672,757.0,757.0,0.0,0.0,buy:rt;sell:changed_close,match
2026-09-29 23:25:00,185,2026-09-30 18:10:33,2026-10-01 09:50:10,Y,N,759.0,763.0,759.0,763.0,9781.75616213,763.0,763.0,0.0,0.0,buy:rt;sell:changed_close,match
2026-09-29 23:30:00,186,2026-09-30 18:10:33,2026-10-01 09:55:10,Y,N,760.0,764.0,760.0,763.0,1230.14841883,763.0,763.0,0.0,0.0,buy:rt;sell:changed_close,match
2026-09-29 23:35:00,186,2026-09-30 18:10:33,2026-10-01 09:55:10,Y,N,762.0,763.0,758.0,763.0,2392.6887752,763.0,763.0,0.0,0.0,buy:rt;sell:changed_close,match
2026-09-29 23:40:00,186,2026-09-30 18:10:33,2026-10-01 09:55:10,Y,N,762.0,765.0,762.0,763.0,305.04261716,763.0,763.0,0.0,0.0,buy:rt;sell:changed_close,match
2026-09-29 23:45:00,186,2026-09-30 18:10:33,2026-10-01 09:55:10,Y,N,765.0,767.0,765.0,767.0,5443.93879299,767.0,767.0,0.0,0.0,buy:rt;sell:changed_close,match
2026-09-29 23:50:00,186,2026-09-30 18:10:33,2026-10-01 09:55:10,Y,N,764.0,764.0,763.0,764.0,10771.12851095,764.0,764.0,0.0,0.0,buy:rt;sell:changed_close,match
2026-09-29 23:55:00,186,2026-09-30 18:10:33,2026-10-01 09:55:10,Y,N,766.0,766.0,766.0,766.0,489.04699738,766.0,766.0,0.0,0.0,buy:rt;sell:changed_close,match
2026-09-30 00:00:00,186,2026-09-30 18:10:33,2026-10-01 09:55:10,Y,N,764.0,764.0,760.0,760.0,1468.51346022,760.0,760.0,0.0,0.0,buy:rt;sell:changed_close,match
2026-09-30 00:05:00,186,2026-09-30 18:10:33,2026-10-01 09:55:10,Y,N,758.0,762.0,757.0,762.0,28645.5686771,762.0,762.0,0.0,0.0,buy:rt;sell:changed_close,match
2026-09-30 00:10:00,186,2026-09-30 18:10:33,2026-10-01 09:55:10,Y,N,764.0,764.0,758.0,759.0,33573.6778878,759.0,759.0,0.0,0.0,buy:rt;sell:changed_close,match
2026-09-30 00:15:00,186,2026-09-30 18:10:33,2026-10-01 09:55:10,Y,N,760.0,760.0,756.0,756.0,4453.23440672,756.0,756.0,0.0,0.0,buy:rt;sell:changed_close,match
2026-09-30 00:20:00,186,2026-09-30 18:10:33,2026-10-01 09:55:10,Y,N,755.0,755.0,749.0,749.0,22619.44144571,749.0,749.0,0.0,0.0,buy:rt;sell:changed_close,match
2026-09-30 00:25:00,186,2026-09-30 18:10:33,2026-10-01 09:55:10,Y,N,748.0,748.0,746.0,746.0,35552.05532885,746.0,746.0,0.0,0.0,buy:rt;sell:changed_close,match
2026-09-30 00:30:00,186,2026-09-30 18:10:33,2026-10-01 09:55:10,Y,N,748.0,750.0,748.0,749.0,17962.59586935,749.0,749.0,0.0,0.0,buy:rt;sell:changed_close,match
2026-09-30 00:35:00,170,2026-09-30 19:50:30,2026-10-01 09:55:10,Y,N,751.0,751.0,750.0,750.0,4144.6940931,750.0,750.0,0.0,0.0,buy:rt;sell:changed_close,match
2026-09-30 00:40:00,170,2026-09-30 19:50:30,2026-10-01 09:55:10,Y,N,750.0,750.0,749.0,749.0,11608.6149495,749.0,749.0,0.0,0.0,buy:rt;sell:changed_close,match
2026-09-30 00:45:00,170,2026-09-30 19:50:30,2026-10-01 09:55:10,Y,N,751.0,754.0,747.0,754.0,11655.40343109,754.0,754.0,0.0,0.0,buy:rt;sell:changed_close,match
2026-09-30 00:50:00,170,2026-09-30 19:50:30,2026-10-01 09:55:10,Y,N,754.0,754.0,748.0,749.0,3412.03105868,749.0,749.0,0.0,0.0,buy:rt;sell:changed_close,match
2026-09-30 00:55:00,170,2026-09-30 19:50:30,2026-10-01 09:55:10,Y,N,748.0,748.0,746.0,748.0,15313.31636216,748.0,748.0,0.0,0.0,buy:rt;sell:changed_close,match
2026-09-30 01:00:00,170,2026-09-30 19:50:30,2026-10-01 09:55:10,Y,N,750.0,753.0,750.0,751.0,5678.77056,751.0,751.0,0.0,0.0,buy:rt;sell:changed_close,match
2026-09-30 01:05:00,170,2026-09-30 19:50:30,2026-10-01 09:55:10,Y,N,751.0,751.0,751.0,751.0,9.46471371,751.0,751.0,0.0,0.0,buy:rt;sell:changed_close,match
2026-09-30 01:10:00,170,2026-09-30 19:50:30,2026-10-01 09:55:10,Y,N,751.0,751.0,749.0,749.0,6710.05638028,749.0,749.0,0.0,0.0,buy:rt;sell:changed_close,match
2026-09-30 01:15:00,170,2026-09-30 19:50:30,2026-10-01 09:55:10,Y,N,751.0,751.0,751.0,751.0,126.48335553,751.0,751.0,0.0,0.0,buy:rt;sell:changed_close,match
2026-09-30 01:20:00,170,2026-09-30 19:50:30,2026-10-01 09:55:10,Y,N,751.0,751.0,751.0,751.0,2232.39946666,751.0,751.0,0.0,0.0,buy:rt;sell:changed_close,match
2026-09-30 01:25:00,170,2026-09-30 19:50:30,2026-10-01 09:55:10,Y,N,748.0,752.0,748.0,750.0,39310.63672313,750.0,750.0,0.0,0.0,buy:rt;sell:changed_close,match
2026-09-30 01:30:00,170,2026-09-30 19:50:30,2026-10-01 09:55:10,Y,N,750.0,750.0,747.0,749.0,40735.49246831,749.0,749.0,0.0,0.0,buy:rt;sell:changed_close,match
2026-09-30 01:35:00,170,2026-09-30 19:50:30,2026-10-01 09:55:10,Y,N,754.0,755.0,752.0,755.0,78604.37797066,755.0,755.0,0.0,0.0,buy:rt;sell:changed_close,match
2026-09-30 01:40:00,170,2026-09-30 19:50:30,2026-10-01 09:55:10,Y,N,754.0,754.0,749.0,749.0,2289.59886929,749.0,749.0,0.0,0.0,buy:rt;sell:changed_close,match
2026-09-30 01:45:00,170,2026-09-30 19:50:30,2026-10-01 09:55:10,Y,N,746.0,750.0,746.0,748.0,18618.57087718,748.0,748.0,0.0,0.0,buy:rt;sell:changed_close,match
2026-09-30 01:50:00,170,2026-09-30 19:50:30,2026-10-01 09:55:10,Y,N,748.0,752.0,747.0,748.0,7054.63228954,748.0,748.0,0.0,0.0,buy:rt;sell:changed_close,match
2026-09-30 01:55:00,170,2026-09-30 19:50:30,2026-10-01 09:55:10,Y,N,748.0,751.0,746.0,751.0,9017.876803,751.0,751.0,0.0,0.0,buy:rt;sell:changed_close,match
2026-09-30 02:00:00,170,2026-09-30 19:50:30,2026-10-01 09:55:10,Y,N,750.0,751.0,748.0,748.0,17393.89789307,748.0,748.0,0.0,0.0,buy:rt;sell:changed_close,match
2026-09-30 02:05:00,170,2026-09-30 19:50:30,2026-10-01 09:55:10,Y,N,752.0,752.0,751.0,751.0,3931.03334114,751.0,751.0,0.0,0.0,buy:rt;sell:changed_close,match
2026-09-30 02:10:00,170,2026-09-30 19:50:30,2026-10-01 09:55:10,Y,N,750.0,750.0,747.0,747.0,53780.01816921,747.0,747.0,0.0,0.0,buy:rt;sell:changed_close,match
2026-09-30 09:00:00,21,2026-10-01 10:00:33,2026-10-01 11:40:11,Y,N,747.0,748.0,745.0,745.0,25570.82941095,745.0,745.0,0.0,0.0,buy:changed_close,match
2026-09-30 09:05:00,21,2026-10-01 10:00:33,2026-10-01 11:40:11,Y,N,744.0,746.0,742.0,742.0,22101.95655692,742.0,742.0,0.0,0.0,buy:changed_close,match
2026-09-30 09:10:00,21,2026-10-01 10:00:33,2026-10-01 11:40:11,Y,N,743.0,744.0,742.0,744.0,237.72715053,744.0,744.0,0.0,0.0,buy:changed_close,match
2026-09-30 09:15:00,21,2026-10-01 10:00:33,2026-10-01 11:40:11,Y,N,744.0,744.0,741.0,742.0,1259.52609458,742.0,742.0,0.0,0.0,buy:changed_close,match
2026-09-30 09:20:00,21,2026-10-01 10:00:33,2026-10-01 11:40:11,Y,N,742.0,743.0,741.0,741.0,7907.81178626,741.0,741.0,0.0,0.0,buy:changed_close,match
2026-09-30 09:25:00,21,2026-10-01 10:00:33,2026-10-01 11:40:11,Y,N,741.0,746.0,741.0,744.0,21629.71335133,744.0,744.0,0.0,0.0,buy:changed_close,match
2026-09-30 09:30:00,21,2026-10-01 10:00:33,2026-10-01 11:40:11,Y,N,746.0,750.0,746.0,750.0,7676.99113398,750.0,750.0,0.0,0.0,buy:changed_close,match
2026-09-30 09:35:00,21,2026-10-01 10:00:33,2026-10-01 11:40:11,Y,N,752.0,752.0,747.0,749.0,24505.87085303,749.0,749.0,0.0,0.0,buy:changed_close,match
2026-09-30 09:40:00,21,2026-10-01 10:00:33,2026-10-01 11:40:11,Y,N,750.0,750.0,750.0,750.0,189.4365,750.0,750.0,0.0,0.0,buy:changed_close,match
2026-09-30 09:45:00,21,2026-10-01 10:00:33,2026-10-01 11:40:11,Y,N,749.0,749.0,749.0,749.0,1017.31033333,749.0,749.0,0.0,0.0,buy:changed_close,match
2026-09-30 09:50:00,21,2026-10-01 10:00:33,2026-10-01 11:40:11,Y,N,748.0,750.0,748.0,749.0,5316.2496104,749.0,749.0,0.0,0.0,buy:changed_close,match
2026-09-30 09:55:00,21,2026-10-01 10:00:33,2026-10-01 11:40:11,Y,N,749.0,755.0,749.0,755.0,5711.97991877,755.0,755.0,0.0,0.0,buy:changed_close,match
2026-09-30 10:00:00,21,2026-10-01 10:00:33,2026-10-01 11:40:11,Y,N,755.0,760.0,755.0,758.0,12322.93579551,758.0,758.0,0.0,0.0,buy:changed_close,match
2026-09-30 10:05:00,21,2026-10-01 10:00:33,2026-10-01 11:40:11,Y,N,759.0,762.0,759.0,762.0,8468.28646779,762.0,762.0,0.0,0.0,buy:changed_close,match
2026-09-30 10:10:00,21,2026-10-01 10:00:33,2026-10-01 11:40:11,Y,N,762.0,764.0,761.0,762.0,16601.12019635,762.0,762.0,0.0,0.0,buy:changed_close,match
2026-09-30 10:15:00,21,2026-10-01 10:00:33,2026-10-01 11:40:11,Y,N,764.0,765.0,763.0,764.0,1564.40939527,764.0,764.0,0.0,0.0,buy:changed_close,match
2026-09-30 10:20:00,21,2026-10-01 10:00:33,2026-10-01 11:40:11,Y,N,763.0,766.0,763.0,766.0,3626.66535805,766.0,766.0,0.0,0.0,buy:changed_close,match
2026-09-30 10:25:00,21,2026-10-01 10:00:33,2026-10-01 11:40:11,Y,N,768.0,768.0,763.0,765.0,5543.44521129,765.0,765.0,0.0,0.0,buy:changed_close,match
2026-09-30 10:30:00,21,2026-10-01 10:00:33,2026-10-01 11:40:11,Y,N,763.0,766.0,760.0,760.0,26728.66520406,760.0,760.0,0.0,0.0,buy:changed_close,match
2026-09-30 10:35:00,21,2026-10-01 10:00:33,2026-10-01 11:40:11,Y,N,761.0,761.0,759.0,760.0,4919.83316736,760.0,760.0,0.0,0.0,buy:changed_close,match
2026-09-30 10:40:00,21,2026-10-01 10:00:33,2026-10-01 11:40:11,Y,N,762.0,763.0,761.0,763.0,519.43430575,763.0,763.0,0.0,0.0,buy:changed_close,match
2026-09-30 10:45:00,21,2026-10-01 10:00:33,2026-10-01 11:40:11,Y,N,762.0,764.0,762.0,764.0,26116.92822159,764.0,764.0,0.0,0.0,buy:changed_close,match
2026-09-30 10:50:00,21,2026-10-01 10:00:33,2026-10-01 11:40:11,Y,N,764.0,764.0,761.0,761.0,7184.74495852,761.0,761.0,0.0,0.0,buy:changed_close,match
2026-09-30 10:55:00,21,2026-10-01 10:00:33,2026-10-01 11:40:11,Y,N,763.0,763.0,762.0,762.0,23663.8530144,762.0,762.0,0.0,0.0,buy:changed_close,match
2026-09-30 11:00:00,21,2026-10-01 10:00:33,2026-10-01 11:40:11,Y,N,765.0,769.0,764.0,767.0,12179.73097064,767.0,767.0,0.0,0.0,buy:changed_close,match
2026-09-30 11:05:00,21,2026-10-01 10:00:33,2026-10-01 11:40:11,Y,N,767.0,771.0,766.0,769.0,15920.18187394,769.0,769.0,0.0,0.0,buy:changed_close,match
2026-09-30 11:10:00,21,2026-10-01 10:00:33,2026-10-01 11:40:11,Y,N,770.0,773.0,769.0,771.0,13000.60159403,771.0,771.0,0.0,0.0,buy:changed_close,match
2026-09-30 11:15:00,21,2026-10-01 10:00:33,2026-10-01 11:40:11,Y,N,770.0,772.0,769.0,770.0,18357.08180175,770.0,770.0,0.0,0.0,buy:changed_close,match
2026-09-30 11:20:00,21,2026-10-01 10:00:33,2026-10-01 11:40:11,Y,N,768.0,772.0,768.0,772.0,4016.00319186,772.0,772.0,0.0,0.0,buy:changed_close;sell:rt,match
2026-09-30 11:25:00,21,2026-10-01 10:00:33,2026-10-01 11:40:11,Y,N,771.0,771.0,766.0,768.0,47019.74004954,768.0,771.0,0.0,3.0,buy:changed_close;sell:missing_bar,backfill_mismatch
2026-09-30 11:30:00,21,2026-10-01 10:00:33,2026-10-01 11:40:11,Y,N,768.0,768.0,766.0,766.0,2797.89316597,766.0,766.0,0.0,0.0,buy:changed_close;sell:rt,match
2026-09-30 11:35:00,21,2026-10-01 10:00:33,2026-10-01 11:40:11,Y,N,766.0,766.0,766.0,766.0,23666.38354885,766.0,766.0,0.0,0.0,buy:changed_close;sell:missing_bar,match
2026-09-30 11:40:00,21,2026-10-01 10:00:33,2026-10-01 11:40:11,Y,N,768.0,770.0,767.0,770.0,3866.97908826,770.0,770.0,0.0,0.0,buy:changed_close;sell:rt,match
2026-09-30 11:45:00,21,2026-10-01 10:00:33,2026-10-01 11:40:11,Y,N,770.0,772.0,770.0,772.0,10939.83114398,772.0,770.0,0.0,-2.0,buy:changed_close;sell:missing_bar,backfill_mismatch
2026-09-30 11:50:00,21,2026-10-01 10:00:33,2026-10-01 11:40:11,Y,N,770.0,770.0,768.0,768.0,10980.73617957,768.0,768.0,0.0,0.0,buy:changed_close;sell:rt,match
2026-09-30 11:55:00,21,2026-10-01 10:00:33,2026-10-01 11:40:11,Y,N,769.0,769.0,768.0,768.0,11682.11236697,768.0,768.0,0.0,0.0,buy:changed_close;sell:rt,match
2026-09-30 12:00:00,21,2026-10-01 10:00:33,2026-10-01 11:40:11,Y,N,768.0,769.0,765.0,769.0,8464.46544413,769.0,769.0,0.0,0.0,buy:changed_close;sell:rt,match
2026-09-30 12:05:00,21,2026-10-01 10:00:33,2026-10-01 11:40:11,Y,N,769.0,769.0,766.0,768.0,10540.97333736,768.0,769.0,0.0,1.0,buy:changed_close;sell:missing_bar,match
2026-09-30 12:10:00,21,2026-10-01 10:00:33,2026-10-01 11:40:11,Y,N,766.0,766.0,766.0,766.0,1382.52081086,766.0,766.0,0.0,0.0,buy:changed_close;sell:rt,match
2026-09-30 12:15:00,21,2026-10-01 10:00:33,2026-10-01 11:40:11,Y,N,764.0,764.0,757.0,758.0,236410.22132131,758.0,758.0,0.0,0.0,buy:changed_close;sell:rt,match
2026-09-30 12:20:00,21,2026-10-01 10:00:33,2026-10-01 11:40:11,Y,N,757.0,761.0,757.0,760.0,9774.14811182,760.0,758.0,0.0,-2.0,buy:changed_close;sell:missing_bar,backfill_mismatch
2026-09-30 12:25:00,21,2026-10-01 10:00:33,2026-10-01 11:40:11,Y,N,759.0,760.0,757.0,757.0,8342.39641805,757.0,757.0,0.0,0.0,buy:changed_close;sell:rt,match
2026-09-30 12:30:00,21,2026-10-01 10:00:33,2026-10-01 11:40:11,Y,N,756.0,757.0,755.0,755.0,9799.99121792,755.0,755.0,0.0,0.0,buy:changed_close;sell:rt,match
2026-09-30 12:35:00,21,2026-10-01 10:00:33,2026-10-01 11:40:11,Y,N,760.0,761.0,759.0,761.0,10082.18615739,761.0,761.0,0.0,0.0,buy:changed_close;sell:rt,match
2026-09-30 12:40:00,21,2026-10-01 10:00:33,2026-10-01 11:40:11,Y,N,761.0,761.0,760.0,761.0,14680.77236649,761.0,761.0,0.0,0.0,buy:changed_close;sell:rt,match
2026-09-30 12:45:00,21,2026-10-01 10:00:33,2026-10-01 11:40:11,Y,N,759.0,759.0,757.0,759.0,8172.76082636,759.0,759.0,0.0,0.0,buy:changed_close;sell:missing_bar,match
2026-09-30 12:50:00,21,2026-10-01 10:00:33,2026-10-01 11:40:11,Y,N,759.0,760.0,758.0,760.0,2538.61747557,760.0,760.0,0.0,0.0,buy:changed_close;sell:rt,match
2026-09-30 12:55:00,21,2026-10-01 10:00:33,2026-10-01 11:40:11,Y,N,760.0,760.0,756.0,758.0,35281.93170135,758.0,758.0,0.0,0.0,buy:changed_close;sell:rt,match
2026-09-30 13:00:00,21,2026-10-01 10:00:33,2026-10-01 11:40:11,Y,N,758.0,763.0,758.0,763.0,12088.83860906,763.0,763.0,0.0,0.0,buy:changed_close;sell:rt,match
2026-09-30 13:05:00,21,2026-10-01 10:00:33,2026-10-01 11:40:11,Y,N,762.0,762.0,759.0,760.0,30657.14630429,760.0,760.0,0.0,0.0,buy:changed_close;sell:rt,match
2026-09-30 13:10:00,21,2026-10-01 10:00:33,2026-10-01 11:40:11,Y,N,760.0,761.0,760.0,761.0,11094.25041499,761.0,761.0,0.0,0.0,buy:changed_close;sell:rt,match
2026-09-30 13:15:00,21,2026-10-01 10:00:33,2026-10-01 11:40:11,Y,N,762.0,763.0,762.0,763.0,483.5881,763.0,763.0,0.0,0.0,buy:changed_close;sell:rt,match
2026-09-30 13:20:00,21,2026-10-01 10:00:33,2026-10-01 11:40:11,Y,N,762.0,762.0,762.0,762.0,2133.14490042,762.0,762.0,0.0,0.0,buy:changed_close;sell:rt,match
2026-09-30 13:25:00,21,2026-10-01 10:00:33,2026-10-01 11:40:11,Y,N,763.0,764.0,763.0,764.0,2982.49732881,764.0,763.0,0.0,-1.0,buy:changed_close;sell:missing_bar,match
2026-09-30 13:30:00,21,2026-10-01 10:00:33,2026-10-01 11:40:11,Y,N,763.0,763.0,761.0,761.0,1010.83893893,761.0,761.0,0.0,0.0,buy:changed_close;sell:rt,match
2026-09-30 13:35:00,21,2026-10-01 10:00:33,2026-10-01 11:40:11,Y,N,761.0,763.0,761.0,762.0,23030.96365213,762.0,762.0,0.0,0.0,buy:changed_close;sell:rt,match
2026-09-30 13:40:00,21,2026-10-01 10:00:33,2026-10-01 11:40:11,Y,N,760.0,761.0,760.0,761.0,5530.21827817,761.0,761.0,0.0,0.0,buy:changed_close;sell:rt,match
2026-09-30 13:45:00,21,2026-10-01 10:00:33,2026-10-01 11:40:11,Y,N,761.0,761.0,761.0,761.0,549.67316362,761.0,761.0,0.0,0.0,buy:changed_close;sell:rt,match
2026-09-30 13:50:00,21,2026-10-01 10:00:33,2026-10-01 11:40:11,Y,N,760.0,760.0,757.0,759.0,10776.11729153,759.0,759.0,0.0,0.0,buy:changed_close;sell:rt,match
2026-09-30 14:00:00,21,2026-10-01 10:00:33,2026-10-01 11:40:11,Y,N,759.0,761.0,757.0,760.0,15410.90933138,760.0,759.0,0.0,-1.0,buy:changed_close;sell:missing_bar,match
2026-09-30 14:10:00,21,2026-10-01 10:00:33,2026-10-01 11:40:11,Y,N,758.0,758.0,756.0,758.0,3807.41294583,758.0,758.0,0.0,0.0,buy:changed_close;sell:missing_bar,match
2026-09-30 14:15:00,21,2026-10-01 10:00:33,2026-10-01 11:40:11,Y,N,756.0,760.0,755.0,759.0,13127.37382002,759.0,759.0,0.0,0.0,buy:changed_close;sell:rt,match
2026-09-30 14:20:00,21,2026-10-01 10:00:33,2026-10-01 11:40:11,Y,N,758.0,759.0,758.0,759.0,367.04948728,759.0,759.0,0.0,0.0,buy:changed_close;sell:rt,match
2026-09-30 14:25:00,21,2026-10-01 10:00:33,2026-10-01 11:40:11,Y,N,758.0,758.0,756.0,756.0,8764.00490154,756.0,756.0,0.0,0.0,buy:changed_close;sell:rt,match
2026-09-30 14:30:00,21,2026-10-01 10:00:33,2026-10-01 11:40:11,Y,N,758.0,764.0,758.0,759.0,5099.89660664,759.0,759.0,0.0,0.0,buy:changed_close;sell:rt,match
2026-09-30 14:35:00,21,2026-10-01 10:00:33,2026-10-01 11:40:11,Y,N,760.0,762.0,759.0,759.0,9255.44453987,759.0,759.0,0.0,0.0,buy:changed_close;sell:rt,match
2026-09-30 14:45:00,21,2026-10-01 10:00:33,2026-10-01 11:40:11,Y,N,763.0,763.0,761.0,761.0,481.46728943,761.0,763.0,0.0,2.0,buy:changed_close;sell:missing_bar,backfill_mismatch
2026-09-30 14:50:00,21,2026-10-01 10:00:33,2026-10-01 11:40:11,Y,N,760.0,760.0,760.0,760.0,909.13413201,760.0,760.0,0.0,0.0,buy:changed_close;sell:rt,match
2026-09-30 14:55:00,21,2026-10-01 10:00:33,2026-10-01 11:40:11,Y,N,759.0,759.0,759.0,759.0,1312.335958,759.0,759.0,0.0,0.0,buy:changed_close;sell:rt,match
2026-09-30 15:00:00,21,2026-10-01 10:00:33,2026-10-01 11:40:11,Y,N,759.0,759.0,757.0,759.0,2880.45732995,759.0,759.0,0.0,0.0,buy:changed_close;sell:rt,match
2026-09-30 15:05:00,21,2026-10-01 10:00:33,2026-10-01 11:40:11,Y,N,760.0,760.0,756.0,756.0,2894.02326729,756.0,756.0,0.0,0.0,buy:changed_close;sell:rt,match
2026-09-30 15:10:00,21,2026-10-01 10:00:33,2026-10-01 11:40:11,Y,N,755.0,755.0,753.0,754.0,3108.71225155,754.0,754.0,0.0,0.0,buy:changed_close;sell:rt,match
2026-09-30 15:15:00,21,2026-10-01 10:00:33,2026-10-01 11:40:11,Y,N,754.0,756.0,754.0,756.0,430.99052899,756.0,754.0,0.0,-2.0,buy:changed_close;sell:missing_bar,backfill_mismatch
2026-09-30 15:20:00,21,2026-10-01 10:00:33,2026-10-01 11:40:11,Y,N,756.0,756.0,754.0,754.0,22151.20468283,754.0,756.0,0.0,2.0,buy:changed_close;sell:missing_bar,backfill_mismatch
2026-09-30 15:25:00,21,2026-10-01 10:00:33,2026-10-01 11:40:11,Y,N,753.0,754.0,750.0,751.0,42697.01869051,751.0,751.0,0.0,0.0,buy:changed_close;sell:rt,match
2026-09-30 15:30:00,21,2026-10-01 10:00:33,2026-10-01 11:40:11,Y,N,750.0,753.0,749.0,749.0,22748.99906324,749.0,749.0,0.0,0.0,buy:changed_close;sell:rt,match
2026-09-30 15:35:00,21,2026-10-01 10:00:33,2026-10-01 11:40:11,Y,N,749.0,749.0,748.0,749.0,97716.08063739,749.0,749.0,0.0,0.0,buy:changed_close;sell:rt,match
2026-09-30 15:40:00,21,2026-10-01 10:00:33,2026-10-01 11:40:11,Y,N,749.0,752.0,747.0,751.0,27787.09047506,751.0,749.0,0.0,-2.0,buy:changed_close;sell:missing_bar,backfill_mismatch
2026-09-30 15:45:00,21,2026-10-01 10:00:33,2026-10-01 11:40:11,Y,N,746.0,749.0,746.0,746.0,599.74371377,746.0,746.0,0.0,0.0,buy:changed_close,match
2026-09-30 15:50:00,21,2026-10-01 10:00:33,2026-10-01 11:40:11,Y,N,746.0,749.0,746.0,749.0,389.88867922,749.0,749.0,0.0,0.0,buy:changed_close,match
2026-09-30 15:55:00,21,2026-10-01 10:00:33,2026-10-01 11:40:11,Y,N,749.0,751.0,749.0,750.0,7121.66869922,750.0,750.0,0.0,0.0,buy:changed_close,match
2026-09-30 16:00:00,21,2026-10-01 10:00:33,2026-10-01 11:40:11,Y,N,749.0,752.0,748.0,750.0,42447.48040965,750.0,750.0,0.0,0.0,buy:changed_close,match
2026-09-30 16:05:00,21,2026-10-01 10:00:33,2026-10-01 11:40:11,Y,N,750.0,750.0,749.0,750.0,57053.24208448,750.0,750.0,0.0,0.0,buy:changed_close,match
2026-09-30 16:15:00,21,2026-10-01 10:00:33,2026-10-01 11:40:11,Y,N,752.0,757.0,752.0,757.0,4239.79096602,757.0,757.0,0.0,0.0,buy:changed_close,match
2026-09-30 16:20:00,21,2026-10-01 10:00:33,2026-10-01 11:40:11,Y,N,758.0,759.0,757.0,759.0,24476.32998259,759.0,759.0,0.0,0.0,buy:changed_close,match
2026-09-30 16:30:00,21,2026-10-01 10:00:33,2026-10-01 11:40:11,Y,N,757.0,757.0,755.0,755.0,1744.58874804,755.0,755.0,0.0,0.0,buy:changed_close,match
2026-09-30 16:35:00,21,2026-10-01 10:00:33,2026-10-01 11:40:11,Y,N,760.0,760.0,759.0,759.0,3037.12584256,759.0,759.0,0.0,0.0,buy:changed_close,match
2026-09-30 16:40:00,21,2026-10-01 10:00:33,2026-10-01 11:40:11,Y,N,759.0,759.0,757.0,759.0,4168.69570734,759.0,759.0,0.0,0.0,buy:changed_close,match
2026-09-30 16:45:00,21,2026-10-01 10:00:33,2026-10-01 11:40:11,Y,N,761.0,762.0,760.0,762.0,16064.46547035,762.0,762.0,0.0,0.0,buy:changed_close;sell:rt,match
2026-09-30 16:50:00,21,2026-10-01 10:00:33,2026-10-01 11:40:11,Y,N,763.0,764.0,762.0,762.0,2226.59911259,762.0,763.0,0.0,1.0,buy:changed_close;sell:missing_bar,match
2026-09-30 16:55:00,21,2026-10-01 10:00:33,2026-10-01 11:40:11,Y,N,762.0,762.0,759.0,759.0,2830.09243005,759.0,759.0,0.0,0.0,buy:changed_close;sell:rt,match
2026-09-30 17:00:00,21,2026-10-01 10:00:33,2026-10-01 11:40:11,Y,N,759.0,760.0,758.0,759.0,2360.15179552,759.0,759.0,0.0,0.0,buy:changed_close;sell:rt,match
2026-09-30 18:55:00,1,2026-10-01 11:50:12,2026-10-01 11:50:12,N,Y,754.0,756.0,754.0,756.0,7985.59608177,756.0,,0.0,,buy:rt;sell:rt,match
2026-09-30 19:00:00,2,2026-10-01 11:50:12,2026-10-01 11:55:11,N,N,754.0,755.0,753.0,755.0,6654.8031883,755.0,,0.0,,buy:rt;sell:rt,match
2026-09-30 19:05:00,2,2026-10-01 11:55:11,2026-10-01 12:00:10,N,N,756.0,758.0,754.0,754.0,592.51584164,754.0,756.0,0.0,2.0,buy:rt;sell:missing_bar,backfill_mismatch
2026-09-30 19:10:00,1,2026-10-01 12:05:10,2026-10-01 12:05:10,N,Y,754.0,754.0,753.0,753.0,525.30102772,753.0,,0.0,,buy:rt;sell:rt,match
2026-09-30 19:15:00,1,2026-10-01 12:10:10,2026-10-01 12:10:10,N,Y,753.0,754.0,752.0,752.0,31937.85949191,752.0,,0.0,,buy:rt;sell:rt,match
2026-09-30 19:20:00,1,2026-10-01 12:15:10,2026-10-01 12:15:10,N,Y,752.0,755.0,752.0,754.0,411.31594131,754.0,,0.0,,buy:rt;sell:rt,match
2026-09-30 19:25:00,1,2026-10-01 12:20:10,2026-10-01 12:20:10,N,Y,753.0,753.0,753.0,753.0,3497.21951773,753.0,,0.0,,buy:rt,match
2026-09-30 19:30:00,1,2026-10-01 12:25:11,2026-10-01 12:25:11,N,Y,752.0,757.0,752.0,756.0,9179.99754167,756.0,,0.0,,buy:rt,match
2026-09-30 19:35:00,2,2026-10-01 12:25:11,2026-10-01 12:30:11,N,N,756.0,758.0,756.0,757.0,74768.39895465,757.0,,0.0,,buy:rt,match
2026-09-30 19:40:00,1,2026-10-01 12:35:11,2026-10-01 12:35:11,N,Y,755.0,755.0,755.0,755.0,626.89847129,755.0,,0.0,,buy:rt,match
2026-09-30 19:45:00,1,2026-10-01 12:40:10,2026-10-01 12:40:10,N,Y,755.0,755.0,753.0,753.0,8274.98675929,753.0,,0.0,,buy:rt;sell:rt,match
2026-09-30 19:50:00,2,2026-10-01 12:40:10,2026-10-01 12:45:05,N,N,752.0,754.0,751.0,753.0,35.30752876,753.0,,0.0,,buy:rt;sell:rt,match
2026-09-30 19:55:00,2,2026-10-01 12:45:05,2026-10-01 12:50:10,N,N,751.0,754.0,751.0,753.0,30338.00147586,753.0,,0.0,,buy:rt;sell:rt,match
